condition,algorithm,seed,corruption,severity_averaged_error
balanced,erm,1,gaussian_noise,0.3638
balanced,erm,1,defocus_blur,0.38380000000000003
balanced,erm,1,snow,0.2292
balanced,erm,1,contrast,0.13
balanced,groupdro,1,gaussian_noise,0.4324
balanced,groupdro,1,defocus_blur,0.4596
balanced,groupdro,1,snow,0.3588
balanced,groupdro,1,contrast,0.1986
balanced,iro,1,gaussian_noise,0.4002
balanced,iro,1,defocus_blur,0.41200000000000003
balanced,iro,1,snow,0.3044
balanced,iro,1,contrast,0.16560000000000002
long_tail,erm,1,gaussian_noise,0.34120000000000006
long_tail,erm,1,defocus_blur,0.3686
long_tail,erm,1,snow,0.24459999999999998
long_tail,erm,1,contrast,0.14640000000000003
long_tail,groupdro,1,gaussian_noise,0.4742
long_tail,groupdro,1,defocus_blur,0.47400000000000003
long_tail,groupdro,1,snow,0.36219999999999997
long_tail,groupdro,1,contrast,0.22679999999999997
long_tail,iro,1,gaussian_noise,0.4404
long_tail,iro,1,defocus_blur,0.46040000000000003
long_tail,iro,1,snow,0.3188
long_tail,iro,1,contrast,0.1872
missing,erm,1,gaussian_noise,0.35059999999999997
missing,erm,1,defocus_blur,0.38259999999999994
missing,erm,1,snow,0.2636
missing,erm,1,contrast,0.15760000000000002
missing,groupdro,1,gaussian_noise,0.4225999999999999
missing,groupdro,1,defocus_blur,0.42380000000000007
missing,groupdro,1,snow,0.289
missing,groupdro,1,contrast,0.18780000000000002
missing,iro,1,gaussian_noise,0.4622
missing,iro,1,defocus_blur,0.4588
missing,iro,1,snow,0.3244
missing,iro,1,contrast,0.22119999999999998
balanced,erm,2,gaussian_noise,0.36179999999999995
balanced,erm,2,defocus_blur,0.3922
balanced,erm,2,snow,0.2318
balanced,erm,2,contrast,0.1416
balanced,groupdro,2,gaussian_noise,0.4234
balanced,groupdro,2,defocus_blur,0.44719999999999993
balanced,groupdro,2,snow,0.3574
balanced,groupdro,2,contrast,0.2116
balanced,iro,2,gaussian_noise,0.399
balanced,iro,2,defocus_blur,0.442
balanced,iro,2,snow,0.2666
balanced,iro,2,contrast,0.1628
long_tail,erm,2,gaussian_noise,0.352
long_tail,erm,2,defocus_blur,0.3814
long_tail,erm,2,snow,0.23360000000000003
long_tail,erm,2,contrast,0.13999999999999999
long_tail,groupdro,2,gaussian_noise,0.47000000000000003
long_tail,groupdro,2,defocus_blur,0.47520000000000007
long_tail,groupdro,2,snow,0.363
long_tail,groupdro,2,contrast,0.22859999999999997
long_tail,iro,2,gaussian_noise,0.43360000000000004
long_tail,iro,2,defocus_blur,0.4812
long_tail,iro,2,snow,0.31860000000000005
long_tail,iro,2,contrast,0.20400000000000001
missing,erm,2,gaussian_noise,0.3468
missing,erm,2,defocus_blur,0.38180000000000003
missing,erm,2,snow,0.24820000000000003
missing,erm,2,contrast,0.1574
missing,groupdro,2,gaussian_noise,0.4366
missing,groupdro,2,defocus_blur,0.4473999999999999
missing,groupdro,2,snow,0.31179999999999997
missing,groupdro,2,contrast,0.21100000000000002
missing,iro,2,gaussian_noise,0.42539999999999994
missing,iro,2,defocus_blur,0.4526
missing,iro,2,snow,0.3026
missing,iro,2,contrast,0.18980000000000002
