condition,algorithm,seed,lambda,clean_top1,mean_domain_error,worst_domain_error,cvar_alpha,domain_cvar_error
balanced,erm,1,0.0,0.904,0.2767,0.38380000000000003,0.5,0.3738
balanced,erm,1,0.0,0.904,0.2767,0.38380000000000003,0.75,0.38380000000000003
balanced,erm,1,0.0,0.904,0.2767,0.38380000000000003,0.9,0.3838000000000001
balanced,groupdro,1,0.0,0.844,0.36234999999999995,0.4596,0.5,0.446
balanced,groupdro,1,0.0,0.844,0.36234999999999995,0.4596,0.75,0.4596
balanced,groupdro,1,0.0,0.844,0.36234999999999995,0.4596,0.9,0.45960000000000006
balanced,iro,1,0.0,0.865,0.32055,0.41200000000000003,0.5,0.4061
balanced,iro,1,0.0,0.865,0.32055,0.41200000000000003,0.75,0.41200000000000003
balanced,iro,1,0.0,0.865,0.32055,0.41200000000000003,0.9,0.41200000000000003
long_tail,erm,1,0.0,0.887,0.2752,0.3686,0.5,0.3549
long_tail,erm,1,0.0,0.887,0.2752,0.3686,0.75,0.3686
long_tail,erm,1,0.0,0.887,0.2752,0.3686,0.9,0.3686
long_tail,groupdro,1,0.0,0.809,0.3843,0.4742,0.5,0.4741
long_tail,groupdro,1,0.0,0.809,0.3843,0.4742,0.75,0.4742
long_tail,groupdro,1,0.0,0.809,0.3843,0.4742,0.9,0.4742
long_tail,iro,1,0.0,0.841,0.3517,0.46040000000000003,0.5,0.4504
long_tail,iro,1,0.0,0.841,0.3517,0.46040000000000003,0.75,0.46040000000000003
long_tail,iro,1,0.0,0.841,0.3517,0.46040000000000003,0.9,0.46040000000000003
missing,erm,1,0.0,0.884,0.28859999999999997,0.38259999999999994,0.5,0.3665999999999999
missing,erm,1,0.0,0.884,0.28859999999999997,0.38259999999999994,0.75,0.38259999999999994
missing,erm,1,0.0,0.884,0.28859999999999997,0.38259999999999994,0.9,0.3826
missing,groupdro,1,0.0,0.846,0.3308,0.42380000000000007,0.5,0.4232
missing,groupdro,1,0.0,0.846,0.3308,0.42380000000000007,0.75,0.42380000000000007
missing,groupdro,1,0.0,0.846,0.3308,0.42380000000000007,0.9,0.4238
missing,iro,1,0.0,0.816,0.36665000000000003,0.4622,0.5,0.4605
missing,iro,1,0.0,0.816,0.36665000000000003,0.4622,0.75,0.4622
missing,iro,1,0.0,0.816,0.36665000000000003,0.4622,0.9,0.4622
balanced,erm,2,0.0,0.883,0.28185,0.3922,0.5,0.377
balanced,erm,2,0.0,0.883,0.28185,0.3922,0.75,0.3922
balanced,erm,2,0.0,0.883,0.28185,0.3922,0.9,0.3922
balanced,groupdro,2,0.0,0.834,0.3599,0.44719999999999993,0.5,0.43529999999999996
balanced,groupdro,2,0.0,0.834,0.3599,0.44719999999999993,0.75,0.44719999999999993
balanced,groupdro,2,0.0,0.834,0.3599,0.44719999999999993,0.9,0.44719999999999993
balanced,iro,2,0.0,0.865,0.3176,0.442,0.5,0.4205
balanced,iro,2,0.0,0.865,0.3176,0.442,0.75,0.442
balanced,iro,2,0.0,0.865,0.3176,0.442,0.9,0.442
long_tail,erm,2,0.0,0.89,0.27675,0.3814,0.5,0.3667
long_tail,erm,2,0.0,0.89,0.27675,0.3814,0.75,0.3814
long_tail,erm,2,0.0,0.89,0.27675,0.3814,0.9,0.3814
long_tail,groupdro,2,0.0,0.813,0.3842,0.47520000000000007,0.5,0.4726
long_tail,groupdro,2,0.0,0.813,0.3842,0.47520000000000007,0.75,0.47520000000000007
long_tail,groupdro,2,0.0,0.813,0.3842,0.47520000000000007,0.9,0.4752
long_tail,iro,2,0.0,0.84,0.35935,0.4812,0.5,0.45740000000000003
long_tail,iro,2,0.0,0.84,0.35935,0.4812,0.75,0.4812
long_tail,iro,2,0.0,0.84,0.35935,0.4812,0.9,0.4812
missing,erm,2,0.0,0.883,0.28355,0.38180000000000003,0.5,0.3643
missing,erm,2,0.0,0.883,0.28355,0.38180000000000003,0.75,0.38180000000000003
missing,erm,2,0.0,0.883,0.28355,0.38180000000000003,0.9,0.38180000000000003
missing,groupdro,2,0.0,0.835,0.35169999999999996,0.4473999999999999,0.5,0.44199999999999995
missing,groupdro,2,0.0,0.835,0.35169999999999996,0.4473999999999999,0.75,0.4473999999999999
missing,groupdro,2,0.0,0.835,0.35169999999999996,0.4473999999999999,0.9,0.4473999999999999
missing,iro,2,0.0,0.844,0.34259999999999996,0.4526,0.5,0.43899999999999995
missing,iro,2,0.0,0.844,0.34259999999999996,0.4526,0.75,0.4526
missing,iro,2,0.0,0.844,0.34259999999999996,0.4526,0.9,0.4526
