condition,algorithm,cvar_alpha,clean_top1,clean_top1,clean_top1,mean_domain_error,mean_domain_error,mean_domain_error,worst_domain_error,worst_domain_error,worst_domain_error,domain_cvar_error,domain_cvar_error,domain_cvar_error
,,,mean,std,count,mean,std,count,mean,std,count,mean,std,count
balanced,erm,0.5,0.8935,0.014849242404917471,2,0.279275,0.0036415999231107113,2,0.388,0.0059396969619669735,2,0.3754,0.0022627416997969383,2
balanced,erm,0.75,0.8935,0.014849242404917471,2,0.279275,0.0036415999231107113,2,0.388,0.0059396969619669735,2,0.388,0.0059396969619669735,2
balanced,erm,0.9,0.8935,0.014849242404917471,2,0.279275,0.0036415999231107113,2,0.388,0.0059396969619669735,2,0.388,0.0059396969619669535,2
balanced,groupdro,0.5,0.839,0.007071067811865481,2,0.361125,0.0017324116139070076,2,0.45339999999999997,0.008768124086713245,2,0.44065,0.007566042558696089,2
balanced,groupdro,0.75,0.839,0.007071067811865481,2,0.361125,0.0017324116139070076,2,0.45339999999999997,0.008768124086713245,2,0.45339999999999997,0.008768124086713245,2
balanced,groupdro,0.9,0.839,0.007071067811865481,2,0.361125,0.0017324116139070076,2,0.45339999999999997,0.008768124086713245,2,0.4534,0.008768124086713304,2
balanced,iro,0.5,0.865,0.0,2,0.319075,0.002085965004500321,2,0.42700000000000005,0.021213203435596385,2,0.4133,0.010182337649086262,2
balanced,iro,0.75,0.865,0.0,2,0.319075,0.002085965004500321,2,0.42700000000000005,0.021213203435596385,2,0.42700000000000005,0.021213203435596385,2
balanced,iro,0.9,0.865,0.0,2,0.319075,0.002085965004500321,2,0.42700000000000005,0.021213203435596385,2,0.42700000000000005,0.021213203435596385,2
long_tail,erm,0.5,0.8885000000000001,0.002121320343559605,2,0.27597499999999997,0.0010960155108391653,2,0.375,0.009050966799187833,2,0.3608,0.008343860018001284,2
long_tail,erm,0.75,0.8885000000000001,0.002121320343559605,2,0.27597499999999997,0.0010960155108391653,2,0.375,0.009050966799187833,2,0.375,0.009050966799187833,2
long_tail,erm,0.9,0.8885000000000001,0.002121320343559605,2,0.27597499999999997,0.0010960155108391653,2,0.375,0.009050966799187833,2,0.375,0.009050966799187833,2
long_tail,groupdro,0.5,0.8109999999999999,0.0028284271247461536,2,0.38425,7.071067811864696e-05,2,0.4747,0.000707106781186607,2,0.47335000000000005,0.0010606601717798418,2
long_tail,groupdro,0.75,0.8109999999999999,0.0028284271247461536,2,0.38425,7.071067811864696e-05,2,0.4747,0.000707106781186607,2,0.4747,0.000707106781186607,2
long_tail,groupdro,0.9,0.8109999999999999,0.0028284271247461536,2,0.38425,7.071067811864696e-05,2,0.4747,0.000707106781186607,2,0.4747,0.0007071067811865482,2
long_tail,iro,0.5,0.8405,0.0007071067811865874,2,0.355525,0.005409366876077101,2,0.4708,0.014707821048680198,2,0.4539,0.004949747468305837,2
long_tail,iro,0.75,0.8405,0.0007071067811865874,2,0.355525,0.005409366876077101,2,0.4708,0.014707821048680198,2,0.4708,0.014707821048680198,2
long_tail,iro,0.9,0.8405,0.0007071067811865874,2,0.355525,0.005409366876077101,2,0.4708,0.014707821048680198,2,0.4708,0.014707821048680198,2
missing,erm,0.5,0.8835,0.0007071067811865089,2,0.28607499999999997,0.0035708892449920052,2,0.3822,0.0005656854249491757,2,0.36544999999999994,0.0016263455967289783,2
missing,erm,0.75,0.8835,0.0007071067811865089,2,0.28607499999999997,0.0035708892449920052,2,0.3822,0.0005656854249491757,2,0.3822,0.0005656854249491757,2
missing,erm,0.9,0.8835,0.0007071067811865089,2,0.28607499999999997,0.0035708892449920052,2,0.3822,0.0005656854249491757,2,0.3822,0.0005656854249491953,2
missing,groupdro,0.5,0.8405,0.007778174593052069,2,0.34124999999999994,0.014778531726798844,2,0.4356,0.016687720036002412,2,0.4326,0.013293607486307042,2
missing,groupdro,0.75,0.8405,0.007778174593052069,2,0.34124999999999994,0.014778531726798844,2,0.4356,0.016687720036002412,2,0.4356,0.016687720036002412,2
missing,groupdro,0.9,0.8405,0.007778174593052069,2,0.34124999999999994,0.014778531726798844,2,0.4356,0.016687720036002412,2,0.4356,0.01668772003600243,2
missing,iro,0.5,0.83,0.019798989873223347,2,0.35462499999999997,0.0170059180875365,2,0.45740000000000003,0.006788225099390874,2,0.44975,0.015202795795510824,2
missing,iro,0.75,0.83,0.019798989873223347,2,0.35462499999999997,0.0170059180875365,2,0.45740000000000003,0.006788225099390874,2,0.45740000000000003,0.006788225099390874,2
missing,iro,0.9,0.83,0.019798989873223347,2,0.35462499999999997,0.0170059180875365,2,0.45740000000000003,0.006788225099390874,2,0.45740000000000003,0.006788225099390874,2
