condition,algorithm,seed,lambda,domain_id,train_count,test_accuracy,loss,empirical_weight,deployment_weight,source,alpha_eval,head_domain_id,tail_domain_id,is_head_domain,is_tail_domain
missing_tail,iro,0,,0.1,6000,0.8585,0.46216273307800293,0.75,0.25,main_eval,,0.1,0.9,1,0
missing_tail,iro,0,,0.2,1500,0.781,0.5207273066043854,0.1875,0.25,main_eval,,0.1,0.9,0,0
missing_tail,iro,0,,0.5,500,0.6138,0.6772560477256775,0.0625,0.25,main_eval,,0.1,0.9,0,0
missing_tail,iro,0,,0.9,0,0.4415,0.8703172504901886,0.0,0.25,main_eval,,0.1,0.9,0,1
near_missing_tail,groupdro,2,,0.1,5800,0.8595,0.5301524698734283,0.725,0.25,main_eval,,0.1,0.9,1,0
near_missing_tail,groupdro,2,,0.2,1800,0.7811,0.9025213718414307,0.225,0.25,main_eval,,0.1,0.9,0,0
near_missing_tail,groupdro,2,,0.5,350,0.5522,1.9683070182800293,0.04375,0.25,main_eval,,0.1,0.9,0,0
near_missing_tail,groupdro,2,,0.9,50,0.2412,3.4351502656936646,0.00625,0.25,main_eval,,0.1,0.9,0,1
balanced_visible,irm,4,,0.1,2000,0.7082,0.7930172681808472,0.25,0.25,main_eval,,0.1,0.9,1,0
balanced_visible,irm,4,,0.2,2000,0.6975,0.8231088817119598,0.25,0.25,main_eval,,0.1,0.9,0,0
balanced_visible,irm,4,,0.5,2000,0.6594,0.9583077430725098,0.25,0.25,main_eval,,0.1,0.9,0,0
balanced_visible,irm,4,,0.9,2000,0.6115,1.1471400260925293,0.25,0.25,main_eval,,0.1,0.9,0,1
near_missing_tail,irm,1,,0.1,5800,0.7867,0.5058202892541885,0.725,0.25,main_eval,,0.1,0.9,1,0
near_missing_tail,irm,1,,0.2,1800,0.7415,0.6332432329654694,0.225,0.25,main_eval,,0.1,0.9,0,0
near_missing_tail,irm,1,,0.5,350,0.6094,1.022420883178711,0.04375,0.25,main_eval,,0.1,0.9,0,0
near_missing_tail,irm,1,,0.9,50,0.4508,1.53385591506958,0.00625,0.25,main_eval,,0.1,0.9,0,1
missing_tail,irm,3,,0.1,6000,0.8231,0.4933314770460129,0.75,0.25,main_eval,,0.1,0.9,1,0
missing_tail,irm,3,,0.2,1500,0.764,0.707258939743042,0.1875,0.25,main_eval,,0.1,0.9,0,0
missing_tail,irm,3,,0.5,500,0.5943,1.3164405822753906,0.0625,0.25,main_eval,,0.1,0.9,0,0
missing_tail,irm,3,,0.9,0,0.3804,2.1506645679473877,0.0,0.25,main_eval,,0.1,0.9,0,1
balanced_visible,iro,3,,0.1,2000,0.6603,0.6426626443862915,0.25,0.25,main_eval,,0.1,0.9,1,0
balanced_visible,iro,3,,0.2,2000,0.6675,0.6407268643379211,0.25,0.25,main_eval,,0.1,0.9,0,0
balanced_visible,iro,3,,0.5,2000,0.6637,0.6336837708950043,0.25,0.25,main_eval,,0.1,0.9,0,0
balanced_visible,iro,3,,0.9,2000,0.6684,0.6341187655925751,0.25,0.25,main_eval,,0.1,0.9,0,1
balanced_visible,erm,3,,0.1,2000,0.6889,0.9962199628353119,0.25,0.25,main_eval,,0.1,0.9,1,0
balanced_visible,erm,3,,0.2,2000,0.6817,1.019247829914093,0.25,0.25,main_eval,,0.1,0.9,0,0
balanced_visible,erm,3,,0.5,2000,0.6462,1.1771247386932373,0.25,0.25,main_eval,,0.1,0.9,0,0
balanced_visible,erm,3,,0.9,2000,0.6029,1.3592893481254578,0.25,0.25,main_eval,,0.1,0.9,0,1
long_tail_visible,erm,3,,0.1,5000,0.8328,0.612105131149292,0.625,0.25,main_eval,,0.1,0.9,1,0
long_tail_visible,erm,3,,0.2,2000,0.766,0.9459195733070374,0.25,0.25,main_eval,,0.1,0.9,0,0
long_tail_visible,erm,3,,0.5,800,0.5728,1.9115801453590393,0.1,0.25,main_eval,,0.1,0.9,0,0
long_tail_visible,erm,3,,0.9,200,0.309,3.192688465118408,0.025,0.25,main_eval,,0.1,0.9,0,1
long_tail_visible,irm,0,,0.1,5000,0.765,0.608215868473053,0.625,0.25,main_eval,,0.1,0.9,1,0
long_tail_visible,irm,0,,0.2,2000,0.7276,0.7190581858158112,0.25,0.25,main_eval,,0.1,0.9,0,0
long_tail_visible,irm,0,,0.5,800,0.6305,1.0021969974040985,0.1,0.25,main_eval,,0.1,0.9,0,0
long_tail_visible,irm,0,,0.9,200,0.4898,1.4429584741592407,0.025,0.25,main_eval,,0.1,0.9,0,1
near_missing_tail,groupdro,0,,0.1,5800,0.8595,0.5500497221946716,0.725,0.25,main_eval,,0.1,0.9,1,0
near_missing_tail,groupdro,0,,0.2,1800,0.778,0.9190883338451385,0.225,0.25,main_eval,,0.1,0.9,0,0
near_missing_tail,groupdro,0,,0.5,350,0.5576,1.9933494329452515,0.04375,0.25,main_eval,,0.1,0.9,0,0
near_missing_tail,groupdro,0,,0.9,50,0.2452,3.5387109518051147,0.00625,0.25,main_eval,,0.1,0.9,0,1
long_tail_visible,erm,0,,0.1,5000,0.8454,0.5966571569442749,0.625,0.25,main_eval,,0.1,0.9,1,0
long_tail_visible,erm,0,,0.2,2000,0.7683,0.9434833824634552,0.25,0.25,main_eval,,0.1,0.9,0,0
long_tail_visible,erm,0,,0.5,800,0.5717,1.9164144396781921,0.1,0.25,main_eval,,0.1,0.9,0,0
long_tail_visible,erm,0,,0.9,200,0.2833,3.3361032009124756,0.025,0.25,main_eval,,0.1,0.9,0,1
near_missing_tail,iro,0,,0.1,5800,0.8152,0.4975550025701523,0.725,0.25,main_eval,,0.1,0.9,1,0
near_missing_tail,iro,0,,0.2,1800,0.7601,0.5422268509864807,0.225,0.25,main_eval,,0.1,0.9,0,0
near_missing_tail,iro,0,,0.5,350,0.6031,0.7159762978553772,0.04375,0.25,main_eval,,0.1,0.9,0,0
near_missing_tail,iro,0,,0.9,50,0.3964,1.0003728866577148,0.00625,0.25,main_eval,,0.1,0.9,0,1
balanced_visible,irm,2,,0.1,2000,0.7024,0.8442775309085846,0.25,0.25,main_eval,,0.1,0.9,1,0
balanced_visible,irm,2,,0.2,2000,0.698,0.8431642353534698,0.25,0.25,main_eval,,0.1,0.9,0,0
balanced_visible,irm,2,,0.5,2000,0.6605,0.9613475799560547,0.25,0.25,main_eval,,0.1,0.9,0,0
balanced_visible,irm,2,,0.9,2000,0.6303,1.0925143361091614,0.25,0.25,main_eval,,0.1,0.9,0,1
near_missing_tail,groupdro,3,,0.1,5800,0.8514,0.5441519916057587,0.725,0.25,main_eval,,0.1,0.9,1,0
near_missing_tail,groupdro,3,,0.2,1800,0.7748,0.9234665334224701,0.225,0.25,main_eval,,0.1,0.9,0,0
near_missing_tail,groupdro,3,,0.5,350,0.5535,2.0081149339675903,0.04375,0.25,main_eval,,0.1,0.9,0,0
near_missing_tail,groupdro,3,,0.9,50,0.2516,3.4457706212997437,0.00625,0.25,main_eval,,0.1,0.9,0,1
missing_tail,inftask,4,,0.1,6000,0.8615,0.4566968232393265,0.75,0.25,main_eval,,0.1,0.9,1,0
missing_tail,inftask,4,,0.2,1500,0.7898,0.5120845139026642,0.1875,0.25,main_eval,,0.1,0.9,0,0
missing_tail,inftask,4,,0.5,500,0.6094,0.7204625606536865,0.0625,0.25,main_eval,,0.1,0.9,0,0
missing_tail,inftask,4,,0.9,0,0.413,0.9927124083042145,0.0,0.25,main_eval,,0.1,0.9,0,1
balanced_visible,erm,0,,0.1,2000,0.6964,0.976937860250473,0.25,0.25,main_eval,,0.1,0.9,1,0
balanced_visible,erm,0,,0.2,2000,0.6772,1.064643383026123,0.25,0.25,main_eval,,0.1,0.9,0,0
balanced_visible,erm,0,,0.5,2000,0.6443,1.1719672679901123,0.25,0.25,main_eval,,0.1,0.9,0,0
balanced_visible,erm,0,,0.9,2000,0.5947,1.368902325630188,0.25,0.25,main_eval,,0.1,0.9,0,1
near_missing_tail,inftask,4,,0.1,5800,0.8227,0.4990123212337494,0.725,0.25,main_eval,,0.1,0.9,1,0
near_missing_tail,inftask,4,,0.2,1800,0.7708,0.5372072160243988,0.225,0.25,main_eval,,0.1,0.9,0,0
near_missing_tail,inftask,4,,0.5,350,0.6211,0.6957775950431824,0.04375,0.25,main_eval,,0.1,0.9,0,0
near_missing_tail,inftask,4,,0.9,50,0.4217,0.9574873745441437,0.00625,0.25,main_eval,,0.1,0.9,0,1
near_missing_tail,iro,3,,0.1,5800,0.788,0.5425957441329956,0.725,0.25,main_eval,,0.1,0.9,1,0
near_missing_tail,iro,3,,0.2,1800,0.7514,0.5692963302135468,0.225,0.25,main_eval,,0.1,0.9,0,0
near_missing_tail,iro,3,,0.5,350,0.615,0.6645048558712006,0.04375,0.25,main_eval,,0.1,0.9,0,0
near_missing_tail,iro,3,,0.9,50,0.4668,0.8161863386631012,0.00625,0.25,main_eval,,0.1,0.9,0,1
long_tail_visible,erm,4,,0.1,5000,0.8426,0.5538958609104156,0.625,0.25,main_eval,,0.1,0.9,1,0
long_tail_visible,erm,4,,0.2,2000,0.774,0.8980384171009064,0.25,0.25,main_eval,,0.1,0.9,0,0
long_tail_visible,erm,4,,0.5,800,0.5552,1.9884881973266602,0.1,0.25,main_eval,,0.1,0.9,0,0
long_tail_visible,erm,4,,0.9,200,0.2796,3.357617497444153,0.025,0.25,main_eval,,0.1,0.9,0,1
balanced_visible,erm,2,,0.1,2000,0.6996,0.9728759825229645,0.25,0.25,main_eval,,0.1,0.9,1,0
balanced_visible,erm,2,,0.2,2000,0.6911,0.9964319467544556,0.25,0.25,main_eval,,0.1,0.9,0,0
balanced_visible,erm,2,,0.5,2000,0.6468,1.1719568371772766,0.25,0.25,main_eval,,0.1,0.9,0,0
balanced_visible,erm,2,,0.9,2000,0.5977,1.3894757628440857,0.25,0.25,main_eval,,0.1,0.9,0,1
missing_tail,iro,1,,0.1,6000,0.8522,0.4461664706468582,0.75,0.25,main_eval,,0.1,0.9,1,0
missing_tail,iro,1,,0.2,1500,0.7779,0.5088277757167816,0.1875,0.25,main_eval,,0.1,0.9,0,0
missing_tail,iro,1,,0.5,500,0.6279,0.7029286623001099,0.0625,0.25,main_eval,,0.1,0.9,0,0
missing_tail,iro,1,,0.9,0,0.4518,0.9664013683795929,0.0,0.25,main_eval,,0.1,0.9,0,1
long_tail_visible,groupdro,0,,0.1,5000,0.8341,0.5865647494792938,0.625,0.25,main_eval,,0.1,0.9,1,0
long_tail_visible,groupdro,0,,0.2,2000,0.7613,0.8950932919979095,0.25,0.25,main_eval,,0.1,0.9,0,0
long_tail_visible,groupdro,0,,0.5,800,0.5794,1.757384479045868,0.1,0.25,main_eval,,0.1,0.9,0,0
long_tail_visible,groupdro,0,,0.9,200,0.3156,3.009666323661804,0.025,0.25,main_eval,,0.1,0.9,0,1
near_missing_tail,irm,2,,0.1,5800,0.7625,0.5618936419487,0.725,0.25,main_eval,,0.1,0.9,1,0
near_missing_tail,irm,2,,0.2,1800,0.7262,0.6703277230262756,0.225,0.25,main_eval,,0.1,0.9,0,0
near_missing_tail,irm,2,,0.5,350,0.6215,1.0061540603637695,0.04375,0.25,main_eval,,0.1,0.9,0,0
near_missing_tail,irm,2,,0.9,50,0.4723,1.466395080089569,0.00625,0.25,main_eval,,0.1,0.9,0,1
missing_tail,irm,2,,0.1,6000,0.813,0.5033533275127411,0.75,0.25,main_eval,,0.1,0.9,1,0
missing_tail,irm,2,,0.2,1500,0.7552,0.719274640083313,0.1875,0.25,main_eval,,0.1,0.9,0,0
missing_tail,irm,2,,0.5,500,0.6054,1.30933278799057,0.0625,0.25,main_eval,,0.1,0.9,0,0
missing_tail,irm,2,,0.9,0,0.3945,2.0806514024734497,0.0,0.25,main_eval,,0.1,0.9,0,1
near_missing_tail,inftask,2,,0.1,5800,0.8131,0.49208638072013855,0.725,0.25,main_eval,,0.1,0.9,1,0
near_missing_tail,inftask,2,,0.2,1800,0.7561,0.5388678014278412,0.225,0.25,main_eval,,0.1,0.9,0,0
near_missing_tail,inftask,2,,0.5,350,0.6222,0.6975077390670776,0.04375,0.25,main_eval,,0.1,0.9,0,0
near_missing_tail,inftask,2,,0.9,50,0.4311,0.9459068179130554,0.00625,0.25,main_eval,,0.1,0.9,0,1
balanced_visible,groupdro,4,,0.1,2000,0.6941,0.999164491891861,0.25,0.25,main_eval,,0.1,0.9,1,0
balanced_visible,groupdro,4,,0.2,2000,0.6787,1.0419032573699951,0.25,0.25,main_eval,,0.1,0.9,0,0
balanced_visible,groupdro,4,,0.5,2000,0.6443,1.2137430906295776,0.25,0.25,main_eval,,0.1,0.9,0,0
balanced_visible,groupdro,4,,0.9,2000,0.596,1.4516446590423584,0.25,0.25,main_eval,,0.1,0.9,0,1
missing_tail,erm,0,,0.1,6000,0.8679,0.5142185688018799,0.75,0.25,main_eval,,0.1,0.9,1,0
missing_tail,erm,0,,0.2,1500,0.7835,0.9837054908275604,0.1875,0.25,main_eval,,0.1,0.9,0,0
missing_tail,erm,0,,0.5,500,0.5467,2.200520634651184,0.0625,0.25,main_eval,,0.1,0.9,0,0
missing_tail,erm,0,,0.9,0,0.245,3.7843185663223267,0.0,0.25,main_eval,,0.1,0.9,0,1
near_missing_tail,irm,0,,0.1,5800,0.776,0.567878931760788,0.725,0.25,main_eval,,0.1,0.9,1,0
near_missing_tail,irm,0,,0.2,1800,0.7379,0.690096527338028,0.225,0.25,main_eval,,0.1,0.9,0,0
near_missing_tail,irm,0,,0.5,350,0.6214,1.0223169028759003,0.04375,0.25,main_eval,,0.1,0.9,0,0
near_missing_tail,irm,0,,0.9,50,0.4553,1.534233033657074,0.00625,0.25,main_eval,,0.1,0.9,0,1
missing_tail,inftask,2,,0.1,6000,0.847,0.48447223007678986,0.75,0.25,main_eval,,0.1,0.9,1,0
missing_tail,inftask,2,,0.2,1500,0.7789,0.5311159491539001,0.1875,0.25,main_eval,,0.1,0.9,0,0
missing_tail,inftask,2,,0.5,500,0.6154,0.6867093443870544,0.0625,0.25,main_eval,,0.1,0.9,0,0
missing_tail,inftask,2,,0.9,0,0.4525,0.8823977410793304,0.0,0.25,main_eval,,0.1,0.9,0,1
long_tail_visible,groupdro,2,,0.1,5000,0.8348,0.5433537065982819,0.625,0.25,main_eval,,0.1,0.9,1,0
long_tail_visible,groupdro,2,,0.2,2000,0.7691,0.8699595928192139,0.25,0.25,main_eval,,0.1,0.9,0,0
long_tail_visible,groupdro,2,,0.5,800,0.5741,1.7528073191642761,0.1,0.25,main_eval,,0.1,0.9,0,0
long_tail_visible,groupdro,2,,0.9,200,0.321,2.911415934562683,0.025,0.25,main_eval,,0.1,0.9,0,1
near_missing_tail,erm,1,,0.1,5800,0.8711,0.5416145324707031,0.725,0.25,main_eval,,0.1,0.9,1,0
near_missing_tail,erm,1,,0.2,1800,0.7856,0.9773191213607788,0.225,0.25,main_eval,,0.1,0.9,0,0
near_missing_tail,erm,1,,0.5,350,0.5359,2.239370584487915,0.04375,0.25,main_eval,,0.1,0.9,0,0
near_missing_tail,erm,1,,0.9,50,0.2102,3.9336987733840942,0.00625,0.25,main_eval,,0.1,0.9,0,1
long_tail_visible,irm,4,,0.1,5000,0.768,0.5700445771217346,0.625,0.25,main_eval,,0.1,0.9,1,0
long_tail_visible,irm,4,,0.2,2000,0.7355,0.6697251796722412,0.25,0.25,main_eval,,0.1,0.9,0,0
long_tail_visible,irm,4,,0.5,800,0.6269,1.0398189425468445,0.1,0.25,main_eval,,0.1,0.9,0,0
long_tail_visible,irm,4,,0.9,200,0.4927,1.502318799495697,0.025,0.25,main_eval,,0.1,0.9,0,1
missing_tail,inftask,1,,0.1,6000,0.8518,0.4574629068374634,0.75,0.25,main_eval,,0.1,0.9,1,0
missing_tail,inftask,1,,0.2,1500,0.7823,0.5074085593223572,0.1875,0.25,main_eval,,0.1,0.9,0,0
missing_tail,inftask,1,,0.5,500,0.6197,0.7016094028949738,0.0625,0.25,main_eval,,0.1,0.9,0,0
missing_tail,inftask,1,,0.9,0,0.4582,0.9314264357089996,0.0,0.25,main_eval,,0.1,0.9,0,1
balanced_visible,inftask,0,,0.1,2000,0.6629,0.6413521468639374,0.25,0.25,main_eval,,0.1,0.9,1,0
balanced_visible,inftask,0,,0.2,2000,0.6526,0.6434844136238098,0.25,0.25,main_eval,,0.1,0.9,0,0
balanced_visible,inftask,0,,0.5,2000,0.6722,0.6275042593479156,0.25,0.25,main_eval,,0.1,0.9,0,0
balanced_visible,inftask,0,,0.9,2000,0.6626,0.6346690058708191,0.25,0.25,main_eval,,0.1,0.9,0,1
long_tail_visible,groupdro,3,,0.1,5000,0.8243,0.6042756140232086,0.625,0.25,main_eval,,0.1,0.9,1,0
long_tail_visible,groupdro,3,,0.2,2000,0.7639,0.8918171226978302,0.25,0.25,main_eval,,0.1,0.9,0,0
long_tail_visible,groupdro,3,,0.5,800,0.5794,1.7456591725349426,0.1,0.25,main_eval,,0.1,0.9,0,0
long_tail_visible,groupdro,3,,0.9,200,0.3287,2.866620421409607,0.025,0.25,main_eval,,0.1,0.9,0,1
missing_tail,groupdro,1,,0.1,6000,0.8663,0.5017639845609665,0.75,0.25,main_eval,,0.1,0.9,1,0
missing_tail,groupdro,1,,0.2,1500,0.7812,0.892130583524704,0.1875,0.25,main_eval,,0.1,0.9,0,0
missing_tail,groupdro,1,,0.5,500,0.5553,1.9832506775856018,0.0625,0.25,main_eval,,0.1,0.9,0,0
missing_tail,groupdro,1,,0.9,0,0.2326,3.458037495613098,0.0,0.25,main_eval,,0.1,0.9,0,1
missing_tail,iro,4,,0.1,6000,0.8613,0.45254214107990265,0.75,0.25,main_eval,,0.1,0.9,1,0
missing_tail,iro,4,,0.2,1500,0.7912,0.5047228336334229,0.1875,0.25,main_eval,,0.1,0.9,0,0
missing_tail,iro,4,,0.5,500,0.6079,0.7439440786838531,0.0625,0.25,main_eval,,0.1,0.9,0,0
missing_tail,iro,4,,0.9,0,0.4044,1.0476064085960388,0.0,0.25,main_eval,,0.1,0.9,0,1
missing_tail,inftask,0,,0.1,6000,0.8598,0.4739442616701126,0.75,0.25,main_eval,,0.1,0.9,1,0
missing_tail,inftask,0,,0.2,1500,0.7851,0.5254453718662262,0.1875,0.25,main_eval,,0.1,0.9,0,0
missing_tail,inftask,0,,0.5,500,0.6181,0.6678140461444855,0.0625,0.25,main_eval,,0.1,0.9,0,0
missing_tail,inftask,0,,0.9,0,0.4562,0.8372913897037506,0.0,0.25,main_eval,,0.1,0.9,0,1
long_tail_visible,irm,3,,0.1,5000,0.7553,0.6312861442565918,0.625,0.25,main_eval,,0.1,0.9,1,0
long_tail_visible,irm,3,,0.2,2000,0.7248,0.7199727892875671,0.25,0.25,main_eval,,0.1,0.9,0,0
long_tail_visible,irm,3,,0.5,800,0.631,1.017237901687622,0.1,0.25,main_eval,,0.1,0.9,0,0
long_tail_visible,irm,3,,0.9,200,0.5086,1.4030665755271912,0.025,0.25,main_eval,,0.1,0.9,0,1
missing_tail,groupdro,2,,0.1,6000,0.862,0.5699710249900818,0.75,0.25,main_eval,,0.1,0.9,1,0
missing_tail,groupdro,2,,0.2,1500,0.7766,0.9986765682697296,0.1875,0.25,main_eval,,0.1,0.9,0,0
missing_tail,groupdro,2,,0.5,500,0.5519,2.1878855228424072,0.0625,0.25,main_eval,,0.1,0.9,0,0
missing_tail,groupdro,2,,0.9,0,0.241,3.7531694173812866,0.0,0.25,main_eval,,0.1,0.9,0,1
missing_tail,iro,2,,0.1,6000,0.8509,0.47156037390232086,0.75,0.25,main_eval,,0.1,0.9,1,0
missing_tail,iro,2,,0.2,1500,0.7767,0.5229460597038269,0.1875,0.25,main_eval,,0.1,0.9,0,0
missing_tail,iro,2,,0.5,500,0.6187,0.6994031667709351,0.0625,0.25,main_eval,,0.1,0.9,0,0
missing_tail,iro,2,,0.9,0,0.4323,0.9308494329452515,0.0,0.25,main_eval,,0.1,0.9,0,1
long_tail_visible,groupdro,4,,0.1,5000,0.8343,0.5476761758327484,0.625,0.25,main_eval,,0.1,0.9,1,0
long_tail_visible,groupdro,4,,0.2,2000,0.7706,0.8537901639938354,0.25,0.25,main_eval,,0.1,0.9,0,0
long_tail_visible,groupdro,4,,0.5,800,0.5651,1.8223648071289062,0.1,0.25,main_eval,,0.1,0.9,0,0
long_tail_visible,groupdro,4,,0.9,200,0.309,3.0484379529953003,0.025,0.25,main_eval,,0.1,0.9,0,1
balanced_visible,groupdro,2,,0.1,2000,0.6941,1.031414270401001,0.25,0.25,main_eval,,0.1,0.9,1,0
balanced_visible,groupdro,2,,0.2,2000,0.6877,1.054151177406311,0.25,0.25,main_eval,,0.1,0.9,0,0
balanced_visible,groupdro,2,,0.5,2000,0.6478,1.2180145978927612,0.25,0.25,main_eval,,0.1,0.9,0,0
balanced_visible,groupdro,2,,0.9,2000,0.6031,1.4208120703697205,0.25,0.25,main_eval,,0.1,0.9,0,1
long_tail_visible,inftask,3,,0.1,5000,0.7111,0.6140217781066895,0.625,0.25,main_eval,,0.1,0.9,1,0
long_tail_visible,inftask,3,,0.2,2000,0.697,0.6215107440948486,0.25,0.25,main_eval,,0.1,0.9,0,0
long_tail_visible,inftask,3,,0.5,800,0.645,0.6458578109741211,0.1,0.25,main_eval,,0.1,0.9,0,0
long_tail_visible,inftask,3,,0.9,200,0.5891,0.7000817358493805,0.025,0.25,main_eval,,0.1,0.9,0,1
long_tail_visible,iro,1,,0.1,5000,0.7713,0.5659052431583405,0.625,0.25,main_eval,,0.1,0.9,1,0
long_tail_visible,iro,1,,0.2,2000,0.7423,0.5859496295452118,0.25,0.25,main_eval,,0.1,0.9,0,0
long_tail_visible,iro,1,,0.5,800,0.6472,0.670064389705658,0.1,0.25,main_eval,,0.1,0.9,0,0
long_tail_visible,iro,1,,0.9,200,0.5194,0.8424129486083984,0.025,0.25,main_eval,,0.1,0.9,0,1
near_missing_tail,inftask,1,,0.1,5800,0.8171,0.5460267663002014,0.725,0.25,main_eval,,0.1,0.9,1,0
near_missing_tail,inftask,1,,0.2,1800,0.7628,0.5760745108127594,0.225,0.25,main_eval,,0.1,0.9,0,0
near_missing_tail,inftask,1,,0.5,350,0.6194,0.7035020291805267,0.04375,0.25,main_eval,,0.1,0.9,0,0
near_missing_tail,inftask,1,,0.9,50,0.4426,0.9409602880477905,0.00625,0.25,main_eval,,0.1,0.9,0,1
near_missing_tail,erm,4,,0.1,5800,0.8692,0.5548819303512573,0.725,0.25,main_eval,,0.1,0.9,1,0
near_missing_tail,erm,4,,0.2,1800,0.7826,0.9766599535942078,0.225,0.25,main_eval,,0.1,0.9,0,0
near_missing_tail,erm,4,,0.5,350,0.5322,2.3180580139160156,0.04375,0.25,main_eval,,0.1,0.9,0,0
near_missing_tail,erm,4,,0.9,50,0.2139,4.012588977813721,0.00625,0.25,main_eval,,0.1,0.9,0,1
long_tail_visible,erm,1,,0.1,5000,0.8475,0.5363015234470367,0.625,0.25,main_eval,,0.1,0.9,1,0
long_tail_visible,erm,1,,0.2,2000,0.7718,0.8847427070140839,0.25,0.25,main_eval,,0.1,0.9,0,0
long_tail_visible,erm,1,,0.5,800,0.553,1.886110246181488,0.1,0.25,main_eval,,0.1,0.9,0,0
long_tail_visible,erm,1,,0.9,200,0.2669,3.245352268218994,0.025,0.25,main_eval,,0.1,0.9,0,1
near_missing_tail,groupdro,4,,0.1,5800,0.861,0.5077681839466095,0.725,0.25,main_eval,,0.1,0.9,1,0
near_missing_tail,groupdro,4,,0.2,1800,0.7839,0.8624258041381836,0.225,0.25,main_eval,,0.1,0.9,0,0
near_missing_tail,groupdro,4,,0.5,350,0.5408,1.9934181571006775,0.04375,0.25,main_eval,,0.1,0.9,0,0
near_missing_tail,groupdro,4,,0.9,50,0.2346,3.447471261024475,0.00625,0.25,main_eval,,0.1,0.9,0,1
near_missing_tail,iro,1,,0.1,5800,0.8223,0.5326157808303833,0.725,0.25,main_eval,,0.1,0.9,1,0
near_missing_tail,iro,1,,0.2,1800,0.7662,0.5678721964359283,0.225,0.25,main_eval,,0.1,0.9,0,0
near_missing_tail,iro,1,,0.5,350,0.6195,0.715184360742569,0.04375,0.25,main_eval,,0.1,0.9,0,0
near_missing_tail,iro,1,,0.9,50,0.4328,0.9818917214870453,0.00625,0.25,main_eval,,0.1,0.9,0,1
balanced_visible,erm,4,,0.1,2000,0.6973,0.9580245614051819,0.25,0.25,main_eval,,0.1,0.9,1,0
balanced_visible,erm,4,,0.2,2000,0.6828,1.004200041294098,0.25,0.25,main_eval,,0.1,0.9,0,0
balanced_visible,erm,4,,0.5,2000,0.6443,1.1803117990493774,0.25,0.25,main_eval,,0.1,0.9,0,0
balanced_visible,erm,4,,0.9,2000,0.5914,1.4249687194824219,0.25,0.25,main_eval,,0.1,0.9,0,1
balanced_visible,irm,0,,0.1,2000,0.6935,0.8398225605487823,0.25,0.25,main_eval,,0.1,0.9,1,0
balanced_visible,irm,0,,0.2,2000,0.6833,0.8937925398349762,0.25,0.25,main_eval,,0.1,0.9,0,0
balanced_visible,irm,0,,0.5,2000,0.6641,0.943577766418457,0.25,0.25,main_eval,,0.1,0.9,0,0
balanced_visible,irm,0,,0.9,2000,0.6357,1.049564242362976,0.25,0.25,main_eval,,0.1,0.9,0,1
balanced_visible,erm,1,,0.1,2000,0.7119,0.8775357007980347,0.25,0.25,main_eval,,0.1,0.9,1,0
balanced_visible,erm,1,,0.2,2000,0.6871,0.9733395278453827,0.25,0.25,main_eval,,0.1,0.9,0,0
balanced_visible,erm,1,,0.5,2000,0.6411,1.1592854261398315,0.25,0.25,main_eval,,0.1,0.9,0,0
balanced_visible,erm,1,,0.9,2000,0.5768,1.4134382605552673,0.25,0.25,main_eval,,0.1,0.9,0,1
missing_tail,erm,1,,0.1,6000,0.8698,0.5327261090278625,0.75,0.25,main_eval,,0.1,0.9,1,0
missing_tail,erm,1,,0.2,1500,0.7826,0.9625793695449829,0.1875,0.25,main_eval,,0.1,0.9,0,0
missing_tail,erm,1,,0.5,500,0.551,2.1648571491241455,0.0625,0.25,main_eval,,0.1,0.9,0,0
missing_tail,erm,1,,0.9,0,0.2208,3.8002092838287354,0.0,0.25,main_eval,,0.1,0.9,0,1
near_missing_tail,erm,0,,0.1,5800,0.8629,0.591981440782547,0.725,0.25,main_eval,,0.1,0.9,1,0
near_missing_tail,erm,0,,0.2,1800,0.7787,1.0088028609752655,0.225,0.25,main_eval,,0.1,0.9,0,0
near_missing_tail,erm,0,,0.5,350,0.5543,2.2035516500473022,0.04375,0.25,main_eval,,0.1,0.9,0,0
near_missing_tail,erm,0,,0.9,50,0.2361,3.939844250679016,0.00625,0.25,main_eval,,0.1,0.9,0,1
balanced_visible,groupdro,3,,0.1,2000,0.6814,1.054202139377594,0.25,0.25,main_eval,,0.1,0.9,1,0
balanced_visible,groupdro,3,,0.2,2000,0.6758,1.0656576752662659,0.25,0.25,main_eval,,0.1,0.9,0,0
balanced_visible,groupdro,3,,0.5,2000,0.6465,1.196056604385376,0.25,0.25,main_eval,,0.1,0.9,0,0
balanced_visible,groupdro,3,,0.9,2000,0.6172,1.3327389359474182,0.25,0.25,main_eval,,0.1,0.9,0,1
long_tail_visible,erm,2,,0.1,5000,0.8445,0.5541892945766449,0.625,0.25,main_eval,,0.1,0.9,1,0
long_tail_visible,erm,2,,0.2,2000,0.773,0.927211195230484,0.25,0.25,main_eval,,0.1,0.9,0,0
long_tail_visible,erm,2,,0.5,800,0.5618,1.9364883303642273,0.1,0.25,main_eval,,0.1,0.9,0,0
long_tail_visible,erm,2,,0.9,200,0.2873,3.277273178100586,0.025,0.25,main_eval,,0.1,0.9,0,1
missing_tail,erm,3,,0.1,6000,0.8592,0.5799132585525513,0.75,0.25,main_eval,,0.1,0.9,1,0
missing_tail,erm,3,,0.2,1500,0.7793,0.9891960322856903,0.1875,0.25,main_eval,,0.1,0.9,0,0
missing_tail,erm,3,,0.5,500,0.5413,2.2259057760238647,0.0625,0.25,main_eval,,0.1,0.9,0,0
missing_tail,erm,3,,0.9,0,0.2411,3.851678490638733,0.0,0.25,main_eval,,0.1,0.9,0,1
missing_tail,iro,3,,0.1,6000,0.8568,0.47510774433612823,0.75,0.25,main_eval,,0.1,0.9,1,0
missing_tail,iro,3,,0.2,1500,0.78,0.528656929731369,0.1875,0.25,main_eval,,0.1,0.9,0,0
missing_tail,iro,3,,0.5,500,0.6068,0.7202553153038025,0.0625,0.25,main_eval,,0.1,0.9,0,0
missing_tail,iro,3,,0.9,0,0.4249,0.9848629534244537,0.0,0.25,main_eval,,0.1,0.9,0,1
long_tail_visible,iro,3,,0.1,5000,0.7242,0.5947214663028717,0.625,0.25,main_eval,,0.1,0.9,1,0
long_tail_visible,iro,3,,0.2,2000,0.7131,0.6065499186515808,0.25,0.25,main_eval,,0.1,0.9,0,0
long_tail_visible,iro,3,,0.5,800,0.6536,0.6420868039131165,0.1,0.25,main_eval,,0.1,0.9,0,0
long_tail_visible,iro,3,,0.9,200,0.5953,0.7098481357097626,0.025,0.25,main_eval,,0.1,0.9,0,1
long_tail_visible,irm,1,,0.1,5000,0.7616,0.564173012971878,0.625,0.25,main_eval,,0.1,0.9,1,0
long_tail_visible,irm,1,,0.2,2000,0.724,0.6679607033729553,0.25,0.25,main_eval,,0.1,0.9,0,0
long_tail_visible,irm,1,,0.5,800,0.6295,0.9369163811206818,0.1,0.25,main_eval,,0.1,0.9,0,0
long_tail_visible,irm,1,,0.9,200,0.513,1.3002490997314453,0.025,0.25,main_eval,,0.1,0.9,0,1
balanced_visible,inftask,4,,0.1,2000,0.695,0.608727902173996,0.25,0.25,main_eval,,0.1,0.9,1,0
balanced_visible,inftask,4,,0.2,2000,0.6927,0.6112056374549866,0.25,0.25,main_eval,,0.1,0.9,0,0
balanced_visible,inftask,4,,0.5,2000,0.6907,0.6250406503677368,0.25,0.25,main_eval,,0.1,0.9,0,0
balanced_visible,inftask,4,,0.9,2000,0.6689,0.6610697507858276,0.25,0.25,main_eval,,0.1,0.9,0,1
balanced_visible,iro,0,,0.1,2000,0.6772,0.6319457590579987,0.25,0.25,main_eval,,0.1,0.9,1,0
balanced_visible,iro,0,,0.2,2000,0.6697,0.6338836550712585,0.25,0.25,main_eval,,0.1,0.9,0,0
balanced_visible,iro,0,,0.5,2000,0.6773,0.630048006772995,0.25,0.25,main_eval,,0.1,0.9,0,0
balanced_visible,iro,0,,0.9,2000,0.6589,0.6463420391082764,0.25,0.25,main_eval,,0.1,0.9,0,1
missing_tail,erm,4,,0.1,6000,0.8633,0.5513820350170135,0.75,0.25,main_eval,,0.1,0.9,1,0
missing_tail,erm,4,,0.2,1500,0.7874,0.9632781147956848,0.1875,0.25,main_eval,,0.1,0.9,0,0
missing_tail,erm,4,,0.5,500,0.542,2.1746487617492676,0.0625,0.25,main_eval,,0.1,0.9,0,0
missing_tail,erm,4,,0.9,0,0.2146,3.9167710542678833,0.0,0.25,main_eval,,0.1,0.9,0,1
balanced_visible,groupdro,1,,0.1,2000,0.7076,0.9111317098140717,0.25,0.25,main_eval,,0.1,0.9,1,0
balanced_visible,groupdro,1,,0.2,2000,0.6831,1.0034775137901306,0.25,0.25,main_eval,,0.1,0.9,0,0
balanced_visible,groupdro,1,,0.5,2000,0.6425,1.1753955483436584,0.25,0.25,main_eval,,0.1,0.9,0,0
balanced_visible,groupdro,1,,0.9,2000,0.5865,1.412000060081482,0.25,0.25,main_eval,,0.1,0.9,0,1
balanced_visible,inftask,2,,0.1,2000,0.7038,0.6222115755081177,0.25,0.25,main_eval,,0.1,0.9,1,0
balanced_visible,inftask,2,,0.2,2000,0.6948,0.6282217800617218,0.25,0.25,main_eval,,0.1,0.9,0,0
balanced_visible,inftask,2,,0.5,2000,0.6627,0.6354897320270538,0.25,0.25,main_eval,,0.1,0.9,0,0
balanced_visible,inftask,2,,0.9,2000,0.6512,0.6509637832641602,0.25,0.25,main_eval,,0.1,0.9,0,1
long_tail_visible,iro,2,,0.1,5000,0.7623,0.5382592082023621,0.625,0.25,main_eval,,0.1,0.9,1,0
long_tail_visible,iro,2,,0.2,2000,0.7375,0.5607705414295197,0.25,0.25,main_eval,,0.1,0.9,0,0
long_tail_visible,iro,2,,0.5,800,0.6654,0.6492281854152679,0.1,0.25,main_eval,,0.1,0.9,0,0
long_tail_visible,iro,2,,0.9,200,0.5665,0.7863937616348267,0.025,0.25,main_eval,,0.1,0.9,0,1
near_missing_tail,irm,4,,0.1,5800,0.7671,0.5491536557674408,0.725,0.25,main_eval,,0.1,0.9,1,0
near_missing_tail,irm,4,,0.2,1800,0.7369,0.6468388736248016,0.225,0.25,main_eval,,0.1,0.9,0,0
near_missing_tail,irm,4,,0.5,350,0.6155,1.009796679019928,0.04375,0.25,main_eval,,0.1,0.9,0,0
near_missing_tail,irm,4,,0.9,50,0.4656,1.4549669027328491,0.00625,0.25,main_eval,,0.1,0.9,0,1
balanced_visible,iro,1,,0.1,2000,0.7096,0.6251581013202667,0.25,0.25,main_eval,,0.1,0.9,1,0
balanced_visible,iro,1,,0.2,2000,0.7025,0.6302257180213928,0.25,0.25,main_eval,,0.1,0.9,0,0
balanced_visible,iro,1,,0.5,2000,0.6878,0.621482640504837,0.25,0.25,main_eval,,0.1,0.9,0,0
balanced_visible,iro,1,,0.9,2000,0.6588,0.6566876471042633,0.25,0.25,main_eval,,0.1,0.9,0,1
long_tail_visible,groupdro,1,,0.1,5000,0.8351,0.5205741226673126,0.625,0.25,main_eval,,0.1,0.9,1,0
long_tail_visible,groupdro,1,,0.2,2000,0.7685,0.8268003761768341,0.25,0.25,main_eval,,0.1,0.9,0,0
long_tail_visible,groupdro,1,,0.5,800,0.5629,1.692244291305542,0.1,0.25,main_eval,,0.1,0.9,0,0
long_tail_visible,groupdro,1,,0.9,200,0.3013,2.858288049697876,0.025,0.25,main_eval,,0.1,0.9,0,1
near_missing_tail,iro,4,,0.1,5800,0.8178,0.48033204674720764,0.725,0.25,main_eval,,0.1,0.9,1,0
near_missing_tail,iro,4,,0.2,1800,0.7662,0.5259088277816772,0.225,0.25,main_eval,,0.1,0.9,0,0
near_missing_tail,iro,4,,0.5,350,0.6173,0.7290284037590027,0.04375,0.25,main_eval,,0.1,0.9,0,0
near_missing_tail,iro,4,,0.9,50,0.4028,1.0497639179229736,0.00625,0.25,main_eval,,0.1,0.9,0,1
balanced_visible,iro,4,,0.1,2000,0.6885,0.6059790551662445,0.25,0.25,main_eval,,0.1,0.9,1,0
balanced_visible,iro,4,,0.2,2000,0.6898,0.6097326278686523,0.25,0.25,main_eval,,0.1,0.9,0,0
balanced_visible,iro,4,,0.5,2000,0.6896,0.6298809349536896,0.25,0.25,main_eval,,0.1,0.9,0,0
balanced_visible,iro,4,,0.9,2000,0.6649,0.6752687096595764,0.25,0.25,main_eval,,0.1,0.9,0,1
long_tail_visible,inftask,2,,0.1,5000,0.7575,0.5530849993228912,0.625,0.25,main_eval,,0.1,0.9,1,0
long_tail_visible,inftask,2,,0.2,2000,0.7293,0.578029066324234,0.25,0.25,main_eval,,0.1,0.9,0,0
long_tail_visible,inftask,2,,0.5,800,0.6655,0.6446049809455872,0.1,0.25,main_eval,,0.1,0.9,0,0
long_tail_visible,inftask,2,,0.9,200,0.5657,0.7706239521503448,0.025,0.25,main_eval,,0.1,0.9,0,1
missing_tail,irm,1,,0.1,6000,0.7702,0.5385943055152893,0.75,0.25,main_eval,,0.1,0.9,1,0
missing_tail,irm,1,,0.2,1500,0.7274,0.6538961231708527,0.1875,0.25,main_eval,,0.1,0.9,0,0
missing_tail,irm,1,,0.5,500,0.6259,0.9608253538608551,0.0625,0.25,main_eval,,0.1,0.9,0,0
missing_tail,irm,1,,0.9,0,0.4812,1.3647003173828125,0.0,0.25,main_eval,,0.1,0.9,0,1
long_tail_visible,inftask,0,,0.1,5000,0.7446,0.5988160967826843,0.625,0.25,main_eval,,0.1,0.9,1,0
long_tail_visible,inftask,0,,0.2,2000,0.7159,0.6108195185661316,0.25,0.25,main_eval,,0.1,0.9,0,0
long_tail_visible,inftask,0,,0.5,800,0.6545,0.6397268772125244,0.1,0.25,main_eval,,0.1,0.9,0,0
long_tail_visible,inftask,0,,0.9,200,0.5661,0.7247174680233002,0.025,0.25,main_eval,,0.1,0.9,0,1
balanced_visible,iro,2,,0.1,2000,0.7035,0.6173976063728333,0.25,0.25,main_eval,,0.1,0.9,1,0
balanced_visible,iro,2,,0.2,2000,0.7063,0.6194278001785278,0.25,0.25,main_eval,,0.1,0.9,0,0
balanced_visible,iro,2,,0.5,2000,0.6757,0.6290719211101532,0.25,0.25,main_eval,,0.1,0.9,0,0
balanced_visible,iro,2,,0.9,2000,0.6605,0.6460074186325073,0.25,0.25,main_eval,,0.1,0.9,0,1
near_missing_tail,iro,2,,0.1,5800,0.8164,0.47848860919475555,0.725,0.25,main_eval,,0.1,0.9,1,0
near_missing_tail,iro,2,,0.2,1800,0.7629,0.525953084230423,0.225,0.25,main_eval,,0.1,0.9,0,0
near_missing_tail,iro,2,,0.5,350,0.6203,0.7163296341896057,0.04375,0.25,main_eval,,0.1,0.9,0,0
near_missing_tail,iro,2,,0.9,50,0.4229,1.0168696641921997,0.00625,0.25,main_eval,,0.1,0.9,0,1
missing_tail,groupdro,0,,0.1,6000,0.8661,0.49576161801815033,0.75,0.25,main_eval,,0.1,0.9,1,0
missing_tail,groupdro,0,,0.2,1500,0.7816,0.9307837784290314,0.1875,0.25,main_eval,,0.1,0.9,0,0
missing_tail,groupdro,0,,0.5,500,0.5497,2.054323434829712,0.0625,0.25,main_eval,,0.1,0.9,0,0
missing_tail,groupdro,0,,0.9,0,0.2566,3.5249624252319336,0.0,0.25,main_eval,,0.1,0.9,0,1
balanced_visible,irm,1,,0.1,2000,0.7113,0.7699010074138641,0.25,0.25,main_eval,,0.1,0.9,1,0
balanced_visible,irm,1,,0.2,2000,0.6916,0.8292152285575867,0.25,0.25,main_eval,,0.1,0.9,0,0
balanced_visible,irm,1,,0.5,2000,0.6628,0.9413706362247467,0.25,0.25,main_eval,,0.1,0.9,0,0
balanced_visible,irm,1,,0.9,2000,0.6221,1.0973581671714783,0.25,0.25,main_eval,,0.1,0.9,0,1
long_tail_visible,inftask,4,,0.1,5000,0.769,0.5554920732975006,0.625,0.25,main_eval,,0.1,0.9,1,0
long_tail_visible,inftask,4,,0.2,2000,0.7397,0.5752173662185669,0.25,0.25,main_eval,,0.1,0.9,0,0
long_tail_visible,inftask,4,,0.5,800,0.6572,0.645993173122406,0.1,0.25,main_eval,,0.1,0.9,0,0
long_tail_visible,inftask,4,,0.9,200,0.5477,0.7867656648159027,0.025,0.25,main_eval,,0.1,0.9,0,1
balanced_visible,irm,3,,0.1,2000,0.6833,0.900543600320816,0.25,0.25,main_eval,,0.1,0.9,1,0
balanced_visible,irm,3,,0.2,2000,0.6844,0.885389119386673,0.25,0.25,main_eval,,0.1,0.9,0,0
balanced_visible,irm,3,,0.5,2000,0.6646,0.9424571990966797,0.25,0.25,main_eval,,0.1,0.9,0,0
balanced_visible,irm,3,,0.9,2000,0.6596,0.9883553087711334,0.25,0.25,main_eval,,0.1,0.9,0,1
balanced_visible,inftask,3,,0.1,2000,0.6558,0.6508258581161499,0.25,0.25,main_eval,,0.1,0.9,1,0
balanced_visible,inftask,3,,0.2,2000,0.6582,0.6484900116920471,0.25,0.25,main_eval,,0.1,0.9,0,0
balanced_visible,inftask,3,,0.5,2000,0.6611,0.6348216235637665,0.25,0.25,main_eval,,0.1,0.9,0,0
balanced_visible,inftask,3,,0.9,2000,0.6616,0.6346372961997986,0.25,0.25,main_eval,,0.1,0.9,0,1
missing_tail,groupdro,3,,0.1,6000,0.8587,0.5668463110923767,0.75,0.25,main_eval,,0.1,0.9,1,0
missing_tail,groupdro,3,,0.2,1500,0.7803,0.9578306972980499,0.1875,0.25,main_eval,,0.1,0.9,0,0
missing_tail,groupdro,3,,0.5,500,0.5437,2.1439173221588135,0.0625,0.25,main_eval,,0.1,0.9,0,0
missing_tail,groupdro,3,,0.9,0,0.2461,3.708272933959961,0.0,0.25,main_eval,,0.1,0.9,0,1
near_missing_tail,irm,3,,0.1,5800,0.7837,0.5551825761795044,0.725,0.25,main_eval,,0.1,0.9,1,0
near_missing_tail,irm,3,,0.2,1800,0.7399,0.7040400803089142,0.225,0.25,main_eval,,0.1,0.9,0,0
near_missing_tail,irm,3,,0.5,350,0.6106,1.1261783838272095,0.04375,0.25,main_eval,,0.1,0.9,0,0
near_missing_tail,irm,3,,0.9,50,0.4364,1.701233148574829,0.00625,0.25,main_eval,,0.1,0.9,0,1
long_tail_visible,inftask,1,,0.1,5000,0.7657,0.5818914771080017,0.625,0.25,main_eval,,0.1,0.9,1,0
long_tail_visible,inftask,1,,0.2,2000,0.7303,0.6000302135944366,0.25,0.25,main_eval,,0.1,0.9,0,0
long_tail_visible,inftask,1,,0.5,800,0.6475,0.6533796191215515,0.1,0.25,main_eval,,0.1,0.9,0,0
long_tail_visible,inftask,1,,0.9,200,0.5281,0.7973921895027161,0.025,0.25,main_eval,,0.1,0.9,0,1
missing_tail,erm,2,,0.1,6000,0.8605,0.5877788662910461,0.75,0.25,main_eval,,0.1,0.9,1,0
missing_tail,erm,2,,0.2,1500,0.7756,1.0323655605316162,0.1875,0.25,main_eval,,0.1,0.9,0,0
missing_tail,erm,2,,0.5,500,0.5507,2.259613871574402,0.0625,0.25,main_eval,,0.1,0.9,0,0
missing_tail,erm,2,,0.9,0,0.2413,3.8848960399627686,0.0,0.25,main_eval,,0.1,0.9,0,1
balanced_visible,inftask,1,,0.1,2000,0.6997,0.6310292482376099,0.25,0.25,main_eval,,0.1,0.9,1,0
balanced_visible,inftask,1,,0.2,2000,0.6888,0.636204868555069,0.25,0.25,main_eval,,0.1,0.9,0,0
balanced_visible,inftask,1,,0.5,2000,0.6888,0.6191752254962921,0.25,0.25,main_eval,,0.1,0.9,0,0
balanced_visible,inftask,1,,0.9,2000,0.6589,0.6495179235935211,0.25,0.25,main_eval,,0.1,0.9,0,1
near_missing_tail,groupdro,1,,0.1,5800,0.8666,0.4897884130477905,0.725,0.25,main_eval,,0.1,0.9,1,0
near_missing_tail,groupdro,1,,0.2,1800,0.7824,0.8590567708015442,0.225,0.25,main_eval,,0.1,0.9,0,0
near_missing_tail,groupdro,1,,0.5,350,0.5418,1.937850296497345,0.04375,0.25,main_eval,,0.1,0.9,0,0
near_missing_tail,groupdro,1,,0.9,50,0.2258,3.370575428009033,0.00625,0.25,main_eval,,0.1,0.9,0,1
missing_tail,inftask,3,,0.1,6000,0.8545,0.4956996291875839,0.75,0.25,main_eval,,0.1,0.9,1,0
missing_tail,inftask,3,,0.2,1500,0.7881,0.5398184359073639,0.1875,0.25,main_eval,,0.1,0.9,0,0
missing_tail,inftask,3,,0.5,500,0.6031,0.7129009664058685,0.0625,0.25,main_eval,,0.1,0.9,0,0
missing_tail,inftask,3,,0.9,0,0.4228,0.971790611743927,0.0,0.25,main_eval,,0.1,0.9,0,1
near_missing_tail,erm,2,,0.1,5800,0.8635,0.5776427686214447,0.725,0.25,main_eval,,0.1,0.9,1,0
near_missing_tail,erm,2,,0.2,1800,0.7826,1.012330174446106,0.225,0.25,main_eval,,0.1,0.9,0,0
near_missing_tail,erm,2,,0.5,350,0.5435,2.2426512241363525,0.04375,0.25,main_eval,,0.1,0.9,0,0
near_missing_tail,erm,2,,0.9,50,0.2229,3.9435291290283203,0.00625,0.25,main_eval,,0.1,0.9,0,1
long_tail_visible,iro,4,,0.1,5000,0.7668,0.541204184293747,0.625,0.25,main_eval,,0.1,0.9,1,0
long_tail_visible,iro,4,,0.2,2000,0.7396,0.5654876828193665,0.25,0.25,main_eval,,0.1,0.9,0,0
long_tail_visible,iro,4,,0.5,800,0.6618,0.6557213664054871,0.1,0.25,main_eval,,0.1,0.9,0,0
long_tail_visible,iro,4,,0.9,200,0.5398,0.8216246366500854,0.025,0.25,main_eval,,0.1,0.9,0,1
near_missing_tail,inftask,3,,0.1,5800,0.7917,0.564579427242279,0.725,0.25,main_eval,,0.1,0.9,1,0
near_missing_tail,inftask,3,,0.2,1800,0.7441,0.586104542016983,0.225,0.25,main_eval,,0.1,0.9,0,0
near_missing_tail,inftask,3,,0.5,350,0.6185,0.6615118086338043,0.04375,0.25,main_eval,,0.1,0.9,0,0
near_missing_tail,inftask,3,,0.9,50,0.4737,0.7857477962970734,0.00625,0.25,main_eval,,0.1,0.9,0,1
long_tail_visible,iro,0,,0.1,5000,0.7518,0.5728128254413605,0.625,0.25,main_eval,,0.1,0.9,1,0
long_tail_visible,iro,0,,0.2,2000,0.7219,0.5912846922874451,0.25,0.25,main_eval,,0.1,0.9,0,0
long_tail_visible,iro,0,,0.5,800,0.6589,0.6440306007862091,0.1,0.25,main_eval,,0.1,0.9,0,0
long_tail_visible,iro,0,,0.9,200,0.5614,0.7627397775650024,0.025,0.25,main_eval,,0.1,0.9,0,1
near_missing_tail,inftask,0,,0.1,5800,0.8209,0.5204909145832062,0.725,0.25,main_eval,,0.1,0.9,1,0
near_missing_tail,inftask,0,,0.2,1800,0.7659,0.5518707633018494,0.225,0.25,main_eval,,0.1,0.9,0,0
near_missing_tail,inftask,0,,0.5,350,0.61,0.6915627717971802,0.04375,0.25,main_eval,,0.1,0.9,0,0
near_missing_tail,inftask,0,,0.9,50,0.4114,0.9166639149188995,0.00625,0.25,main_eval,,0.1,0.9,0,1
missing_tail,groupdro,4,,0.1,6000,0.8605,0.5335790514945984,0.75,0.25,main_eval,,0.1,0.9,1,0
missing_tail,groupdro,4,,0.2,1500,0.7869,0.9192305505275726,0.1875,0.25,main_eval,,0.1,0.9,0,0
missing_tail,groupdro,4,,0.5,500,0.5433,2.050106406211853,0.0625,0.25,main_eval,,0.1,0.9,0,0
missing_tail,groupdro,4,,0.9,0,0.2212,3.680393934249878,0.0,0.25,main_eval,,0.1,0.9,0,1
missing_tail,irm,0,,0.1,6000,0.8072,0.4816710352897644,0.75,0.25,main_eval,,0.1,0.9,1,0
missing_tail,irm,0,,0.2,1500,0.7534,0.6681631207466125,0.1875,0.25,main_eval,,0.1,0.9,0,0
missing_tail,irm,0,,0.5,500,0.6106,1.129684865474701,0.0625,0.25,main_eval,,0.1,0.9,0,0
missing_tail,irm,0,,0.9,0,0.4408,1.7032569646835327,0.0,0.25,main_eval,,0.1,0.9,0,1
long_tail_visible,irm,2,,0.1,5000,0.7595,0.5837367475032806,0.625,0.25,main_eval,,0.1,0.9,1,0
long_tail_visible,irm,2,,0.2,2000,0.7295,0.6791900098323822,0.25,0.25,main_eval,,0.1,0.9,0,0
long_tail_visible,irm,2,,0.5,800,0.6355,0.9778512716293335,0.1,0.25,main_eval,,0.1,0.9,0,0
long_tail_visible,irm,2,,0.9,200,0.5166,1.361103594303131,0.025,0.25,main_eval,,0.1,0.9,0,1
balanced_visible,groupdro,0,,0.1,2000,0.6887,1.0383461117744446,0.25,0.25,main_eval,,0.1,0.9,1,0
balanced_visible,groupdro,0,,0.2,2000,0.6706,1.1223777532577515,0.25,0.25,main_eval,,0.1,0.9,0,0
balanced_visible,groupdro,0,,0.5,2000,0.6419,1.2181758880615234,0.25,0.25,main_eval,,0.1,0.9,0,0
balanced_visible,groupdro,0,,0.9,2000,0.6021,1.3999386429786682,0.25,0.25,main_eval,,0.1,0.9,0,1
near_missing_tail,erm,3,,0.1,5800,0.8553,0.5830957293510437,0.725,0.25,main_eval,,0.1,0.9,1,0
near_missing_tail,erm,3,,0.2,1800,0.7787,1.013312429189682,0.225,0.25,main_eval,,0.1,0.9,0,0
near_missing_tail,erm,3,,0.5,350,0.5515,2.2153847217559814,0.04375,0.25,main_eval,,0.1,0.9,0,0
near_missing_tail,erm,3,,0.9,50,0.2386,3.822311282157898,0.00625,0.25,main_eval,,0.1,0.9,0,1
missing_tail,irm,4,,0.1,6000,0.794,0.5091565549373627,0.75,0.25,main_eval,,0.1,0.9,1,0
missing_tail,irm,4,,0.2,1500,0.7559,0.6590345203876495,0.1875,0.25,main_eval,,0.1,0.9,0,0
missing_tail,irm,4,,0.5,500,0.6151,1.0761454105377197,0.0625,0.25,main_eval,,0.1,0.9,0,0
missing_tail,irm,4,,0.9,0,0.4293,1.697145938873291,0.0,0.25,main_eval,,0.1,0.9,0,1
