n_train_domains,algorithm,worst_domain_acc_final_mean,worst_domain_acc_final_std,worst_domain_acc_final_count,avg_domain_acc_final_mean,avg_domain_acc_final_std,avg_domain_acc_final_count,best_domain_acc_final_mean,best_domain_acc_final_std,best_domain_acc_final_count
2,erm,0.6883600000000001,0.0054724765874328,5,0.6975309090909091,0.0043513634226944,5,0.7060000000000001,0.0056519907997094,5
2,groupdro,0.6866,0.0054438038171851,5,0.6955654545454546,0.0044259490274277,5,0.70344,0.006393981545172,5
2,inftask,0.67422,0.0096377902031534,5,0.6859672727272728,0.0110554642261733,5,0.6953199999999999,0.0124361167572518,5
2,irm,0.71106,0.0027382476148077,5,0.7182963636363636,0.0025436080965353,5,0.72546,0.0047066973558961,5
2,iro,0.67508,0.0106288287219241,5,0.6863109090909092,0.0104338597724939,5,0.6981200000000001,0.0102194422548394,5
4,erm,0.6266,0.0085492689745965,5,0.6898545454545454,0.001316456551216,5,0.7541,0.0044062455673736,5
4,groupdro,0.66552,0.0068997826052708,5,0.6930290909090908,0.0011073458701024,5,0.7205999999999999,0.0035163901945034,5
4,inftask,0.67728,0.011422215196712,5,0.688189090909091,0.0073179514362381,5,0.69836,0.0069583043911573,5
4,irm,0.71036,0.0040648493207005,5,0.7182763636363636,0.0013343150655729,5,0.72486,0.0027373344698812,5
4,iro,0.67904,0.0091371768068698,5,0.6897581818181818,0.0081730068715445,5,0.7011200000000001,0.0100745719512046,5
6,erm,0.64996,0.0067921277962064,5,0.6935890909090909,0.0012070625501604,5,0.7362,0.0058176455718787,5
6,groupdro,0.6710200000000001,0.0083846287932144,5,0.6938781818181818,0.0026106868732985,5,0.7158,0.0059434838268476,5
6,inftask,0.67496,0.0071883934227336,5,0.6860127272727273,0.0055049061513833,5,0.69648,0.0036948612964494,5
6,irm,0.70682,0.0065434700274395,5,0.7177600000000001,0.0017321533915623,5,0.72758,0.0029844597501055,5
6,iro,0.6791400000000001,0.0062787737656328,5,0.6889054545454545,0.0067426164085656,5,0.69924,0.00646281672338,5
8,erm,0.68842,0.0042979064671069,5,0.69662,0.0012868598464723,5,0.70534,0.0026538651058409,5
8,groupdro,0.68774,0.0030972568508278,5,0.6958327272727273,0.001236407084798,5,0.70372,0.0021487205495363,5
8,inftask,0.6795199999999999,0.0096554129896136,5,0.68846,0.0098696265849128,5,0.6974,0.0094770776086301,5
8,irm,0.70726,0.0025175384803414,5,0.7157363636363636,0.0009519662123318,5,0.7238800000000001,0.0023847431727546,5
8,iro,0.6856,0.0081141851100403,5,0.6918018181818182,0.0088524577527635,5,0.69954,0.0104516984265716,5
2,qrm_vrex,0.6747400000000001,0.007154928371409441,5,0.7027309090909091,0.0010102695818934606,5,0.7306999999999999,0.004854379466008,5
