condition,alpha,epsilon,observed_domains,unobserved_domains,mean_width,certified_pairs,total_pairs
balanced_visible,0.5,0.6363636363636364,"0.1,0.2,0.5,0.9","0.0,0.3,0.4,0.6,0.7,0.8,1.0",0.7569361038961039,0,105
balanced_visible,0.75,0.6363636363636364,"0.1,0.2,0.5,0.9","0.0,0.3,0.4,0.6,0.7,0.8,1.0",0.65488987012987,0,105
balanced_visible,0.9,0.6363636363636364,"0.1,0.2,0.5,0.9","0.0,0.3,0.4,0.6,0.7,0.8,1.0",0.6324568831168832,0,105
long_tail_visible,0.5,0.6363636363636364,"0.1,0.2,0.5,0.9","0.0,0.3,0.4,0.6,0.7,0.8,1.0",0.7440914285714286,0,105
long_tail_visible,0.75,0.6363636363636364,"0.1,0.2,0.5,0.9","0.0,0.3,0.4,0.6,0.7,0.8,1.0",0.5893574025974027,0,105
long_tail_visible,0.9,0.6363636363636364,"0.1,0.2,0.5,0.9","0.0,0.3,0.4,0.6,0.7,0.8,1.0",0.4632911688311689,0,105
near_missing_tail,0.5,0.6363636363636364,"0.1,0.2,0.5,0.9","0.0,0.3,0.4,0.6,0.7,0.8,1.0",0.7336748051948053,0,105
near_missing_tail,0.75,0.6363636363636364,"0.1,0.2,0.5,0.9","0.0,0.3,0.4,0.6,0.7,0.8,1.0",0.5540033766233767,0,105
near_missing_tail,0.9,0.6363636363636364,"0.1,0.2,0.5,0.9","0.0,0.3,0.4,0.6,0.7,0.8,1.0",0.3825662337662337,0,105
missing_tail,0.5,0.7272727272727272,"0.1,0.2,0.5","0.0,0.3,0.4,0.6,0.7,0.8,0.9,1.0",0.8542675324675323,0,105
missing_tail,0.75,0.7272727272727272,"0.1,0.2,0.5","0.0,0.3,0.4,0.6,0.7,0.8,0.9,1.0",0.7232116883116884,0,105
missing_tail,0.9,0.7272727272727272,"0.1,0.2,0.5","0.0,0.3,0.4,0.6,0.7,0.8,0.9,1.0",0.6057948051948051,0,105
