condition,algorithm,seed,alpha,lower,upper,width
balanced_visible,eqrm,0,0.5,0.35810000000000003,0.35810000000000003,0.0
balanced_visible,eqrm,0,0.75,0.3688,0.3688,0.0
balanced_visible,eqrm,0,0.9,0.3688,0.3688,0.0
balanced_visible,eqrm,1,0.5,0.365,0.365,0.0
balanced_visible,eqrm,1,0.75,0.38239999999999996,0.38239999999999996,0.0
balanced_visible,eqrm,1,0.9,0.38239999999999996,0.38239999999999996,0.0
balanced_visible,eqrm,2,0.5,0.3557,0.3557,0.0
balanced_visible,eqrm,2,0.75,0.36960000000000004,0.36960000000000004,0.0
balanced_visible,eqrm,2,0.9,0.3696,0.3696,0.0
balanced_visible,eqrm,3,0.5,0.3526,0.3526,0.0
balanced_visible,eqrm,3,0.75,0.3609,0.3609,0.0
balanced_visible,eqrm,3,0.9,0.3609,0.3609,0.0
balanced_visible,eqrm,4,0.5,0.36185,0.36185,0.0
balanced_visible,eqrm,4,0.75,0.37739999999999996,0.37739999999999996,0.0
balanced_visible,eqrm,4,0.9,0.37739999999999996,0.37739999999999996,0.0
balanced_visible,erm,0,0.5,0.3805,0.3805,0.0
balanced_visible,erm,0,0.75,0.4053,0.4053,0.0
balanced_visible,erm,0,0.9,0.4053,0.4053,0.0
balanced_visible,erm,1,0.5,0.39105,0.39105,0.0
balanced_visible,erm,1,0.75,0.4232,0.4232,0.0
balanced_visible,erm,1,0.9,0.42319999999999997,0.42319999999999997,0.0
balanced_visible,erm,2,0.5,0.37775,0.37775,0.0
balanced_visible,erm,2,0.75,0.4023,0.4023,0.0
balanced_visible,erm,2,0.9,0.4023,0.4023,0.0
balanced_visible,erm,3,0.5,0.37545,0.37545,0.0
balanced_visible,erm,3,0.75,0.3971,0.3971,0.0
balanced_visible,erm,3,0.9,0.39710000000000006,0.39710000000000006,0.0
balanced_visible,erm,4,0.5,0.38215,0.38215,0.0
balanced_visible,erm,4,0.75,0.40859999999999996,0.40859999999999996,0.0
balanced_visible,erm,4,0.9,0.40859999999999996,0.40859999999999996,0.0
balanced_visible,groupdro,0,0.5,0.378,0.378,0.0
balanced_visible,groupdro,0,0.75,0.39790000000000003,0.39790000000000003,0.0
balanced_visible,groupdro,0,0.9,0.39790000000000003,0.39790000000000003,0.0
balanced_visible,groupdro,1,0.5,0.3855,0.3855,0.0
balanced_visible,groupdro,1,0.75,0.4135,0.4135,0.0
balanced_visible,groupdro,1,0.9,0.4135,0.4135,0.0
balanced_visible,groupdro,2,0.5,0.37455,0.37455,0.0
balanced_visible,groupdro,2,0.75,0.39690000000000003,0.39690000000000003,0.0
balanced_visible,groupdro,2,0.9,0.39690000000000003,0.39690000000000003,0.0
balanced_visible,groupdro,3,0.5,0.36815000000000003,0.36815000000000003,0.0
balanced_visible,groupdro,3,0.75,0.38280000000000003,0.38280000000000003,0.0
balanced_visible,groupdro,3,0.9,0.38280000000000003,0.38280000000000003,0.0
balanced_visible,groupdro,4,0.5,0.37985,0.37985,0.0
balanced_visible,groupdro,4,0.75,0.404,0.404,0.0
balanced_visible,groupdro,4,0.9,0.404,0.404,0.0
balanced_visible,inftask,0,0.5,0.34240000000000004,0.34240000000000004,0.0
balanced_visible,inftask,0,0.75,0.34740000000000004,0.34740000000000004,0.0
balanced_visible,inftask,0,0.9,0.3474,0.3474,0.0
balanced_visible,inftask,1,0.5,0.32615,0.32615,0.0
balanced_visible,inftask,1,0.75,0.34109999999999996,0.34109999999999996,0.0
balanced_visible,inftask,1,0.9,0.34109999999999996,0.34109999999999996,0.0
balanced_visible,inftask,2,0.5,0.34305,0.34305,0.0
balanced_visible,inftask,2,0.75,0.3488,0.3488,0.0
balanced_visible,inftask,2,0.9,0.3488,0.3488,0.0
balanced_visible,inftask,3,0.5,0.34299999999999997,0.34299999999999997,0.0
balanced_visible,inftask,3,0.75,0.34419999999999995,0.34419999999999995,0.0
balanced_visible,inftask,3,0.9,0.34419999999999995,0.34419999999999995,0.0
balanced_visible,inftask,4,0.5,0.3202,0.3202,0.0
balanced_visible,inftask,4,0.75,0.33109999999999995,0.33109999999999995,0.0
balanced_visible,inftask,4,0.9,0.33109999999999995,0.33109999999999995,0.0
balanced_visible,irm,0,0.5,0.35009999999999997,0.35009999999999997,0.0
balanced_visible,irm,0,0.75,0.36429999999999996,0.36429999999999996,0.0
balanced_visible,irm,0,0.9,0.36429999999999996,0.36429999999999996,0.0
balanced_visible,irm,1,0.5,0.35755000000000003,0.35755000000000003,0.0
balanced_visible,irm,1,0.75,0.3779,0.3779,0.0
balanced_visible,irm,1,0.9,0.3779,0.3779,0.0
balanced_visible,irm,2,0.5,0.3546,0.3546,0.0
balanced_visible,irm,2,0.75,0.36970000000000003,0.36970000000000003,0.0
balanced_visible,irm,2,0.9,0.36970000000000003,0.36970000000000003,0.0
balanced_visible,irm,3,0.5,0.33790000000000003,0.33790000000000003,0.0
balanced_visible,irm,3,0.75,0.34040000000000004,0.34040000000000004,0.0
balanced_visible,irm,3,0.9,0.34040000000000004,0.34040000000000004,0.0
balanced_visible,irm,4,0.5,0.36455,0.36455,0.0
balanced_visible,irm,4,0.75,0.38849999999999996,0.38849999999999996,0.0
balanced_visible,irm,4,0.9,0.38849999999999996,0.38849999999999996,0.0
balanced_visible,iro,0,0.5,0.3357,0.3357,0.0
balanced_visible,iro,0,0.75,0.34109999999999996,0.34109999999999996,0.0
balanced_visible,iro,0,0.9,0.34109999999999996,0.34109999999999996,0.0
balanced_visible,iro,1,0.5,0.3267,0.3267,0.0
balanced_visible,iro,1,0.75,0.34119999999999995,0.34119999999999995,0.0
balanced_visible,iro,1,0.9,0.3412,0.3412,0.0
balanced_visible,iro,2,0.5,0.33190000000000003,0.33190000000000003,0.0
balanced_visible,iro,2,0.75,0.3395,0.3395,0.0
balanced_visible,iro,2,0.9,0.3395,0.3395,0.0
balanced_visible,iro,3,0.5,0.338,0.338,0.0
balanced_visible,iro,3,0.75,0.3397,0.3397,0.0
balanced_visible,iro,3,0.9,0.3397,0.3397,0.0
balanced_visible,iro,4,0.5,0.3233,0.3233,0.0
balanced_visible,iro,4,0.75,0.33509999999999995,0.33509999999999995,0.0
balanced_visible,iro,4,0.9,0.3351,0.3351,0.0
balanced_visible,vrex,0,0.5,0.35100000000000003,0.35100000000000003,0.0
balanced_visible,vrex,0,0.75,0.35840000000000005,0.35840000000000005,0.0
balanced_visible,vrex,0,0.9,0.35840000000000005,0.35840000000000005,0.0
balanced_visible,vrex,1,0.5,0.35764999999999997,0.35764999999999997,0.0
balanced_visible,vrex,1,0.75,0.3731,0.3731,0.0
balanced_visible,vrex,1,0.9,0.3731,0.3731,0.0
balanced_visible,vrex,2,0.5,0.35300000000000004,0.35300000000000004,0.0
balanced_visible,vrex,2,0.75,0.36560000000000004,0.36560000000000004,0.0
balanced_visible,vrex,2,0.9,0.36560000000000004,0.36560000000000004,0.0
balanced_visible,vrex,3,0.5,0.34765,0.34765,0.0
balanced_visible,vrex,3,0.75,0.3516,0.3516,0.0
balanced_visible,vrex,3,0.9,0.3516,0.3516,0.0
balanced_visible,vrex,4,0.5,0.3536,0.3536,0.0
balanced_visible,vrex,4,0.75,0.3679,0.3679,0.0
balanced_visible,vrex,4,0.9,0.36789999999999995,0.36789999999999995,0.0
long_tail_visible,eqrm,0,0.5,0.48165,0.48165,0.0
long_tail_visible,eqrm,0,0.75,0.5746,0.5746,0.0
long_tail_visible,eqrm,0,0.9,0.5746,0.5746,0.0
long_tail_visible,eqrm,1,0.5,0.4922,0.4922,0.0
long_tail_visible,eqrm,1,0.75,0.5840000000000001,0.5840000000000001,0.0
long_tail_visible,eqrm,1,0.9,0.5840000000000001,0.5840000000000001,0.0
long_tail_visible,eqrm,2,0.5,0.47555000000000003,0.47555000000000003,0.0
long_tail_visible,eqrm,2,0.75,0.5619000000000001,0.5619000000000001,0.0
long_tail_visible,eqrm,2,0.9,0.5619000000000001,0.5619000000000001,0.0
long_tail_visible,eqrm,3,0.5,0.4733,0.4733,0.0
long_tail_visible,eqrm,3,0.75,0.5594,0.5594,0.0
long_tail_visible,eqrm,3,0.9,0.5594,0.5594,0.0
long_tail_visible,eqrm,4,0.5,0.48155,0.48155,0.0
long_tail_visible,eqrm,4,0.75,0.5736,0.5736,0.0
long_tail_visible,eqrm,4,0.9,0.5736,0.5736,0.0
long_tail_visible,erm,0,0.5,0.5725,0.5725,0.0
long_tail_visible,erm,0,0.75,0.7167,0.7167,0.0
long_tail_visible,erm,0,0.9,0.7167,0.7167,0.0
long_tail_visible,erm,1,0.5,0.59005,0.59005,0.0
long_tail_visible,erm,1,0.75,0.7331,0.7331,0.0
long_tail_visible,erm,1,0.9,0.7331,0.7331,0.0
long_tail_visible,erm,2,0.5,0.57545,0.57545,0.0
long_tail_visible,erm,2,0.75,0.7127,0.7127,0.0
long_tail_visible,erm,2,0.9,0.7127,0.7127,0.0
long_tail_visible,erm,3,0.5,0.5591,0.5591,0.0
long_tail_visible,erm,3,0.75,0.6910000000000001,0.6910000000000001,0.0
long_tail_visible,erm,3,0.9,0.6910000000000001,0.6910000000000001,0.0
long_tail_visible,erm,4,0.5,0.5826,0.5826,0.0
long_tail_visible,erm,4,0.75,0.7203999999999999,0.7203999999999999,0.0
long_tail_visible,erm,4,0.9,0.7203999999999999,0.7203999999999999,0.0
long_tail_visible,groupdro,0,0.5,0.5525,0.5525,0.0
long_tail_visible,groupdro,0,0.75,0.6844,0.6844,0.0
long_tail_visible,groupdro,0,0.9,0.6844,0.6844,0.0
long_tail_visible,groupdro,1,0.5,0.5679000000000001,0.5679000000000001,0.0
long_tail_visible,groupdro,1,0.75,0.6987,0.6987,0.0
long_tail_visible,groupdro,1,0.9,0.6987,0.6987,0.0
long_tail_visible,groupdro,2,0.5,0.55245,0.55245,0.0
long_tail_visible,groupdro,2,0.75,0.679,0.679,0.0
long_tail_visible,groupdro,2,0.9,0.679,0.679,0.0
long_tail_visible,groupdro,3,0.5,0.5459499999999999,0.5459499999999999,0.0
long_tail_visible,groupdro,3,0.75,0.6713,0.6713,0.0
long_tail_visible,groupdro,3,0.9,0.6713,0.6713,0.0
long_tail_visible,groupdro,4,0.5,0.5629500000000001,0.5629500000000001,0.0
long_tail_visible,groupdro,4,0.75,0.6910000000000001,0.6910000000000001,0.0
long_tail_visible,groupdro,4,0.9,0.6910000000000001,0.6910000000000001,0.0
long_tail_visible,inftask,0,0.5,0.3897,0.3897,0.0
long_tail_visible,inftask,0,0.75,0.43389999999999995,0.43389999999999995,0.0
long_tail_visible,inftask,0,0.9,0.43389999999999995,0.43389999999999995,0.0
long_tail_visible,inftask,1,0.5,0.4122,0.4122,0.0
long_tail_visible,inftask,1,0.75,0.4719,0.4719,0.0
long_tail_visible,inftask,1,0.9,0.4719,0.4719,0.0
long_tail_visible,inftask,2,0.5,0.3844,0.3844,0.0
long_tail_visible,inftask,2,0.75,0.4343,0.4343,0.0
long_tail_visible,inftask,2,0.9,0.43429999999999996,0.43429999999999996,0.0
long_tail_visible,inftask,3,0.5,0.38295,0.38295,0.0
long_tail_visible,inftask,3,0.75,0.41090000000000004,0.41090000000000004,0.0
long_tail_visible,inftask,3,0.9,0.41090000000000004,0.41090000000000004,0.0
long_tail_visible,inftask,4,0.5,0.39755,0.39755,0.0
long_tail_visible,inftask,4,0.75,0.45230000000000004,0.45230000000000004,0.0
long_tail_visible,inftask,4,0.9,0.45230000000000004,0.45230000000000004,0.0
long_tail_visible,irm,0,0.5,0.43985,0.43985,0.0
long_tail_visible,irm,0,0.75,0.5102,0.5102,0.0
long_tail_visible,irm,0,0.9,0.5102,0.5102,0.0
long_tail_visible,irm,1,0.5,0.42875,0.42875,0.0
long_tail_visible,irm,1,0.75,0.487,0.487,0.0
long_tail_visible,irm,1,0.9,0.487,0.487,0.0
long_tail_visible,irm,2,0.5,0.42395000000000005,0.42395000000000005,0.0
long_tail_visible,irm,2,0.75,0.48340000000000005,0.48340000000000005,0.0
long_tail_visible,irm,2,0.9,0.48340000000000005,0.48340000000000005,0.0
long_tail_visible,irm,3,0.5,0.43019999999999997,0.43019999999999997,0.0
long_tail_visible,irm,3,0.75,0.49139999999999995,0.49139999999999995,0.0
long_tail_visible,irm,3,0.9,0.49139999999999995,0.49139999999999995,0.0
long_tail_visible,irm,4,0.5,0.4402,0.4402,0.0
long_tail_visible,irm,4,0.75,0.5073,0.5073,0.0
long_tail_visible,irm,4,0.9,0.5073,0.5073,0.0
long_tail_visible,iro,0,0.5,0.38985,0.38985,0.0
long_tail_visible,iro,0,0.75,0.4386,0.4386,0.0
long_tail_visible,iro,0,0.9,0.4386,0.4386,0.0
long_tail_visible,iro,1,0.5,0.4167,0.4167,0.0
long_tail_visible,iro,1,0.75,0.4806,0.4806,0.0
long_tail_visible,iro,1,0.9,0.4806,0.4806,0.0
long_tail_visible,iro,2,0.5,0.38405,0.38405,0.0
long_tail_visible,iro,2,0.75,0.4335,0.4335,0.0
long_tail_visible,iro,2,0.9,0.4335,0.4335,0.0
long_tail_visible,iro,3,0.5,0.37555,0.37555,0.0
long_tail_visible,iro,3,0.75,0.40469999999999995,0.40469999999999995,0.0
long_tail_visible,iro,3,0.9,0.40469999999999995,0.40469999999999995,0.0
long_tail_visible,iro,4,0.5,0.3992,0.3992,0.0
long_tail_visible,iro,4,0.75,0.46020000000000005,0.46020000000000005,0.0
long_tail_visible,iro,4,0.9,0.4602000000000001,0.4602000000000001,0.0
long_tail_visible,vrex,0,0.5,0.45125000000000004,0.45125000000000004,0.0
long_tail_visible,vrex,0,0.75,0.5256000000000001,0.5256000000000001,0.0
long_tail_visible,vrex,0,0.9,0.5256000000000001,0.5256000000000001,0.0
long_tail_visible,vrex,1,0.5,0.44595,0.44595,0.0
long_tail_visible,vrex,1,0.75,0.5123,0.5123,0.0
long_tail_visible,vrex,1,0.9,0.5123,0.5123,0.0
long_tail_visible,vrex,2,0.5,0.4401,0.4401,0.0
long_tail_visible,vrex,2,0.75,0.5106999999999999,0.5106999999999999,0.0
long_tail_visible,vrex,2,0.9,0.5106999999999999,0.5106999999999999,0.0
long_tail_visible,vrex,3,0.5,0.4374,0.4374,0.0
long_tail_visible,vrex,3,0.75,0.5021,0.5021,0.0
long_tail_visible,vrex,3,0.9,0.5021,0.5021,0.0
long_tail_visible,vrex,4,0.5,0.44725000000000004,0.44725000000000004,0.0
long_tail_visible,vrex,4,0.75,0.5159,0.5159,0.0
long_tail_visible,vrex,4,0.9,0.5159,0.5159,0.0
near_missing_tail,eqrm,0,0.5,0.5487,0.5487,0.0
near_missing_tail,eqrm,0,0.75,0.6799999999999999,0.6799999999999999,0.0
near_missing_tail,eqrm,0,0.9,0.6799999999999999,0.6799999999999999,0.0
near_missing_tail,eqrm,1,0.5,0.5488500000000001,0.5488500000000001,0.0
near_missing_tail,eqrm,1,0.75,0.6727000000000001,0.6727000000000001,0.0
near_missing_tail,eqrm,1,0.9,0.6727000000000001,0.6727000000000001,0.0
near_missing_tail,eqrm,2,0.5,0.53875,0.53875,0.0
near_missing_tail,eqrm,2,0.75,0.6638,0.6638,0.0
near_missing_tail,eqrm,2,0.9,0.6638,0.6638,0.0
near_missing_tail,eqrm,3,0.5,0.53715,0.53715,0.0
near_missing_tail,eqrm,3,0.75,0.6567000000000001,0.6567000000000001,0.0
near_missing_tail,eqrm,3,0.9,0.6567000000000001,0.6567000000000001,0.0
near_missing_tail,eqrm,4,0.5,0.54155,0.54155,0.0
near_missing_tail,eqrm,4,0.75,0.6587000000000001,0.6587000000000001,0.0
near_missing_tail,eqrm,4,0.9,0.6587000000000002,0.6587000000000002,0.0
near_missing_tail,erm,0,0.5,0.6048,0.6048,0.0
near_missing_tail,erm,0,0.75,0.7639,0.7639,0.0
near_missing_tail,erm,0,0.9,0.7639,0.7639,0.0
near_missing_tail,erm,1,0.5,0.62695,0.62695,0.0
near_missing_tail,erm,1,0.75,0.7898000000000001,0.7898000000000001,0.0
near_missing_tail,erm,1,0.9,0.7898000000000002,0.7898000000000002,0.0
near_missing_tail,erm,2,0.5,0.6168,0.6168,0.0
near_missing_tail,erm,2,0.75,0.7771,0.7771,0.0
near_missing_tail,erm,2,0.9,0.7771,0.7771,0.0
near_missing_tail,erm,3,0.5,0.60495,0.60495,0.0
near_missing_tail,erm,3,0.75,0.7614,0.7614,0.0
near_missing_tail,erm,3,0.9,0.7614000000000001,0.7614000000000001,0.0
near_missing_tail,erm,4,0.5,0.62695,0.62695,0.0
near_missing_tail,erm,4,0.75,0.7861,0.7861,0.0
near_missing_tail,erm,4,0.9,0.7861,0.7861,0.0
near_missing_tail,groupdro,0,0.5,0.5986,0.5986,0.0
near_missing_tail,groupdro,0,0.75,0.7548,0.7548,0.0
near_missing_tail,groupdro,0,0.9,0.7548000000000001,0.7548000000000001,0.0
near_missing_tail,groupdro,1,0.5,0.6162000000000001,0.6162000000000001,0.0
near_missing_tail,groupdro,1,0.75,0.7742,0.7742,0.0
near_missing_tail,groupdro,1,0.9,0.7742000000000001,0.7742000000000001,0.0
near_missing_tail,groupdro,2,0.5,0.6033,0.6033,0.0
near_missing_tail,groupdro,2,0.75,0.7588,0.7588,0.0
near_missing_tail,groupdro,2,0.9,0.7588,0.7588,0.0
near_missing_tail,groupdro,3,0.5,0.59745,0.59745,0.0
near_missing_tail,groupdro,3,0.75,0.7484,0.7484,0.0
near_missing_tail,groupdro,3,0.9,0.7484,0.7484,0.0
near_missing_tail,groupdro,4,0.5,0.6123000000000001,0.6123000000000001,0.0
near_missing_tail,groupdro,4,0.75,0.7654,0.7654,0.0
near_missing_tail,groupdro,4,0.9,0.7654,0.7654,0.0
near_missing_tail,inftask,0,0.5,0.4893,0.4893,0.0
near_missing_tail,inftask,0,0.75,0.5886,0.5886,0.0
near_missing_tail,inftask,0,0.9,0.5886,0.5886,0.0
near_missing_tail,inftask,1,0.5,0.46900000000000003,0.46900000000000003,0.0
near_missing_tail,inftask,1,0.75,0.5574,0.5574,0.0
near_missing_tail,inftask,1,0.9,0.5574,0.5574,0.0
near_missing_tail,inftask,2,0.5,0.47335,0.47335,0.0
near_missing_tail,inftask,2,0.75,0.5689,0.5689,0.0
near_missing_tail,inftask,2,0.9,0.5689,0.5689,0.0
near_missing_tail,inftask,3,0.5,0.45389999999999997,0.45389999999999997,0.0
near_missing_tail,inftask,3,0.75,0.5263,0.5263,0.0
near_missing_tail,inftask,3,0.9,0.5263,0.5263,0.0
near_missing_tail,inftask,4,0.5,0.4786,0.4786,0.0
near_missing_tail,inftask,4,0.75,0.5783,0.5783,0.0
near_missing_tail,inftask,4,0.9,0.5783,0.5783,0.0
near_missing_tail,irm,0,0.5,0.46165,0.46165,0.0
near_missing_tail,irm,0,0.75,0.5447,0.5447,0.0
near_missing_tail,irm,0,0.9,0.5447,0.5447,0.0
near_missing_tail,irm,1,0.5,0.4699,0.4699,0.0
near_missing_tail,irm,1,0.75,0.5492,0.5492,0.0
near_missing_tail,irm,1,0.9,0.5492,0.5492,0.0
near_missing_tail,irm,2,0.5,0.4531,0.4531,0.0
near_missing_tail,irm,2,0.75,0.5277000000000001,0.5277000000000001,0.0
near_missing_tail,irm,2,0.9,0.5277000000000001,0.5277000000000001,0.0
near_missing_tail,irm,3,0.5,0.4765,0.4765,0.0
near_missing_tail,irm,3,0.75,0.5636,0.5636,0.0
near_missing_tail,irm,3,0.9,0.5636,0.5636,0.0
near_missing_tail,irm,4,0.5,0.45944999999999997,0.45944999999999997,0.0
near_missing_tail,irm,4,0.75,0.5344,0.5344,0.0
near_missing_tail,irm,4,0.9,0.5344,0.5344,0.0
near_missing_tail,iro,0,0.5,0.5002500000000001,0.5002500000000001,0.0
near_missing_tail,iro,0,0.75,0.6036,0.6036,0.0
near_missing_tail,iro,0,0.9,0.6036,0.6036,0.0
near_missing_tail,iro,1,0.5,0.47384999999999994,0.47384999999999994,0.0
near_missing_tail,iro,1,0.75,0.5671999999999999,0.5671999999999999,0.0
near_missing_tail,iro,1,0.9,0.5671999999999999,0.5671999999999999,0.0
near_missing_tail,iro,2,0.5,0.4784,0.4784,0.0
near_missing_tail,iro,2,0.75,0.5771,0.5771,0.0
near_missing_tail,iro,2,0.9,0.5771,0.5771,0.0
near_missing_tail,iro,3,0.5,0.4591,0.4591,0.0
near_missing_tail,iro,3,0.75,0.5332,0.5332,0.0
near_missing_tail,iro,3,0.9,0.5332,0.5332,0.0
near_missing_tail,iro,4,0.5,0.48995,0.48995,0.0
near_missing_tail,iro,4,0.75,0.5972,0.5972,0.0
near_missing_tail,iro,4,0.9,0.5972,0.5972,0.0
near_missing_tail,vrex,0,0.5,0.502,0.502,0.0
near_missing_tail,vrex,0,0.75,0.608,0.608,0.0
near_missing_tail,vrex,0,0.9,0.608,0.608,0.0
near_missing_tail,vrex,1,0.5,0.48485,0.48485,0.0
near_missing_tail,vrex,1,0.75,0.5743,0.5743,0.0
near_missing_tail,vrex,1,0.9,0.5743,0.5743,0.0
near_missing_tail,vrex,2,0.5,0.4809,0.4809,0.0
near_missing_tail,vrex,2,0.75,0.5735,0.5735,0.0
near_missing_tail,vrex,2,0.9,0.5735,0.5735,0.0
near_missing_tail,vrex,3,0.5,0.5012000000000001,0.5012000000000001,0.0
near_missing_tail,vrex,3,0.75,0.6036,0.6036,0.0
near_missing_tail,vrex,3,0.9,0.6036,0.6036,0.0
near_missing_tail,vrex,4,0.5,0.46904999999999997,0.46904999999999997,0.0
near_missing_tail,vrex,4,0.75,0.5466,0.5466,0.0
near_missing_tail,vrex,4,0.9,0.5466,0.5466,0.0
missing_tail,eqrm,0,0.5,0.3264,0.71255,0.38615
missing_tail,eqrm,0,0.75,0.42510000000000003,1.0,0.5749
missing_tail,eqrm,0,0.9,0.42510000000000003,1.0,0.5749
missing_tail,eqrm,1,0.5,0.3217,0.7047,0.383
missing_tail,eqrm,1,0.75,0.4094,1.0,0.5906
missing_tail,eqrm,1,0.9,0.4094,1.0,0.5906
missing_tail,eqrm,2,0.5,0.32715,0.7113499999999999,0.38419999999999993
missing_tail,eqrm,2,0.75,0.42269999999999996,1.0,0.5773
missing_tail,eqrm,2,0.9,0.42269999999999996,1.0,0.5773
missing_tail,eqrm,3,0.5,0.3297,0.7143999999999999,0.38469999999999993
missing_tail,eqrm,3,0.75,0.42879999999999996,1.0,0.5712
missing_tail,eqrm,3,0.9,0.42879999999999996,1.0,0.5712
missing_tail,eqrm,4,0.5,0.32305,0.71175,0.3887
missing_tail,eqrm,4,0.75,0.4235,1.0,0.5765
missing_tail,eqrm,4,0.9,0.4235,1.0,0.5765
missing_tail,erm,0,0.5,0.33490000000000003,0.72665,0.39175
missing_tail,erm,0,0.75,0.45330000000000004,1.0,0.5467
missing_tail,erm,0,0.9,0.45330000000000004,1.0,0.5467
missing_tail,erm,1,0.5,0.3332,0.7244999999999999,0.3912999999999999
missing_tail,erm,1,0.75,0.44899999999999995,1.0,0.551
missing_tail,erm,1,0.9,0.449,1.0,0.5509999999999999
missing_tail,erm,2,0.5,0.33685000000000004,0.72465,0.3878
missing_tail,erm,2,0.75,0.44930000000000003,1.0,0.5507
missing_tail,erm,2,0.9,0.44930000000000003,1.0,0.5507
missing_tail,erm,3,0.5,0.3397,0.7293499999999999,0.38964999999999994
missing_tail,erm,3,0.75,0.4587,1.0,0.5413
missing_tail,erm,3,0.9,0.4587,1.0,0.5413
missing_tail,erm,4,0.5,0.3353,0.729,0.3937
missing_tail,erm,4,0.75,0.45799999999999996,1.0,0.542
missing_tail,erm,4,0.9,0.45799999999999996,1.0,0.542
missing_tail,groupdro,0,0.5,0.33435000000000004,0.72515,0.3907999999999999
missing_tail,groupdro,0,0.75,0.45030000000000003,1.0,0.5497
missing_tail,groupdro,0,0.9,0.45030000000000003,1.0,0.5497
missing_tail,groupdro,1,0.5,0.33175,0.72235,0.39060000000000006
missing_tail,groupdro,1,0.75,0.4447,1.0,0.5553
missing_tail,groupdro,1,0.9,0.4447,1.0,0.5553
missing_tail,groupdro,2,0.5,0.33575000000000005,0.7240500000000001,0.38830000000000003
missing_tail,groupdro,2,0.75,0.44810000000000005,1.0,0.5519
missing_tail,groupdro,2,0.9,0.44810000000000005,1.0,0.5519
missing_tail,groupdro,3,0.5,0.338,0.7281500000000001,0.39015000000000005
missing_tail,groupdro,3,0.75,0.45630000000000004,1.0,0.5437
missing_tail,groupdro,3,0.9,0.4563000000000001,1.0,0.5436999999999999
missing_tail,groupdro,4,0.5,0.3349,0.72835,0.3934500000000001
missing_tail,groupdro,4,0.75,0.4567,1.0,0.5433
missing_tail,groupdro,4,0.9,0.4567,1.0,0.5433
missing_tail,inftask,0,0.5,0.2984,0.69095,0.39254999999999995
missing_tail,inftask,0,0.75,0.3819,1.0,0.6181
missing_tail,inftask,0,0.9,0.3819,1.0,0.6181
missing_tail,inftask,1,0.5,0.299,0.69015,0.39115000000000005
missing_tail,inftask,1,0.75,0.38029999999999997,1.0,0.6197
missing_tail,inftask,1,0.9,0.38029999999999997,1.0,0.6197
missing_tail,inftask,2,0.5,0.30285,0.6923,0.38945
missing_tail,inftask,2,0.75,0.38460000000000005,1.0,0.6154
missing_tail,inftask,2,0.9,0.38460000000000005,1.0,0.6154
missing_tail,inftask,3,0.5,0.3044,0.69845,0.39405
missing_tail,inftask,3,0.75,0.39690000000000003,1.0,0.6031
missing_tail,inftask,3,0.9,0.39690000000000003,1.0,0.6031
missing_tail,inftask,4,0.5,0.3004,0.6953,0.39490000000000003
missing_tail,inftask,4,0.75,0.39059999999999995,1.0,0.6094
missing_tail,inftask,4,0.9,0.39059999999999995,1.0,0.6094
missing_tail,irm,0,0.5,0.318,0.6947,0.3767
missing_tail,irm,0,0.75,0.38939999999999997,1.0,0.6106
missing_tail,irm,0,0.9,0.38939999999999997,1.0,0.6106
missing_tail,irm,1,0.5,0.32334999999999997,0.6870499999999999,0.36369999999999997
missing_tail,irm,1,0.75,0.3741,1.0,0.6259
missing_tail,irm,1,0.9,0.3741,1.0,0.6259
missing_tail,irm,2,0.5,0.3197,0.6973,0.37760000000000005
missing_tail,irm,2,0.75,0.39459999999999995,1.0,0.6054
missing_tail,irm,2,0.9,0.39459999999999995,1.0,0.6054
missing_tail,irm,3,0.5,0.32084999999999997,0.70285,0.382
missing_tail,irm,3,0.75,0.40569999999999995,1.0,0.5943
missing_tail,irm,3,0.9,0.40569999999999995,1.0,0.5943
missing_tail,irm,4,0.5,0.3145,0.69245,0.37795
missing_tail,irm,4,0.75,0.3849,1.0,0.6151
missing_tail,irm,4,0.9,0.3849000000000001,1.0,0.6151
missing_tail,iro,0,0.5,0.3026,0.6931,0.39050000000000007
missing_tail,iro,0,0.75,0.3862,1.0,0.6138
missing_tail,iro,0,0.9,0.3862,1.0,0.6138
missing_tail,iro,1,0.5,0.2971,0.68605,0.3889500000000001
missing_tail,iro,1,0.75,0.3721,1.0,0.6279
missing_tail,iro,1,0.9,0.3721,1.0,0.6279
missing_tail,iro,2,0.5,0.3023,0.69065,0.38835
missing_tail,iro,2,0.75,0.3813,1.0,0.6187
missing_tail,iro,2,0.9,0.3813,1.0,0.6187
missing_tail,iro,3,0.5,0.3066,0.6966,0.39
missing_tail,iro,3,0.75,0.3932,1.0,0.6068
missing_tail,iro,3,0.9,0.39320000000000005,1.0,0.6068
missing_tail,iro,4,0.5,0.30045,0.6960500000000001,0.39560000000000006
missing_tail,iro,4,0.75,0.3921,1.0,0.6079
missing_tail,iro,4,0.9,0.39210000000000006,1.0,0.6078999999999999
missing_tail,vrex,0,0.5,0.32325,0.6957,0.37245
missing_tail,vrex,0,0.75,0.39139999999999997,1.0,0.6086
missing_tail,vrex,0,0.9,0.39139999999999997,1.0,0.6086
missing_tail,vrex,1,0.5,0.3225,0.6898,0.36729999999999996
missing_tail,vrex,1,0.75,0.37960000000000005,1.0,0.6204
missing_tail,vrex,1,0.9,0.37960000000000005,1.0,0.6204
missing_tail,vrex,2,0.5,0.32115,0.6921999999999999,0.37104999999999994
missing_tail,vrex,2,0.75,0.38439999999999996,1.0,0.6156
missing_tail,vrex,2,0.9,0.38439999999999996,1.0,0.6156
missing_tail,vrex,3,0.5,0.3208,0.69665,0.37585
missing_tail,vrex,3,0.75,0.3933,1.0,0.6067
missing_tail,vrex,3,0.9,0.3933,1.0,0.6067
missing_tail,vrex,4,0.5,0.3206,0.69175,0.37115
missing_tail,vrex,4,0.75,0.38349999999999995,1.0,0.6165
missing_tail,vrex,4,0.9,0.38349999999999995,1.0,0.6165
