0.0_acc_best,0.0_acc_final,0.0_loss_best,0.0_loss_final,0.1_acc_best,0.1_acc_final,0.1_loss_best,0.1_loss_final,0.2_acc_best,0.2_acc_final,0.2_loss_best,0.2_loss_final,0.3_acc_best,0.3_acc_final,0.3_loss_best,0.3_loss_final,0.4_acc_best,0.4_acc_final,0.4_loss_best,0.4_loss_final,0.5_acc_best,0.5_acc_final,0.5_loss_best,0.5_loss_final,0.6_acc_best,0.6_acc_final,0.6_loss_best,0.6_loss_final,0.7_acc_best,0.7_acc_final,0.7_loss_best,0.7_loss_final,0.8_acc_best,0.8_acc_final,0.8_loss_best,0.8_loss_final,0.9_acc_best,0.9_acc_final,0.9_loss_best,0.9_loss_final,1.0_acc_best,1.0_acc_final,1.0_loss_best,1.0_loss_final,algorithm,args_id,seed,exp_name,train_envs,train_env_sizes,n_train_domains,sample_size_per_domain,imbalance_type,phase,tail_support_condition,avg_domain_acc_best,worst_domain_acc_best,best_domain_acc_best,avg_domain_acc_final,worst_domain_acc_final,best_domain_acc_final,run_status,arg_algorithm,arg_alpha,arg_batch_size,arg_data_dir,arg_deterministic,arg_dropout_p,arg_erm_pretrain_iters,arg_eval_freq,arg_exp_name,arg_full_resolution,arg_groupdro_eta,arg_loss_fn,arg_lr,arg_lr_cos_sched,arg_lr_factor_reduction,arg_mlp_hidden_dim,arg_n_workers,arg_network,arg_output_dir,arg_penalty_weight,arg_save_ckpts,arg_steps,arg_test_env_ms,arg_test_envs,arg_train_env_ps,arg_train_envs,arg_weight_decay
0.6865,0.6915,0.5880222201347352,0.5832429081201553,0.685,0.6881,0.5969613194465637,0.5935503751039505,0.6925,0.6952,0.5973580956459046,0.5944512724876404,0.6994,0.7007,0.5982748359441757,0.5963303834199906,0.6916,0.6922,0.6127409011125564,0.6117646485567093,0.7066,0.7065,0.6074684083461761,0.6066406011581421,0.7102,0.7087,0.6149388760328293,0.6161068588495254,0.7057,0.704,0.6232408702373504,0.6253844320774078,0.709,0.7064,0.6320370674133301,0.6355576783418655,0.7125,0.7097,0.6312747985124588,0.6347030520439148,0.7161,0.7127,0.6366103440523148,0.642024889588356,eqrm,1065faa09b5ae84d1e5170dbea6a7504,1,qrm_eqrm_seed1,"[0.1, 0.2]",,2,__na__,__na__,domain_count,,0.7013727272727273,0.685,0.7161,0.7014272727272727,0.6881,0.7127,ok,eqrm,-1000.0,25000,/home/ra95tig/qrm_cmnist_data,False,0.2,400,50,qrm_eqrm_seed1,False,1.0,nll,0.0001,True,1,390,0,MLP,/home/ra95tig/qrm_cmnist_results/seed1_eqrm,1000.0,True,600,0.9,"0.1,0.2,0.5,0.9","[0.1, 0.2]",default,0
0.7337,0.7367,0.5299734830856323,0.5253237783908844,0.7278,0.7315,0.5449724793434143,0.5413029104471206,0.7212,0.7239,0.560885101556778,0.5599384546279907,0.7217,0.7226,0.5724915027618408,0.570087131857872,0.7096,0.7105,0.591468545794487,0.590508097410202,0.7019,0.7013,0.6144640445709229,0.6150527328252793,0.6968,0.6966,0.6232971310615539,0.6235677033662796,0.6805,0.6799,0.6508646100759506,0.6557182937860488,0.6824,0.6811,0.6639950633049011,0.6670923084020615,0.6773,0.6755,0.6744240105152131,0.6794627696275711,0.6669,0.6649,0.6989387810230255,0.7048923641443252,vrex,596a1a0f8d7d3bf1a37c4f8a5ac56844,2,qrm_vrex_seed2,"[0.1, 0.2]",,2,__na__,__na__,domain_count,,0.7018,0.6669,0.7337,0.7022272727272727,0.6649,0.7367,ok,vrex,-10000.0,25000,/home/ra95tig/qrm_cmnist_data,False,0.2,400,50,qrm_vrex_seed2,False,1.0,nll,0.0001,True,1,390,0,MLP,/home/ra95tig/qrm_cmnist_results/seed2_vrex,1000.0,True,600,0.9,"0.1,0.2,0.5,0.9","[0.1, 0.2]",default,0
0.6786,0.7031,0.6014493048191071,0.5743594616651535,0.6835,0.7028,0.6026437371969223,0.5810131818056107,0.6862,0.7019,0.6050275087356567,0.590285313129425,0.6995,0.7099,0.602238655090332,0.5908920675516128,0.6944,0.7,0.6066532522439957,0.6014477401971817,0.6977,0.7005,0.6140975385904313,0.6146521598100663,0.7011,0.6996,0.610243946313858,0.6149881035089493,0.6956,0.6896,0.6232953071594238,0.6357662349939346,0.7053,0.6955,0.6223307073116302,0.6383386254310608,0.7087,0.695,0.6196715146303177,0.6420555919408798,0.7119,0.6923,0.6273897171020508,0.6554168075323105,eqrm,e046d008e6f51fbb1f6925b5c2adde14,2,qrm_eqrm_seed2,"[0.1, 0.2]",,2,__na__,__na__,domain_count,,0.696590909090909,0.6786,0.7119,0.6991090909090909,0.6896,0.7099,ok,eqrm,-1000.0,25000,/home/ra95tig/qrm_cmnist_data,False,0.2,400,50,qrm_eqrm_seed2,False,1.0,nll,0.0001,True,1,390,0,MLP,/home/ra95tig/qrm_cmnist_results/seed2_eqrm,1000.0,True,600,0.9,"0.1,0.2,0.5,0.9","[0.1, 0.2]",default,0
0.7032,0.7108,0.5671717256307602,0.5614855200052261,0.6957,0.7018,0.5805421948432923,0.5757019013166428,0.6985,0.7025,0.5858047008514404,0.5817883908748627,0.6995,0.7047,0.5951011687517166,0.590595343708992,0.7118,0.7127,0.5951604515314102,0.5944616705179214,0.6944,0.6959,0.6215456455945969,0.6222205400466919,0.7032,0.7003,0.6226637691259385,0.6252767324447632,0.7142,0.7128,0.6209163516759872,0.6233117759227753,0.7104,0.7063,0.6317306190729142,0.6351954281330109,0.7032,0.699,0.6488569766283036,0.6544262349605561,0.7117,0.7049,0.652394351363182,0.6593489468097686,eqrm,19e54b82fe17df59fe26fc8ffcea3e75,0,qrm_eqrm_seed0,"[0.1, 0.2]",,2,__na__,__na__,domain_count,,0.7041636363636363,0.6944,0.7142,0.7047,0.6959,0.7128,ok,eqrm,-1000.0,25000,/home/ra95tig/qrm_cmnist_data,False,0.2,400,50,qrm_eqrm_seed0,False,1.0,nll,0.0001,True,1,390,0,MLP,/home/ra95tig/qrm_cmnist_results/seed0_eqrm,1000.0,True,600,0.9,"0.1,0.2,0.5,0.9","[0.1, 0.2]",default,0
0.6598,0.686,0.627012875676155,0.5933594077825546,0.6668,0.6885,0.6208012491464615,0.594356456398964,0.6763,0.6935,0.6186416506767273,0.5973741948604584,0.6806,0.6951,0.6178483873605728,0.6046769767999649,0.688,0.6967,0.6159287422895432,0.6069814771413803,0.6964,0.701,0.6125884473323822,0.6092798441648484,0.6992,0.6991,0.6152123242616654,0.6173321545124054,0.7092,0.7064,0.6101371973752976,0.6196084499359131,0.718,0.7116,0.60462466776371,0.6198352128267288,0.729,0.7181,0.6050194025039672,0.6271327286958694,0.7293,0.7149,0.6024722039699555,0.6297949612140655,eqrm,a5fe0fa84ca61ddce0ce7b5ad4cb3457,4,qrm_eqrm_seed4,"[0.1, 0.2]",,2,__na__,__na__,domain_count,,0.695690909090909,0.6598,0.7293,0.7009909090909091,0.686,0.7181,ok,eqrm,-1000.0,25000,/home/ra95tig/qrm_cmnist_data,False,0.2,400,50,qrm_eqrm_seed4,False,1.0,nll,0.0001,True,1,390,0,MLP,/home/ra95tig/qrm_cmnist_results/seed4_eqrm,1000.0,True,600,0.9,"0.1,0.2,0.5,0.9","[0.1, 0.2]",default,0
0.6692,0.6966,0.6135987848043442,0.5801131188869476,0.6822,0.7041,0.6051747858524322,0.5803312629461288,0.6764,0.6921,0.6183879464864731,0.5977876275777817,0.681,0.6955,0.6144046604633331,0.6000205427408218,0.6976,0.7032,0.6088009476661682,0.602416142821312,0.7,0.7015,0.6086659818887711,0.6084228903055191,0.7058,0.7046,0.6099442303180694,0.6148527830839157,0.7169,0.7076,0.6067923009395599,0.6185104161500931,0.7112,0.6992,0.6133201748132706,0.6308088421821594,0.7189,0.7032,0.612602698802948,0.6379807144403458,0.7264,0.7051,0.6107827514410019,0.640310189127922,eqrm,ff7d9752e6d4071004ab815ccb709927,3,qrm_eqrm_seed3,"[0.1, 0.2]",,2,__na__,__na__,domain_count,,0.6986909090909091,0.6692,0.7264,0.7011545454545455,0.6921,0.7076,ok,eqrm,-1000.0,25000,/home/ra95tig/qrm_cmnist_data,False,0.2,400,50,qrm_eqrm_seed3,False,1.0,nll,0.0001,True,1,390,0,MLP,/home/ra95tig/qrm_cmnist_results/seed3_eqrm,1000.0,True,600,0.9,"0.1,0.2,0.5,0.9","[0.1, 0.2]",default,0
0.725,0.7282,0.5325007915496827,0.526628489792347,0.716,0.7185,0.5521265774965286,0.5481925219297409,0.7153,0.7178,0.5631102234125137,0.5594974040985108,0.7172,0.7188,0.5737067282199859,0.5713433235883713,0.7021,0.703,0.6012005001306534,0.6004215806722641,0.7086,0.7094,0.6065208196640015,0.6052080601453781,0.7033,0.7036,0.6248057395219803,0.6260524988174438,0.6892,0.6886,0.6444947332143783,0.647254204750061,0.6868,0.6852,0.664600956439972,0.6691059947013855,0.6851,0.6812,0.6741547167301178,0.6783145606517792,0.6812,0.678,0.6897154420614242,0.6961871385574341,vrex,0a2fd5ab5e1d9df0bd69880e5c2ac24f,1,qrm_vrex_seed1,"[0.1, 0.2]",,2,__na__,__na__,domain_count,,0.702709090909091,0.6812,0.725,0.7029363636363637,0.678,0.7282,ok,vrex,-10000.0,25000,/home/ra95tig/qrm_cmnist_data,False,0.2,400,50,qrm_vrex_seed1,False,1.0,nll,0.0001,True,1,390,0,MLP,/home/ra95tig/qrm_cmnist_results/seed1_vrex,1000.0,True,600,0.9,"0.1,0.2,0.5,0.9","[0.1, 0.2]",default,0
0.7245,0.7304,0.5348129391670227,0.5214197754859924,0.7289,0.7333,0.5428175866603852,0.5340687900781631,0.709,0.7125,0.5704021573066711,0.563055008649826,0.7088,0.7101,0.5805159956216812,0.5761059165000916,0.7088,0.7085,0.5933181077241898,0.5924643963575363,0.7051,0.705,0.6081044018268585,0.6095640867948532,0.7014,0.6979,0.624958512187004,0.6279128044843674,0.6982,0.6953,0.6366748809814453,0.6432909727096557,0.6835,0.6784,0.6587058991193772,0.6683163732290268,0.6821,0.6757,0.674543809890747,0.6883573859930039,0.6769,0.6695,0.6882358610630035,0.702163016796112,vrex,018144d807d73d83829442e4a373981d,3,qrm_vrex_seed3,"[0.1, 0.2]",,2,__na__,__na__,domain_count,,0.7024727272727272,0.6769,0.7289,0.7015090909090909,0.6695,0.7333,ok,vrex,-10000.0,25000,/home/ra95tig/qrm_cmnist_data,False,0.2,400,50,qrm_vrex_seed3,False,1.0,nll,0.0001,True,1,390,0,MLP,/home/ra95tig/qrm_cmnist_results/seed3_vrex,1000.0,True,600,0.9,"0.1,0.2,0.5,0.9","[0.1, 0.2]",default,0
0.7285,0.7313,0.5287676110863686,0.5248368591070175,0.7152,0.7175,0.5509626299142838,0.5477766066789627,0.7188,0.7199,0.5625950932502747,0.5594786554574966,0.7142,0.7162,0.5807806134223938,0.5769640952348709,0.7169,0.7167,0.5870326161384583,0.5861885279417038,0.6932,0.6945,0.6226519286632538,0.6239305347204208,0.6955,0.6952,0.6312785357236862,0.6334289938211441,0.7012,0.6993,0.6358914822340012,0.6366352736949921,0.6944,0.6932,0.6553643047809601,0.6569738388061523,0.682,0.6806,0.680953860282898,0.6848514229059219,0.6843,0.6823,0.6917516231536865,0.6963251322507858,vrex,b552ccf5e3951b126c6b850026e632b0,0,qrm_vrex_seed0,"[0.1, 0.2]",,2,__na__,__na__,domain_count,,0.7040181818181819,0.682,0.7285,0.7042454545454545,0.6806,0.7313,ok,vrex,-10000.0,25000,/home/ra95tig/qrm_cmnist_data,False,0.2,400,50,qrm_vrex_seed0,False,1.0,nll,0.0001,True,1,390,0,MLP,/home/ra95tig/qrm_cmnist_results/seed0_vrex,1000.0,True,600,0.9,"0.1,0.2,0.5,0.9","[0.1, 0.2]",default,0
0.7198,0.724,0.5493444383144379,0.5409039467573166,0.7164,0.7197,0.5579356878995896,0.5516233444213867,0.7168,0.7194,0.5716379344463348,0.5656544923782348,0.7106,0.7129,0.5855846732854844,0.5832698732614517,0.7047,0.7054,0.5988999038934708,0.5965994358062744,0.7006,0.701,0.6097518146038056,0.6085572123527527,0.6981,0.6961,0.6264186769723892,0.6274761170148849,0.6966,0.694,0.637823361158371,0.6408882528543473,0.691,0.6886,0.6466948509216308,0.6505178362131119,0.6919,0.6883,0.6629070311784744,0.6694493174552918,0.6852,0.6807,0.6731788784265518,0.6811873555183411,vrex,4e41b815f1b23bc587397c5862446265,4,qrm_vrex_seed4,"[0.1, 0.2]",,2,__na__,__na__,domain_count,,0.7028818181818182,0.6852,0.7198,0.7027363636363636,0.6807,0.724,ok,vrex,-10000.0,25000,/home/ra95tig/qrm_cmnist_data,False,0.2,400,50,qrm_vrex_seed4,False,1.0,nll,0.0001,True,1,390,0,MLP,/home/ra95tig/qrm_cmnist_results/seed4_vrex,1000.0,True,600,0.9,"0.1,0.2,0.5,0.9","[0.1, 0.2]",default,0
