algorithm,seed,exp_name,phase,args_id,n_train_domains,sample_size_per_domain,imbalance_type,train_envs,train_env_sizes,test_env,metric,model_selection,value
eqrm,1,qrm_eqrm_seed1,domain_count,1065faa09b5ae84d1e5170dbea6a7504,2,__na__,__na__,"[0.1, 0.2]",,0.0,acc,best,0.6865
eqrm,1,qrm_eqrm_seed1,domain_count,1065faa09b5ae84d1e5170dbea6a7504,2,__na__,__na__,"[0.1, 0.2]",,0.0,acc,final,0.6915
eqrm,1,qrm_eqrm_seed1,domain_count,1065faa09b5ae84d1e5170dbea6a7504,2,__na__,__na__,"[0.1, 0.2]",,0.0,loss,best,0.5880222201347352
eqrm,1,qrm_eqrm_seed1,domain_count,1065faa09b5ae84d1e5170dbea6a7504,2,__na__,__na__,"[0.1, 0.2]",,0.0,loss,final,0.5832429081201553
eqrm,1,qrm_eqrm_seed1,domain_count,1065faa09b5ae84d1e5170dbea6a7504,2,__na__,__na__,"[0.1, 0.2]",,0.1,acc,best,0.685
eqrm,1,qrm_eqrm_seed1,domain_count,1065faa09b5ae84d1e5170dbea6a7504,2,__na__,__na__,"[0.1, 0.2]",,0.1,acc,final,0.6881
eqrm,1,qrm_eqrm_seed1,domain_count,1065faa09b5ae84d1e5170dbea6a7504,2,__na__,__na__,"[0.1, 0.2]",,0.1,loss,best,0.5969613194465637
eqrm,1,qrm_eqrm_seed1,domain_count,1065faa09b5ae84d1e5170dbea6a7504,2,__na__,__na__,"[0.1, 0.2]",,0.1,loss,final,0.5935503751039505
eqrm,1,qrm_eqrm_seed1,domain_count,1065faa09b5ae84d1e5170dbea6a7504,2,__na__,__na__,"[0.1, 0.2]",,0.2,acc,best,0.6925
eqrm,1,qrm_eqrm_seed1,domain_count,1065faa09b5ae84d1e5170dbea6a7504,2,__na__,__na__,"[0.1, 0.2]",,0.2,acc,final,0.6952
eqrm,1,qrm_eqrm_seed1,domain_count,1065faa09b5ae84d1e5170dbea6a7504,2,__na__,__na__,"[0.1, 0.2]",,0.2,loss,best,0.5973580956459046
eqrm,1,qrm_eqrm_seed1,domain_count,1065faa09b5ae84d1e5170dbea6a7504,2,__na__,__na__,"[0.1, 0.2]",,0.2,loss,final,0.5944512724876404
eqrm,1,qrm_eqrm_seed1,domain_count,1065faa09b5ae84d1e5170dbea6a7504,2,__na__,__na__,"[0.1, 0.2]",,0.3,acc,best,0.6994
eqrm,1,qrm_eqrm_seed1,domain_count,1065faa09b5ae84d1e5170dbea6a7504,2,__na__,__na__,"[0.1, 0.2]",,0.3,acc,final,0.7007
eqrm,1,qrm_eqrm_seed1,domain_count,1065faa09b5ae84d1e5170dbea6a7504,2,__na__,__na__,"[0.1, 0.2]",,0.3,loss,best,0.5982748359441757
eqrm,1,qrm_eqrm_seed1,domain_count,1065faa09b5ae84d1e5170dbea6a7504,2,__na__,__na__,"[0.1, 0.2]",,0.3,loss,final,0.5963303834199906
eqrm,1,qrm_eqrm_seed1,domain_count,1065faa09b5ae84d1e5170dbea6a7504,2,__na__,__na__,"[0.1, 0.2]",,0.4,acc,best,0.6916
eqrm,1,qrm_eqrm_seed1,domain_count,1065faa09b5ae84d1e5170dbea6a7504,2,__na__,__na__,"[0.1, 0.2]",,0.4,acc,final,0.6922
eqrm,1,qrm_eqrm_seed1,domain_count,1065faa09b5ae84d1e5170dbea6a7504,2,__na__,__na__,"[0.1, 0.2]",,0.4,loss,best,0.6127409011125564
eqrm,1,qrm_eqrm_seed1,domain_count,1065faa09b5ae84d1e5170dbea6a7504,2,__na__,__na__,"[0.1, 0.2]",,0.4,loss,final,0.6117646485567093
eqrm,1,qrm_eqrm_seed1,domain_count,1065faa09b5ae84d1e5170dbea6a7504,2,__na__,__na__,"[0.1, 0.2]",,0.5,acc,best,0.7066
eqrm,1,qrm_eqrm_seed1,domain_count,1065faa09b5ae84d1e5170dbea6a7504,2,__na__,__na__,"[0.1, 0.2]",,0.5,acc,final,0.7065
eqrm,1,qrm_eqrm_seed1,domain_count,1065faa09b5ae84d1e5170dbea6a7504,2,__na__,__na__,"[0.1, 0.2]",,0.5,loss,best,0.6074684083461761
eqrm,1,qrm_eqrm_seed1,domain_count,1065faa09b5ae84d1e5170dbea6a7504,2,__na__,__na__,"[0.1, 0.2]",,0.5,loss,final,0.6066406011581421
eqrm,1,qrm_eqrm_seed1,domain_count,1065faa09b5ae84d1e5170dbea6a7504,2,__na__,__na__,"[0.1, 0.2]",,0.6,acc,best,0.7102
eqrm,1,qrm_eqrm_seed1,domain_count,1065faa09b5ae84d1e5170dbea6a7504,2,__na__,__na__,"[0.1, 0.2]",,0.6,acc,final,0.7087
eqrm,1,qrm_eqrm_seed1,domain_count,1065faa09b5ae84d1e5170dbea6a7504,2,__na__,__na__,"[0.1, 0.2]",,0.6,loss,best,0.6149388760328293
eqrm,1,qrm_eqrm_seed1,domain_count,1065faa09b5ae84d1e5170dbea6a7504,2,__na__,__na__,"[0.1, 0.2]",,0.6,loss,final,0.6161068588495254
eqrm,1,qrm_eqrm_seed1,domain_count,1065faa09b5ae84d1e5170dbea6a7504,2,__na__,__na__,"[0.1, 0.2]",,0.7,acc,best,0.7057
eqrm,1,qrm_eqrm_seed1,domain_count,1065faa09b5ae84d1e5170dbea6a7504,2,__na__,__na__,"[0.1, 0.2]",,0.7,acc,final,0.704
eqrm,1,qrm_eqrm_seed1,domain_count,1065faa09b5ae84d1e5170dbea6a7504,2,__na__,__na__,"[0.1, 0.2]",,0.7,loss,best,0.6232408702373504
eqrm,1,qrm_eqrm_seed1,domain_count,1065faa09b5ae84d1e5170dbea6a7504,2,__na__,__na__,"[0.1, 0.2]",,0.7,loss,final,0.6253844320774078
eqrm,1,qrm_eqrm_seed1,domain_count,1065faa09b5ae84d1e5170dbea6a7504,2,__na__,__na__,"[0.1, 0.2]",,0.8,acc,best,0.709
eqrm,1,qrm_eqrm_seed1,domain_count,1065faa09b5ae84d1e5170dbea6a7504,2,__na__,__na__,"[0.1, 0.2]",,0.8,acc,final,0.7064
eqrm,1,qrm_eqrm_seed1,domain_count,1065faa09b5ae84d1e5170dbea6a7504,2,__na__,__na__,"[0.1, 0.2]",,0.8,loss,best,0.6320370674133301
eqrm,1,qrm_eqrm_seed1,domain_count,1065faa09b5ae84d1e5170dbea6a7504,2,__na__,__na__,"[0.1, 0.2]",,0.8,loss,final,0.6355576783418655
eqrm,1,qrm_eqrm_seed1,domain_count,1065faa09b5ae84d1e5170dbea6a7504,2,__na__,__na__,"[0.1, 0.2]",,0.9,acc,best,0.7125
eqrm,1,qrm_eqrm_seed1,domain_count,1065faa09b5ae84d1e5170dbea6a7504,2,__na__,__na__,"[0.1, 0.2]",,0.9,acc,final,0.7097
eqrm,1,qrm_eqrm_seed1,domain_count,1065faa09b5ae84d1e5170dbea6a7504,2,__na__,__na__,"[0.1, 0.2]",,0.9,loss,best,0.6312747985124588
eqrm,1,qrm_eqrm_seed1,domain_count,1065faa09b5ae84d1e5170dbea6a7504,2,__na__,__na__,"[0.1, 0.2]",,0.9,loss,final,0.6347030520439148
eqrm,1,qrm_eqrm_seed1,domain_count,1065faa09b5ae84d1e5170dbea6a7504,2,__na__,__na__,"[0.1, 0.2]",,1.0,acc,best,0.7161
eqrm,1,qrm_eqrm_seed1,domain_count,1065faa09b5ae84d1e5170dbea6a7504,2,__na__,__na__,"[0.1, 0.2]",,1.0,acc,final,0.7127
eqrm,1,qrm_eqrm_seed1,domain_count,1065faa09b5ae84d1e5170dbea6a7504,2,__na__,__na__,"[0.1, 0.2]",,1.0,loss,best,0.6366103440523148
eqrm,1,qrm_eqrm_seed1,domain_count,1065faa09b5ae84d1e5170dbea6a7504,2,__na__,__na__,"[0.1, 0.2]",,1.0,loss,final,0.642024889588356
eqrm,1,qrm_eqrm_seed1,domain_count,1065faa09b5ae84d1e5170dbea6a7504,2,__na__,__na__,"[0.1, 0.2]",,avg_domain,acc,best,0.7013727272727273
eqrm,1,qrm_eqrm_seed1,domain_count,1065faa09b5ae84d1e5170dbea6a7504,2,__na__,__na__,"[0.1, 0.2]",,worst_domain,acc,best,0.685
eqrm,1,qrm_eqrm_seed1,domain_count,1065faa09b5ae84d1e5170dbea6a7504,2,__na__,__na__,"[0.1, 0.2]",,best_domain,acc,best,0.7161
eqrm,1,qrm_eqrm_seed1,domain_count,1065faa09b5ae84d1e5170dbea6a7504,2,__na__,__na__,"[0.1, 0.2]",,avg_domain,acc,final,0.7014272727272727
eqrm,1,qrm_eqrm_seed1,domain_count,1065faa09b5ae84d1e5170dbea6a7504,2,__na__,__na__,"[0.1, 0.2]",,worst_domain,acc,final,0.6881
eqrm,1,qrm_eqrm_seed1,domain_count,1065faa09b5ae84d1e5170dbea6a7504,2,__na__,__na__,"[0.1, 0.2]",,best_domain,acc,final,0.7127
vrex,2,qrm_vrex_seed2,domain_count,596a1a0f8d7d3bf1a37c4f8a5ac56844,2,__na__,__na__,"[0.1, 0.2]",,0.0,acc,best,0.7337
vrex,2,qrm_vrex_seed2,domain_count,596a1a0f8d7d3bf1a37c4f8a5ac56844,2,__na__,__na__,"[0.1, 0.2]",,0.0,acc,final,0.7367
vrex,2,qrm_vrex_seed2,domain_count,596a1a0f8d7d3bf1a37c4f8a5ac56844,2,__na__,__na__,"[0.1, 0.2]",,0.0,loss,best,0.5299734830856323
vrex,2,qrm_vrex_seed2,domain_count,596a1a0f8d7d3bf1a37c4f8a5ac56844,2,__na__,__na__,"[0.1, 0.2]",,0.0,loss,final,0.5253237783908844
vrex,2,qrm_vrex_seed2,domain_count,596a1a0f8d7d3bf1a37c4f8a5ac56844,2,__na__,__na__,"[0.1, 0.2]",,0.1,acc,best,0.7278
vrex,2,qrm_vrex_seed2,domain_count,596a1a0f8d7d3bf1a37c4f8a5ac56844,2,__na__,__na__,"[0.1, 0.2]",,0.1,acc,final,0.7315
vrex,2,qrm_vrex_seed2,domain_count,596a1a0f8d7d3bf1a37c4f8a5ac56844,2,__na__,__na__,"[0.1, 0.2]",,0.1,loss,best,0.5449724793434143
vrex,2,qrm_vrex_seed2,domain_count,596a1a0f8d7d3bf1a37c4f8a5ac56844,2,__na__,__na__,"[0.1, 0.2]",,0.1,loss,final,0.5413029104471206
vrex,2,qrm_vrex_seed2,domain_count,596a1a0f8d7d3bf1a37c4f8a5ac56844,2,__na__,__na__,"[0.1, 0.2]",,0.2,acc,best,0.7212
vrex,2,qrm_vrex_seed2,domain_count,596a1a0f8d7d3bf1a37c4f8a5ac56844,2,__na__,__na__,"[0.1, 0.2]",,0.2,acc,final,0.7239
vrex,2,qrm_vrex_seed2,domain_count,596a1a0f8d7d3bf1a37c4f8a5ac56844,2,__na__,__na__,"[0.1, 0.2]",,0.2,loss,best,0.560885101556778
vrex,2,qrm_vrex_seed2,domain_count,596a1a0f8d7d3bf1a37c4f8a5ac56844,2,__na__,__na__,"[0.1, 0.2]",,0.2,loss,final,0.5599384546279907
vrex,2,qrm_vrex_seed2,domain_count,596a1a0f8d7d3bf1a37c4f8a5ac56844,2,__na__,__na__,"[0.1, 0.2]",,0.3,acc,best,0.7217
vrex,2,qrm_vrex_seed2,domain_count,596a1a0f8d7d3bf1a37c4f8a5ac56844,2,__na__,__na__,"[0.1, 0.2]",,0.3,acc,final,0.7226
vrex,2,qrm_vrex_seed2,domain_count,596a1a0f8d7d3bf1a37c4f8a5ac56844,2,__na__,__na__,"[0.1, 0.2]",,0.3,loss,best,0.5724915027618408
vrex,2,qrm_vrex_seed2,domain_count,596a1a0f8d7d3bf1a37c4f8a5ac56844,2,__na__,__na__,"[0.1, 0.2]",,0.3,loss,final,0.570087131857872
vrex,2,qrm_vrex_seed2,domain_count,596a1a0f8d7d3bf1a37c4f8a5ac56844,2,__na__,__na__,"[0.1, 0.2]",,0.4,acc,best,0.7096
vrex,2,qrm_vrex_seed2,domain_count,596a1a0f8d7d3bf1a37c4f8a5ac56844,2,__na__,__na__,"[0.1, 0.2]",,0.4,acc,final,0.7105
vrex,2,qrm_vrex_seed2,domain_count,596a1a0f8d7d3bf1a37c4f8a5ac56844,2,__na__,__na__,"[0.1, 0.2]",,0.4,loss,best,0.591468545794487
vrex,2,qrm_vrex_seed2,domain_count,596a1a0f8d7d3bf1a37c4f8a5ac56844,2,__na__,__na__,"[0.1, 0.2]",,0.4,loss,final,0.590508097410202
vrex,2,qrm_vrex_seed2,domain_count,596a1a0f8d7d3bf1a37c4f8a5ac56844,2,__na__,__na__,"[0.1, 0.2]",,0.5,acc,best,0.7019
vrex,2,qrm_vrex_seed2,domain_count,596a1a0f8d7d3bf1a37c4f8a5ac56844,2,__na__,__na__,"[0.1, 0.2]",,0.5,acc,final,0.7013
vrex,2,qrm_vrex_seed2,domain_count,596a1a0f8d7d3bf1a37c4f8a5ac56844,2,__na__,__na__,"[0.1, 0.2]",,0.5,loss,best,0.6144640445709229
vrex,2,qrm_vrex_seed2,domain_count,596a1a0f8d7d3bf1a37c4f8a5ac56844,2,__na__,__na__,"[0.1, 0.2]",,0.5,loss,final,0.6150527328252793
vrex,2,qrm_vrex_seed2,domain_count,596a1a0f8d7d3bf1a37c4f8a5ac56844,2,__na__,__na__,"[0.1, 0.2]",,0.6,acc,best,0.6968
vrex,2,qrm_vrex_seed2,domain_count,596a1a0f8d7d3bf1a37c4f8a5ac56844,2,__na__,__na__,"[0.1, 0.2]",,0.6,acc,final,0.6966
vrex,2,qrm_vrex_seed2,domain_count,596a1a0f8d7d3bf1a37c4f8a5ac56844,2,__na__,__na__,"[0.1, 0.2]",,0.6,loss,best,0.6232971310615539
vrex,2,qrm_vrex_seed2,domain_count,596a1a0f8d7d3bf1a37c4f8a5ac56844,2,__na__,__na__,"[0.1, 0.2]",,0.6,loss,final,0.6235677033662796
vrex,2,qrm_vrex_seed2,domain_count,596a1a0f8d7d3bf1a37c4f8a5ac56844,2,__na__,__na__,"[0.1, 0.2]",,0.7,acc,best,0.6805
vrex,2,qrm_vrex_seed2,domain_count,596a1a0f8d7d3bf1a37c4f8a5ac56844,2,__na__,__na__,"[0.1, 0.2]",,0.7,acc,final,0.6799
vrex,2,qrm_vrex_seed2,domain_count,596a1a0f8d7d3bf1a37c4f8a5ac56844,2,__na__,__na__,"[0.1, 0.2]",,0.7,loss,best,0.6508646100759506
vrex,2,qrm_vrex_seed2,domain_count,596a1a0f8d7d3bf1a37c4f8a5ac56844,2,__na__,__na__,"[0.1, 0.2]",,0.7,loss,final,0.6557182937860488
vrex,2,qrm_vrex_seed2,domain_count,596a1a0f8d7d3bf1a37c4f8a5ac56844,2,__na__,__na__,"[0.1, 0.2]",,0.8,acc,best,0.6824
vrex,2,qrm_vrex_seed2,domain_count,596a1a0f8d7d3bf1a37c4f8a5ac56844,2,__na__,__na__,"[0.1, 0.2]",,0.8,acc,final,0.6811
vrex,2,qrm_vrex_seed2,domain_count,596a1a0f8d7d3bf1a37c4f8a5ac56844,2,__na__,__na__,"[0.1, 0.2]",,0.8,loss,best,0.6639950633049011
vrex,2,qrm_vrex_seed2,domain_count,596a1a0f8d7d3bf1a37c4f8a5ac56844,2,__na__,__na__,"[0.1, 0.2]",,0.8,loss,final,0.6670923084020615
vrex,2,qrm_vrex_seed2,domain_count,596a1a0f8d7d3bf1a37c4f8a5ac56844,2,__na__,__na__,"[0.1, 0.2]",,0.9,acc,best,0.6773
vrex,2,qrm_vrex_seed2,domain_count,596a1a0f8d7d3bf1a37c4f8a5ac56844,2,__na__,__na__,"[0.1, 0.2]",,0.9,acc,final,0.6755
vrex,2,qrm_vrex_seed2,domain_count,596a1a0f8d7d3bf1a37c4f8a5ac56844,2,__na__,__na__,"[0.1, 0.2]",,0.9,loss,best,0.6744240105152131
vrex,2,qrm_vrex_seed2,domain_count,596a1a0f8d7d3bf1a37c4f8a5ac56844,2,__na__,__na__,"[0.1, 0.2]",,0.9,loss,final,0.6794627696275711
vrex,2,qrm_vrex_seed2,domain_count,596a1a0f8d7d3bf1a37c4f8a5ac56844,2,__na__,__na__,"[0.1, 0.2]",,1.0,acc,best,0.6669
vrex,2,qrm_vrex_seed2,domain_count,596a1a0f8d7d3bf1a37c4f8a5ac56844,2,__na__,__na__,"[0.1, 0.2]",,1.0,acc,final,0.6649
vrex,2,qrm_vrex_seed2,domain_count,596a1a0f8d7d3bf1a37c4f8a5ac56844,2,__na__,__na__,"[0.1, 0.2]",,1.0,loss,best,0.6989387810230255
vrex,2,qrm_vrex_seed2,domain_count,596a1a0f8d7d3bf1a37c4f8a5ac56844,2,__na__,__na__,"[0.1, 0.2]",,1.0,loss,final,0.7048923641443252
vrex,2,qrm_vrex_seed2,domain_count,596a1a0f8d7d3bf1a37c4f8a5ac56844,2,__na__,__na__,"[0.1, 0.2]",,avg_domain,acc,best,0.7018
vrex,2,qrm_vrex_seed2,domain_count,596a1a0f8d7d3bf1a37c4f8a5ac56844,2,__na__,__na__,"[0.1, 0.2]",,worst_domain,acc,best,0.6669
vrex,2,qrm_vrex_seed2,domain_count,596a1a0f8d7d3bf1a37c4f8a5ac56844,2,__na__,__na__,"[0.1, 0.2]",,best_domain,acc,best,0.7337
vrex,2,qrm_vrex_seed2,domain_count,596a1a0f8d7d3bf1a37c4f8a5ac56844,2,__na__,__na__,"[0.1, 0.2]",,avg_domain,acc,final,0.7022272727272727
vrex,2,qrm_vrex_seed2,domain_count,596a1a0f8d7d3bf1a37c4f8a5ac56844,2,__na__,__na__,"[0.1, 0.2]",,worst_domain,acc,final,0.6649
vrex,2,qrm_vrex_seed2,domain_count,596a1a0f8d7d3bf1a37c4f8a5ac56844,2,__na__,__na__,"[0.1, 0.2]",,best_domain,acc,final,0.7367
eqrm,2,qrm_eqrm_seed2,domain_count,e046d008e6f51fbb1f6925b5c2adde14,2,__na__,__na__,"[0.1, 0.2]",,0.0,acc,best,0.6786
eqrm,2,qrm_eqrm_seed2,domain_count,e046d008e6f51fbb1f6925b5c2adde14,2,__na__,__na__,"[0.1, 0.2]",,0.0,acc,final,0.7031
eqrm,2,qrm_eqrm_seed2,domain_count,e046d008e6f51fbb1f6925b5c2adde14,2,__na__,__na__,"[0.1, 0.2]",,0.0,loss,best,0.6014493048191071
eqrm,2,qrm_eqrm_seed2,domain_count,e046d008e6f51fbb1f6925b5c2adde14,2,__na__,__na__,"[0.1, 0.2]",,0.0,loss,final,0.5743594616651535
eqrm,2,qrm_eqrm_seed2,domain_count,e046d008e6f51fbb1f6925b5c2adde14,2,__na__,__na__,"[0.1, 0.2]",,0.1,acc,best,0.6835
eqrm,2,qrm_eqrm_seed2,domain_count,e046d008e6f51fbb1f6925b5c2adde14,2,__na__,__na__,"[0.1, 0.2]",,0.1,acc,final,0.7028
eqrm,2,qrm_eqrm_seed2,domain_count,e046d008e6f51fbb1f6925b5c2adde14,2,__na__,__na__,"[0.1, 0.2]",,0.1,loss,best,0.6026437371969223
eqrm,2,qrm_eqrm_seed2,domain_count,e046d008e6f51fbb1f6925b5c2adde14,2,__na__,__na__,"[0.1, 0.2]",,0.1,loss,final,0.5810131818056107
eqrm,2,qrm_eqrm_seed2,domain_count,e046d008e6f51fbb1f6925b5c2adde14,2,__na__,__na__,"[0.1, 0.2]",,0.2,acc,best,0.6862
eqrm,2,qrm_eqrm_seed2,domain_count,e046d008e6f51fbb1f6925b5c2adde14,2,__na__,__na__,"[0.1, 0.2]",,0.2,acc,final,0.7019
eqrm,2,qrm_eqrm_seed2,domain_count,e046d008e6f51fbb1f6925b5c2adde14,2,__na__,__na__,"[0.1, 0.2]",,0.2,loss,best,0.6050275087356567
eqrm,2,qrm_eqrm_seed2,domain_count,e046d008e6f51fbb1f6925b5c2adde14,2,__na__,__na__,"[0.1, 0.2]",,0.2,loss,final,0.590285313129425
eqrm,2,qrm_eqrm_seed2,domain_count,e046d008e6f51fbb1f6925b5c2adde14,2,__na__,__na__,"[0.1, 0.2]",,0.3,acc,best,0.6995
eqrm,2,qrm_eqrm_seed2,domain_count,e046d008e6f51fbb1f6925b5c2adde14,2,__na__,__na__,"[0.1, 0.2]",,0.3,acc,final,0.7099
eqrm,2,qrm_eqrm_seed2,domain_count,e046d008e6f51fbb1f6925b5c2adde14,2,__na__,__na__,"[0.1, 0.2]",,0.3,loss,best,0.602238655090332
eqrm,2,qrm_eqrm_seed2,domain_count,e046d008e6f51fbb1f6925b5c2adde14,2,__na__,__na__,"[0.1, 0.2]",,0.3,loss,final,0.5908920675516128
eqrm,2,qrm_eqrm_seed2,domain_count,e046d008e6f51fbb1f6925b5c2adde14,2,__na__,__na__,"[0.1, 0.2]",,0.4,acc,best,0.6944
eqrm,2,qrm_eqrm_seed2,domain_count,e046d008e6f51fbb1f6925b5c2adde14,2,__na__,__na__,"[0.1, 0.2]",,0.4,acc,final,0.7
eqrm,2,qrm_eqrm_seed2,domain_count,e046d008e6f51fbb1f6925b5c2adde14,2,__na__,__na__,"[0.1, 0.2]",,0.4,loss,best,0.6066532522439957
eqrm,2,qrm_eqrm_seed2,domain_count,e046d008e6f51fbb1f6925b5c2adde14,2,__na__,__na__,"[0.1, 0.2]",,0.4,loss,final,0.6014477401971817
eqrm,2,qrm_eqrm_seed2,domain_count,e046d008e6f51fbb1f6925b5c2adde14,2,__na__,__na__,"[0.1, 0.2]",,0.5,acc,best,0.6977
eqrm,2,qrm_eqrm_seed2,domain_count,e046d008e6f51fbb1f6925b5c2adde14,2,__na__,__na__,"[0.1, 0.2]",,0.5,acc,final,0.7005
eqrm,2,qrm_eqrm_seed2,domain_count,e046d008e6f51fbb1f6925b5c2adde14,2,__na__,__na__,"[0.1, 0.2]",,0.5,loss,best,0.6140975385904313
eqrm,2,qrm_eqrm_seed2,domain_count,e046d008e6f51fbb1f6925b5c2adde14,2,__na__,__na__,"[0.1, 0.2]",,0.5,loss,final,0.6146521598100663
eqrm,2,qrm_eqrm_seed2,domain_count,e046d008e6f51fbb1f6925b5c2adde14,2,__na__,__na__,"[0.1, 0.2]",,0.6,acc,best,0.7011
eqrm,2,qrm_eqrm_seed2,domain_count,e046d008e6f51fbb1f6925b5c2adde14,2,__na__,__na__,"[0.1, 0.2]",,0.6,acc,final,0.6996
eqrm,2,qrm_eqrm_seed2,domain_count,e046d008e6f51fbb1f6925b5c2adde14,2,__na__,__na__,"[0.1, 0.2]",,0.6,loss,best,0.610243946313858
eqrm,2,qrm_eqrm_seed2,domain_count,e046d008e6f51fbb1f6925b5c2adde14,2,__na__,__na__,"[0.1, 0.2]",,0.6,loss,final,0.6149881035089493
eqrm,2,qrm_eqrm_seed2,domain_count,e046d008e6f51fbb1f6925b5c2adde14,2,__na__,__na__,"[0.1, 0.2]",,0.7,acc,best,0.6956
eqrm,2,qrm_eqrm_seed2,domain_count,e046d008e6f51fbb1f6925b5c2adde14,2,__na__,__na__,"[0.1, 0.2]",,0.7,acc,final,0.6896
eqrm,2,qrm_eqrm_seed2,domain_count,e046d008e6f51fbb1f6925b5c2adde14,2,__na__,__na__,"[0.1, 0.2]",,0.7,loss,best,0.6232953071594238
eqrm,2,qrm_eqrm_seed2,domain_count,e046d008e6f51fbb1f6925b5c2adde14,2,__na__,__na__,"[0.1, 0.2]",,0.7,loss,final,0.6357662349939346
eqrm,2,qrm_eqrm_seed2,domain_count,e046d008e6f51fbb1f6925b5c2adde14,2,__na__,__na__,"[0.1, 0.2]",,0.8,acc,best,0.7053
eqrm,2,qrm_eqrm_seed2,domain_count,e046d008e6f51fbb1f6925b5c2adde14,2,__na__,__na__,"[0.1, 0.2]",,0.8,acc,final,0.6955
eqrm,2,qrm_eqrm_seed2,domain_count,e046d008e6f51fbb1f6925b5c2adde14,2,__na__,__na__,"[0.1, 0.2]",,0.8,loss,best,0.6223307073116302
eqrm,2,qrm_eqrm_seed2,domain_count,e046d008e6f51fbb1f6925b5c2adde14,2,__na__,__na__,"[0.1, 0.2]",,0.8,loss,final,0.6383386254310608
eqrm,2,qrm_eqrm_seed2,domain_count,e046d008e6f51fbb1f6925b5c2adde14,2,__na__,__na__,"[0.1, 0.2]",,0.9,acc,best,0.7087
eqrm,2,qrm_eqrm_seed2,domain_count,e046d008e6f51fbb1f6925b5c2adde14,2,__na__,__na__,"[0.1, 0.2]",,0.9,acc,final,0.695
eqrm,2,qrm_eqrm_seed2,domain_count,e046d008e6f51fbb1f6925b5c2adde14,2,__na__,__na__,"[0.1, 0.2]",,0.9,loss,best,0.6196715146303177
eqrm,2,qrm_eqrm_seed2,domain_count,e046d008e6f51fbb1f6925b5c2adde14,2,__na__,__na__,"[0.1, 0.2]",,0.9,loss,final,0.6420555919408798
eqrm,2,qrm_eqrm_seed2,domain_count,e046d008e6f51fbb1f6925b5c2adde14,2,__na__,__na__,"[0.1, 0.2]",,1.0,acc,best,0.7119
eqrm,2,qrm_eqrm_seed2,domain_count,e046d008e6f51fbb1f6925b5c2adde14,2,__na__,__na__,"[0.1, 0.2]",,1.0,acc,final,0.6923
eqrm,2,qrm_eqrm_seed2,domain_count,e046d008e6f51fbb1f6925b5c2adde14,2,__na__,__na__,"[0.1, 0.2]",,1.0,loss,best,0.6273897171020508
eqrm,2,qrm_eqrm_seed2,domain_count,e046d008e6f51fbb1f6925b5c2adde14,2,__na__,__na__,"[0.1, 0.2]",,1.0,loss,final,0.6554168075323105
eqrm,2,qrm_eqrm_seed2,domain_count,e046d008e6f51fbb1f6925b5c2adde14,2,__na__,__na__,"[0.1, 0.2]",,avg_domain,acc,best,0.696590909090909
eqrm,2,qrm_eqrm_seed2,domain_count,e046d008e6f51fbb1f6925b5c2adde14,2,__na__,__na__,"[0.1, 0.2]",,worst_domain,acc,best,0.6786
eqrm,2,qrm_eqrm_seed2,domain_count,e046d008e6f51fbb1f6925b5c2adde14,2,__na__,__na__,"[0.1, 0.2]",,best_domain,acc,best,0.7119
eqrm,2,qrm_eqrm_seed2,domain_count,e046d008e6f51fbb1f6925b5c2adde14,2,__na__,__na__,"[0.1, 0.2]",,avg_domain,acc,final,0.6991090909090909
eqrm,2,qrm_eqrm_seed2,domain_count,e046d008e6f51fbb1f6925b5c2adde14,2,__na__,__na__,"[0.1, 0.2]",,worst_domain,acc,final,0.6896
eqrm,2,qrm_eqrm_seed2,domain_count,e046d008e6f51fbb1f6925b5c2adde14,2,__na__,__na__,"[0.1, 0.2]",,best_domain,acc,final,0.7099
eqrm,0,qrm_eqrm_seed0,domain_count,19e54b82fe17df59fe26fc8ffcea3e75,2,__na__,__na__,"[0.1, 0.2]",,0.0,acc,best,0.7032
eqrm,0,qrm_eqrm_seed0,domain_count,19e54b82fe17df59fe26fc8ffcea3e75,2,__na__,__na__,"[0.1, 0.2]",,0.0,acc,final,0.7108
eqrm,0,qrm_eqrm_seed0,domain_count,19e54b82fe17df59fe26fc8ffcea3e75,2,__na__,__na__,"[0.1, 0.2]",,0.0,loss,best,0.5671717256307602
eqrm,0,qrm_eqrm_seed0,domain_count,19e54b82fe17df59fe26fc8ffcea3e75,2,__na__,__na__,"[0.1, 0.2]",,0.0,loss,final,0.5614855200052261
eqrm,0,qrm_eqrm_seed0,domain_count,19e54b82fe17df59fe26fc8ffcea3e75,2,__na__,__na__,"[0.1, 0.2]",,0.1,acc,best,0.6957
eqrm,0,qrm_eqrm_seed0,domain_count,19e54b82fe17df59fe26fc8ffcea3e75,2,__na__,__na__,"[0.1, 0.2]",,0.1,acc,final,0.7018
eqrm,0,qrm_eqrm_seed0,domain_count,19e54b82fe17df59fe26fc8ffcea3e75,2,__na__,__na__,"[0.1, 0.2]",,0.1,loss,best,0.5805421948432923
eqrm,0,qrm_eqrm_seed0,domain_count,19e54b82fe17df59fe26fc8ffcea3e75,2,__na__,__na__,"[0.1, 0.2]",,0.1,loss,final,0.5757019013166428
eqrm,0,qrm_eqrm_seed0,domain_count,19e54b82fe17df59fe26fc8ffcea3e75,2,__na__,__na__,"[0.1, 0.2]",,0.2,acc,best,0.6985
eqrm,0,qrm_eqrm_seed0,domain_count,19e54b82fe17df59fe26fc8ffcea3e75,2,__na__,__na__,"[0.1, 0.2]",,0.2,acc,final,0.7025
eqrm,0,qrm_eqrm_seed0,domain_count,19e54b82fe17df59fe26fc8ffcea3e75,2,__na__,__na__,"[0.1, 0.2]",,0.2,loss,best,0.5858047008514404
eqrm,0,qrm_eqrm_seed0,domain_count,19e54b82fe17df59fe26fc8ffcea3e75,2,__na__,__na__,"[0.1, 0.2]",,0.2,loss,final,0.5817883908748627
eqrm,0,qrm_eqrm_seed0,domain_count,19e54b82fe17df59fe26fc8ffcea3e75,2,__na__,__na__,"[0.1, 0.2]",,0.3,acc,best,0.6995
eqrm,0,qrm_eqrm_seed0,domain_count,19e54b82fe17df59fe26fc8ffcea3e75,2,__na__,__na__,"[0.1, 0.2]",,0.3,acc,final,0.7047
eqrm,0,qrm_eqrm_seed0,domain_count,19e54b82fe17df59fe26fc8ffcea3e75,2,__na__,__na__,"[0.1, 0.2]",,0.3,loss,best,0.5951011687517166
eqrm,0,qrm_eqrm_seed0,domain_count,19e54b82fe17df59fe26fc8ffcea3e75,2,__na__,__na__,"[0.1, 0.2]",,0.3,loss,final,0.590595343708992
eqrm,0,qrm_eqrm_seed0,domain_count,19e54b82fe17df59fe26fc8ffcea3e75,2,__na__,__na__,"[0.1, 0.2]",,0.4,acc,best,0.7118
eqrm,0,qrm_eqrm_seed0,domain_count,19e54b82fe17df59fe26fc8ffcea3e75,2,__na__,__na__,"[0.1, 0.2]",,0.4,acc,final,0.7127
eqrm,0,qrm_eqrm_seed0,domain_count,19e54b82fe17df59fe26fc8ffcea3e75,2,__na__,__na__,"[0.1, 0.2]",,0.4,loss,best,0.5951604515314102
eqrm,0,qrm_eqrm_seed0,domain_count,19e54b82fe17df59fe26fc8ffcea3e75,2,__na__,__na__,"[0.1, 0.2]",,0.4,loss,final,0.5944616705179214
eqrm,0,qrm_eqrm_seed0,domain_count,19e54b82fe17df59fe26fc8ffcea3e75,2,__na__,__na__,"[0.1, 0.2]",,0.5,acc,best,0.6944
eqrm,0,qrm_eqrm_seed0,domain_count,19e54b82fe17df59fe26fc8ffcea3e75,2,__na__,__na__,"[0.1, 0.2]",,0.5,acc,final,0.6959
eqrm,0,qrm_eqrm_seed0,domain_count,19e54b82fe17df59fe26fc8ffcea3e75,2,__na__,__na__,"[0.1, 0.2]",,0.5,loss,best,0.6215456455945969
eqrm,0,qrm_eqrm_seed0,domain_count,19e54b82fe17df59fe26fc8ffcea3e75,2,__na__,__na__,"[0.1, 0.2]",,0.5,loss,final,0.6222205400466919
eqrm,0,qrm_eqrm_seed0,domain_count,19e54b82fe17df59fe26fc8ffcea3e75,2,__na__,__na__,"[0.1, 0.2]",,0.6,acc,best,0.7032
eqrm,0,qrm_eqrm_seed0,domain_count,19e54b82fe17df59fe26fc8ffcea3e75,2,__na__,__na__,"[0.1, 0.2]",,0.6,acc,final,0.7003
eqrm,0,qrm_eqrm_seed0,domain_count,19e54b82fe17df59fe26fc8ffcea3e75,2,__na__,__na__,"[0.1, 0.2]",,0.6,loss,best,0.6226637691259385
eqrm,0,qrm_eqrm_seed0,domain_count,19e54b82fe17df59fe26fc8ffcea3e75,2,__na__,__na__,"[0.1, 0.2]",,0.6,loss,final,0.6252767324447632
eqrm,0,qrm_eqrm_seed0,domain_count,19e54b82fe17df59fe26fc8ffcea3e75,2,__na__,__na__,"[0.1, 0.2]",,0.7,acc,best,0.7142
eqrm,0,qrm_eqrm_seed0,domain_count,19e54b82fe17df59fe26fc8ffcea3e75,2,__na__,__na__,"[0.1, 0.2]",,0.7,acc,final,0.7128
eqrm,0,qrm_eqrm_seed0,domain_count,19e54b82fe17df59fe26fc8ffcea3e75,2,__na__,__na__,"[0.1, 0.2]",,0.7,loss,best,0.6209163516759872
eqrm,0,qrm_eqrm_seed0,domain_count,19e54b82fe17df59fe26fc8ffcea3e75,2,__na__,__na__,"[0.1, 0.2]",,0.7,loss,final,0.6233117759227753
eqrm,0,qrm_eqrm_seed0,domain_count,19e54b82fe17df59fe26fc8ffcea3e75,2,__na__,__na__,"[0.1, 0.2]",,0.8,acc,best,0.7104
eqrm,0,qrm_eqrm_seed0,domain_count,19e54b82fe17df59fe26fc8ffcea3e75,2,__na__,__na__,"[0.1, 0.2]",,0.8,acc,final,0.7063
eqrm,0,qrm_eqrm_seed0,domain_count,19e54b82fe17df59fe26fc8ffcea3e75,2,__na__,__na__,"[0.1, 0.2]",,0.8,loss,best,0.6317306190729142
eqrm,0,qrm_eqrm_seed0,domain_count,19e54b82fe17df59fe26fc8ffcea3e75,2,__na__,__na__,"[0.1, 0.2]",,0.8,loss,final,0.6351954281330109
eqrm,0,qrm_eqrm_seed0,domain_count,19e54b82fe17df59fe26fc8ffcea3e75,2,__na__,__na__,"[0.1, 0.2]",,0.9,acc,best,0.7032
eqrm,0,qrm_eqrm_seed0,domain_count,19e54b82fe17df59fe26fc8ffcea3e75,2,__na__,__na__,"[0.1, 0.2]",,0.9,acc,final,0.699
eqrm,0,qrm_eqrm_seed0,domain_count,19e54b82fe17df59fe26fc8ffcea3e75,2,__na__,__na__,"[0.1, 0.2]",,0.9,loss,best,0.6488569766283036
eqrm,0,qrm_eqrm_seed0,domain_count,19e54b82fe17df59fe26fc8ffcea3e75,2,__na__,__na__,"[0.1, 0.2]",,0.9,loss,final,0.6544262349605561
eqrm,0,qrm_eqrm_seed0,domain_count,19e54b82fe17df59fe26fc8ffcea3e75,2,__na__,__na__,"[0.1, 0.2]",,1.0,acc,best,0.7117
eqrm,0,qrm_eqrm_seed0,domain_count,19e54b82fe17df59fe26fc8ffcea3e75,2,__na__,__na__,"[0.1, 0.2]",,1.0,acc,final,0.7049
eqrm,0,qrm_eqrm_seed0,domain_count,19e54b82fe17df59fe26fc8ffcea3e75,2,__na__,__na__,"[0.1, 0.2]",,1.0,loss,best,0.652394351363182
eqrm,0,qrm_eqrm_seed0,domain_count,19e54b82fe17df59fe26fc8ffcea3e75,2,__na__,__na__,"[0.1, 0.2]",,1.0,loss,final,0.6593489468097686
eqrm,0,qrm_eqrm_seed0,domain_count,19e54b82fe17df59fe26fc8ffcea3e75,2,__na__,__na__,"[0.1, 0.2]",,avg_domain,acc,best,0.7041636363636363
eqrm,0,qrm_eqrm_seed0,domain_count,19e54b82fe17df59fe26fc8ffcea3e75,2,__na__,__na__,"[0.1, 0.2]",,worst_domain,acc,best,0.6944
eqrm,0,qrm_eqrm_seed0,domain_count,19e54b82fe17df59fe26fc8ffcea3e75,2,__na__,__na__,"[0.1, 0.2]",,best_domain,acc,best,0.7142
eqrm,0,qrm_eqrm_seed0,domain_count,19e54b82fe17df59fe26fc8ffcea3e75,2,__na__,__na__,"[0.1, 0.2]",,avg_domain,acc,final,0.7047
eqrm,0,qrm_eqrm_seed0,domain_count,19e54b82fe17df59fe26fc8ffcea3e75,2,__na__,__na__,"[0.1, 0.2]",,worst_domain,acc,final,0.6959
eqrm,0,qrm_eqrm_seed0,domain_count,19e54b82fe17df59fe26fc8ffcea3e75,2,__na__,__na__,"[0.1, 0.2]",,best_domain,acc,final,0.7128
eqrm,4,qrm_eqrm_seed4,domain_count,a5fe0fa84ca61ddce0ce7b5ad4cb3457,2,__na__,__na__,"[0.1, 0.2]",,0.0,acc,best,0.6598
eqrm,4,qrm_eqrm_seed4,domain_count,a5fe0fa84ca61ddce0ce7b5ad4cb3457,2,__na__,__na__,"[0.1, 0.2]",,0.0,acc,final,0.686
eqrm,4,qrm_eqrm_seed4,domain_count,a5fe0fa84ca61ddce0ce7b5ad4cb3457,2,__na__,__na__,"[0.1, 0.2]",,0.0,loss,best,0.627012875676155
eqrm,4,qrm_eqrm_seed4,domain_count,a5fe0fa84ca61ddce0ce7b5ad4cb3457,2,__na__,__na__,"[0.1, 0.2]",,0.0,loss,final,0.5933594077825546
eqrm,4,qrm_eqrm_seed4,domain_count,a5fe0fa84ca61ddce0ce7b5ad4cb3457,2,__na__,__na__,"[0.1, 0.2]",,0.1,acc,best,0.6668
eqrm,4,qrm_eqrm_seed4,domain_count,a5fe0fa84ca61ddce0ce7b5ad4cb3457,2,__na__,__na__,"[0.1, 0.2]",,0.1,acc,final,0.6885
eqrm,4,qrm_eqrm_seed4,domain_count,a5fe0fa84ca61ddce0ce7b5ad4cb3457,2,__na__,__na__,"[0.1, 0.2]",,0.1,loss,best,0.6208012491464615
eqrm,4,qrm_eqrm_seed4,domain_count,a5fe0fa84ca61ddce0ce7b5ad4cb3457,2,__na__,__na__,"[0.1, 0.2]",,0.1,loss,final,0.594356456398964
eqrm,4,qrm_eqrm_seed4,domain_count,a5fe0fa84ca61ddce0ce7b5ad4cb3457,2,__na__,__na__,"[0.1, 0.2]",,0.2,acc,best,0.6763
eqrm,4,qrm_eqrm_seed4,domain_count,a5fe0fa84ca61ddce0ce7b5ad4cb3457,2,__na__,__na__,"[0.1, 0.2]",,0.2,acc,final,0.6935
eqrm,4,qrm_eqrm_seed4,domain_count,a5fe0fa84ca61ddce0ce7b5ad4cb3457,2,__na__,__na__,"[0.1, 0.2]",,0.2,loss,best,0.6186416506767273
eqrm,4,qrm_eqrm_seed4,domain_count,a5fe0fa84ca61ddce0ce7b5ad4cb3457,2,__na__,__na__,"[0.1, 0.2]",,0.2,loss,final,0.5973741948604584
eqrm,4,qrm_eqrm_seed4,domain_count,a5fe0fa84ca61ddce0ce7b5ad4cb3457,2,__na__,__na__,"[0.1, 0.2]",,0.3,acc,best,0.6806
eqrm,4,qrm_eqrm_seed4,domain_count,a5fe0fa84ca61ddce0ce7b5ad4cb3457,2,__na__,__na__,"[0.1, 0.2]",,0.3,acc,final,0.6951
eqrm,4,qrm_eqrm_seed4,domain_count,a5fe0fa84ca61ddce0ce7b5ad4cb3457,2,__na__,__na__,"[0.1, 0.2]",,0.3,loss,best,0.6178483873605728
eqrm,4,qrm_eqrm_seed4,domain_count,a5fe0fa84ca61ddce0ce7b5ad4cb3457,2,__na__,__na__,"[0.1, 0.2]",,0.3,loss,final,0.6046769767999649
eqrm,4,qrm_eqrm_seed4,domain_count,a5fe0fa84ca61ddce0ce7b5ad4cb3457,2,__na__,__na__,"[0.1, 0.2]",,0.4,acc,best,0.688
eqrm,4,qrm_eqrm_seed4,domain_count,a5fe0fa84ca61ddce0ce7b5ad4cb3457,2,__na__,__na__,"[0.1, 0.2]",,0.4,acc,final,0.6967
eqrm,4,qrm_eqrm_seed4,domain_count,a5fe0fa84ca61ddce0ce7b5ad4cb3457,2,__na__,__na__,"[0.1, 0.2]",,0.4,loss,best,0.6159287422895432
eqrm,4,qrm_eqrm_seed4,domain_count,a5fe0fa84ca61ddce0ce7b5ad4cb3457,2,__na__,__na__,"[0.1, 0.2]",,0.4,loss,final,0.6069814771413803
eqrm,4,qrm_eqrm_seed4,domain_count,a5fe0fa84ca61ddce0ce7b5ad4cb3457,2,__na__,__na__,"[0.1, 0.2]",,0.5,acc,best,0.6964
eqrm,4,qrm_eqrm_seed4,domain_count,a5fe0fa84ca61ddce0ce7b5ad4cb3457,2,__na__,__na__,"[0.1, 0.2]",,0.5,acc,final,0.701
eqrm,4,qrm_eqrm_seed4,domain_count,a5fe0fa84ca61ddce0ce7b5ad4cb3457,2,__na__,__na__,"[0.1, 0.2]",,0.5,loss,best,0.6125884473323822
eqrm,4,qrm_eqrm_seed4,domain_count,a5fe0fa84ca61ddce0ce7b5ad4cb3457,2,__na__,__na__,"[0.1, 0.2]",,0.5,loss,final,0.6092798441648484
eqrm,4,qrm_eqrm_seed4,domain_count,a5fe0fa84ca61ddce0ce7b5ad4cb3457,2,__na__,__na__,"[0.1, 0.2]",,0.6,acc,best,0.6992
eqrm,4,qrm_eqrm_seed4,domain_count,a5fe0fa84ca61ddce0ce7b5ad4cb3457,2,__na__,__na__,"[0.1, 0.2]",,0.6,acc,final,0.6991
eqrm,4,qrm_eqrm_seed4,domain_count,a5fe0fa84ca61ddce0ce7b5ad4cb3457,2,__na__,__na__,"[0.1, 0.2]",,0.6,loss,best,0.6152123242616654
eqrm,4,qrm_eqrm_seed4,domain_count,a5fe0fa84ca61ddce0ce7b5ad4cb3457,2,__na__,__na__,"[0.1, 0.2]",,0.6,loss,final,0.6173321545124054
eqrm,4,qrm_eqrm_seed4,domain_count,a5fe0fa84ca61ddce0ce7b5ad4cb3457,2,__na__,__na__,"[0.1, 0.2]",,0.7,acc,best,0.7092
eqrm,4,qrm_eqrm_seed4,domain_count,a5fe0fa84ca61ddce0ce7b5ad4cb3457,2,__na__,__na__,"[0.1, 0.2]",,0.7,acc,final,0.7064
eqrm,4,qrm_eqrm_seed4,domain_count,a5fe0fa84ca61ddce0ce7b5ad4cb3457,2,__na__,__na__,"[0.1, 0.2]",,0.7,loss,best,0.6101371973752976
eqrm,4,qrm_eqrm_seed4,domain_count,a5fe0fa84ca61ddce0ce7b5ad4cb3457,2,__na__,__na__,"[0.1, 0.2]",,0.7,loss,final,0.6196084499359131
eqrm,4,qrm_eqrm_seed4,domain_count,a5fe0fa84ca61ddce0ce7b5ad4cb3457,2,__na__,__na__,"[0.1, 0.2]",,0.8,acc,best,0.718
eqrm,4,qrm_eqrm_seed4,domain_count,a5fe0fa84ca61ddce0ce7b5ad4cb3457,2,__na__,__na__,"[0.1, 0.2]",,0.8,acc,final,0.7116
eqrm,4,qrm_eqrm_seed4,domain_count,a5fe0fa84ca61ddce0ce7b5ad4cb3457,2,__na__,__na__,"[0.1, 0.2]",,0.8,loss,best,0.60462466776371
eqrm,4,qrm_eqrm_seed4,domain_count,a5fe0fa84ca61ddce0ce7b5ad4cb3457,2,__na__,__na__,"[0.1, 0.2]",,0.8,loss,final,0.6198352128267288
eqrm,4,qrm_eqrm_seed4,domain_count,a5fe0fa84ca61ddce0ce7b5ad4cb3457,2,__na__,__na__,"[0.1, 0.2]",,0.9,acc,best,0.729
eqrm,4,qrm_eqrm_seed4,domain_count,a5fe0fa84ca61ddce0ce7b5ad4cb3457,2,__na__,__na__,"[0.1, 0.2]",,0.9,acc,final,0.7181
eqrm,4,qrm_eqrm_seed4,domain_count,a5fe0fa84ca61ddce0ce7b5ad4cb3457,2,__na__,__na__,"[0.1, 0.2]",,0.9,loss,best,0.6050194025039672
eqrm,4,qrm_eqrm_seed4,domain_count,a5fe0fa84ca61ddce0ce7b5ad4cb3457,2,__na__,__na__,"[0.1, 0.2]",,0.9,loss,final,0.6271327286958694
eqrm,4,qrm_eqrm_seed4,domain_count,a5fe0fa84ca61ddce0ce7b5ad4cb3457,2,__na__,__na__,"[0.1, 0.2]",,1.0,acc,best,0.7293
eqrm,4,qrm_eqrm_seed4,domain_count,a5fe0fa84ca61ddce0ce7b5ad4cb3457,2,__na__,__na__,"[0.1, 0.2]",,1.0,acc,final,0.7149
eqrm,4,qrm_eqrm_seed4,domain_count,a5fe0fa84ca61ddce0ce7b5ad4cb3457,2,__na__,__na__,"[0.1, 0.2]",,1.0,loss,best,0.6024722039699555
eqrm,4,qrm_eqrm_seed4,domain_count,a5fe0fa84ca61ddce0ce7b5ad4cb3457,2,__na__,__na__,"[0.1, 0.2]",,1.0,loss,final,0.6297949612140655
eqrm,4,qrm_eqrm_seed4,domain_count,a5fe0fa84ca61ddce0ce7b5ad4cb3457,2,__na__,__na__,"[0.1, 0.2]",,avg_domain,acc,best,0.695690909090909
eqrm,4,qrm_eqrm_seed4,domain_count,a5fe0fa84ca61ddce0ce7b5ad4cb3457,2,__na__,__na__,"[0.1, 0.2]",,worst_domain,acc,best,0.6598
eqrm,4,qrm_eqrm_seed4,domain_count,a5fe0fa84ca61ddce0ce7b5ad4cb3457,2,__na__,__na__,"[0.1, 0.2]",,best_domain,acc,best,0.7293
eqrm,4,qrm_eqrm_seed4,domain_count,a5fe0fa84ca61ddce0ce7b5ad4cb3457,2,__na__,__na__,"[0.1, 0.2]",,avg_domain,acc,final,0.7009909090909091
eqrm,4,qrm_eqrm_seed4,domain_count,a5fe0fa84ca61ddce0ce7b5ad4cb3457,2,__na__,__na__,"[0.1, 0.2]",,worst_domain,acc,final,0.686
eqrm,4,qrm_eqrm_seed4,domain_count,a5fe0fa84ca61ddce0ce7b5ad4cb3457,2,__na__,__na__,"[0.1, 0.2]",,best_domain,acc,final,0.7181
eqrm,3,qrm_eqrm_seed3,domain_count,ff7d9752e6d4071004ab815ccb709927,2,__na__,__na__,"[0.1, 0.2]",,0.0,acc,best,0.6692
eqrm,3,qrm_eqrm_seed3,domain_count,ff7d9752e6d4071004ab815ccb709927,2,__na__,__na__,"[0.1, 0.2]",,0.0,acc,final,0.6966
eqrm,3,qrm_eqrm_seed3,domain_count,ff7d9752e6d4071004ab815ccb709927,2,__na__,__na__,"[0.1, 0.2]",,0.0,loss,best,0.6135987848043442
eqrm,3,qrm_eqrm_seed3,domain_count,ff7d9752e6d4071004ab815ccb709927,2,__na__,__na__,"[0.1, 0.2]",,0.0,loss,final,0.5801131188869476
eqrm,3,qrm_eqrm_seed3,domain_count,ff7d9752e6d4071004ab815ccb709927,2,__na__,__na__,"[0.1, 0.2]",,0.1,acc,best,0.6822
eqrm,3,qrm_eqrm_seed3,domain_count,ff7d9752e6d4071004ab815ccb709927,2,__na__,__na__,"[0.1, 0.2]",,0.1,acc,final,0.7041
eqrm,3,qrm_eqrm_seed3,domain_count,ff7d9752e6d4071004ab815ccb709927,2,__na__,__na__,"[0.1, 0.2]",,0.1,loss,best,0.6051747858524322
eqrm,3,qrm_eqrm_seed3,domain_count,ff7d9752e6d4071004ab815ccb709927,2,__na__,__na__,"[0.1, 0.2]",,0.1,loss,final,0.5803312629461288
eqrm,3,qrm_eqrm_seed3,domain_count,ff7d9752e6d4071004ab815ccb709927,2,__na__,__na__,"[0.1, 0.2]",,0.2,acc,best,0.6764
eqrm,3,qrm_eqrm_seed3,domain_count,ff7d9752e6d4071004ab815ccb709927,2,__na__,__na__,"[0.1, 0.2]",,0.2,acc,final,0.6921
eqrm,3,qrm_eqrm_seed3,domain_count,ff7d9752e6d4071004ab815ccb709927,2,__na__,__na__,"[0.1, 0.2]",,0.2,loss,best,0.6183879464864731
eqrm,3,qrm_eqrm_seed3,domain_count,ff7d9752e6d4071004ab815ccb709927,2,__na__,__na__,"[0.1, 0.2]",,0.2,loss,final,0.5977876275777817
eqrm,3,qrm_eqrm_seed3,domain_count,ff7d9752e6d4071004ab815ccb709927,2,__na__,__na__,"[0.1, 0.2]",,0.3,acc,best,0.681
eqrm,3,qrm_eqrm_seed3,domain_count,ff7d9752e6d4071004ab815ccb709927,2,__na__,__na__,"[0.1, 0.2]",,0.3,acc,final,0.6955
eqrm,3,qrm_eqrm_seed3,domain_count,ff7d9752e6d4071004ab815ccb709927,2,__na__,__na__,"[0.1, 0.2]",,0.3,loss,best,0.6144046604633331
eqrm,3,qrm_eqrm_seed3,domain_count,ff7d9752e6d4071004ab815ccb709927,2,__na__,__na__,"[0.1, 0.2]",,0.3,loss,final,0.6000205427408218
eqrm,3,qrm_eqrm_seed3,domain_count,ff7d9752e6d4071004ab815ccb709927,2,__na__,__na__,"[0.1, 0.2]",,0.4,acc,best,0.6976
eqrm,3,qrm_eqrm_seed3,domain_count,ff7d9752e6d4071004ab815ccb709927,2,__na__,__na__,"[0.1, 0.2]",,0.4,acc,final,0.7032
eqrm,3,qrm_eqrm_seed3,domain_count,ff7d9752e6d4071004ab815ccb709927,2,__na__,__na__,"[0.1, 0.2]",,0.4,loss,best,0.6088009476661682
eqrm,3,qrm_eqrm_seed3,domain_count,ff7d9752e6d4071004ab815ccb709927,2,__na__,__na__,"[0.1, 0.2]",,0.4,loss,final,0.602416142821312
eqrm,3,qrm_eqrm_seed3,domain_count,ff7d9752e6d4071004ab815ccb709927,2,__na__,__na__,"[0.1, 0.2]",,0.5,acc,best,0.7
eqrm,3,qrm_eqrm_seed3,domain_count,ff7d9752e6d4071004ab815ccb709927,2,__na__,__na__,"[0.1, 0.2]",,0.5,acc,final,0.7015
eqrm,3,qrm_eqrm_seed3,domain_count,ff7d9752e6d4071004ab815ccb709927,2,__na__,__na__,"[0.1, 0.2]",,0.5,loss,best,0.6086659818887711
eqrm,3,qrm_eqrm_seed3,domain_count,ff7d9752e6d4071004ab815ccb709927,2,__na__,__na__,"[0.1, 0.2]",,0.5,loss,final,0.6084228903055191
eqrm,3,qrm_eqrm_seed3,domain_count,ff7d9752e6d4071004ab815ccb709927,2,__na__,__na__,"[0.1, 0.2]",,0.6,acc,best,0.7058
eqrm,3,qrm_eqrm_seed3,domain_count,ff7d9752e6d4071004ab815ccb709927,2,__na__,__na__,"[0.1, 0.2]",,0.6,acc,final,0.7046
eqrm,3,qrm_eqrm_seed3,domain_count,ff7d9752e6d4071004ab815ccb709927,2,__na__,__na__,"[0.1, 0.2]",,0.6,loss,best,0.6099442303180694
eqrm,3,qrm_eqrm_seed3,domain_count,ff7d9752e6d4071004ab815ccb709927,2,__na__,__na__,"[0.1, 0.2]",,0.6,loss,final,0.6148527830839157
eqrm,3,qrm_eqrm_seed3,domain_count,ff7d9752e6d4071004ab815ccb709927,2,__na__,__na__,"[0.1, 0.2]",,0.7,acc,best,0.7169
eqrm,3,qrm_eqrm_seed3,domain_count,ff7d9752e6d4071004ab815ccb709927,2,__na__,__na__,"[0.1, 0.2]",,0.7,acc,final,0.7076
eqrm,3,qrm_eqrm_seed3,domain_count,ff7d9752e6d4071004ab815ccb709927,2,__na__,__na__,"[0.1, 0.2]",,0.7,loss,best,0.6067923009395599
eqrm,3,qrm_eqrm_seed3,domain_count,ff7d9752e6d4071004ab815ccb709927,2,__na__,__na__,"[0.1, 0.2]",,0.7,loss,final,0.6185104161500931
eqrm,3,qrm_eqrm_seed3,domain_count,ff7d9752e6d4071004ab815ccb709927,2,__na__,__na__,"[0.1, 0.2]",,0.8,acc,best,0.7112
eqrm,3,qrm_eqrm_seed3,domain_count,ff7d9752e6d4071004ab815ccb709927,2,__na__,__na__,"[0.1, 0.2]",,0.8,acc,final,0.6992
eqrm,3,qrm_eqrm_seed3,domain_count,ff7d9752e6d4071004ab815ccb709927,2,__na__,__na__,"[0.1, 0.2]",,0.8,loss,best,0.6133201748132706
eqrm,3,qrm_eqrm_seed3,domain_count,ff7d9752e6d4071004ab815ccb709927,2,__na__,__na__,"[0.1, 0.2]",,0.8,loss,final,0.6308088421821594
eqrm,3,qrm_eqrm_seed3,domain_count,ff7d9752e6d4071004ab815ccb709927,2,__na__,__na__,"[0.1, 0.2]",,0.9,acc,best,0.7189
eqrm,3,qrm_eqrm_seed3,domain_count,ff7d9752e6d4071004ab815ccb709927,2,__na__,__na__,"[0.1, 0.2]",,0.9,acc,final,0.7032
eqrm,3,qrm_eqrm_seed3,domain_count,ff7d9752e6d4071004ab815ccb709927,2,__na__,__na__,"[0.1, 0.2]",,0.9,loss,best,0.612602698802948
eqrm,3,qrm_eqrm_seed3,domain_count,ff7d9752e6d4071004ab815ccb709927,2,__na__,__na__,"[0.1, 0.2]",,0.9,loss,final,0.6379807144403458
eqrm,3,qrm_eqrm_seed3,domain_count,ff7d9752e6d4071004ab815ccb709927,2,__na__,__na__,"[0.1, 0.2]",,1.0,acc,best,0.7264
eqrm,3,qrm_eqrm_seed3,domain_count,ff7d9752e6d4071004ab815ccb709927,2,__na__,__na__,"[0.1, 0.2]",,1.0,acc,final,0.7051
eqrm,3,qrm_eqrm_seed3,domain_count,ff7d9752e6d4071004ab815ccb709927,2,__na__,__na__,"[0.1, 0.2]",,1.0,loss,best,0.6107827514410019
eqrm,3,qrm_eqrm_seed3,domain_count,ff7d9752e6d4071004ab815ccb709927,2,__na__,__na__,"[0.1, 0.2]",,1.0,loss,final,0.640310189127922
eqrm,3,qrm_eqrm_seed3,domain_count,ff7d9752e6d4071004ab815ccb709927,2,__na__,__na__,"[0.1, 0.2]",,avg_domain,acc,best,0.6986909090909091
eqrm,3,qrm_eqrm_seed3,domain_count,ff7d9752e6d4071004ab815ccb709927,2,__na__,__na__,"[0.1, 0.2]",,worst_domain,acc,best,0.6692
eqrm,3,qrm_eqrm_seed3,domain_count,ff7d9752e6d4071004ab815ccb709927,2,__na__,__na__,"[0.1, 0.2]",,best_domain,acc,best,0.7264
eqrm,3,qrm_eqrm_seed3,domain_count,ff7d9752e6d4071004ab815ccb709927,2,__na__,__na__,"[0.1, 0.2]",,avg_domain,acc,final,0.7011545454545455
eqrm,3,qrm_eqrm_seed3,domain_count,ff7d9752e6d4071004ab815ccb709927,2,__na__,__na__,"[0.1, 0.2]",,worst_domain,acc,final,0.6921
eqrm,3,qrm_eqrm_seed3,domain_count,ff7d9752e6d4071004ab815ccb709927,2,__na__,__na__,"[0.1, 0.2]",,best_domain,acc,final,0.7076
vrex,1,qrm_vrex_seed1,domain_count,0a2fd5ab5e1d9df0bd69880e5c2ac24f,2,__na__,__na__,"[0.1, 0.2]",,0.0,acc,best,0.725
vrex,1,qrm_vrex_seed1,domain_count,0a2fd5ab5e1d9df0bd69880e5c2ac24f,2,__na__,__na__,"[0.1, 0.2]",,0.0,acc,final,0.7282
vrex,1,qrm_vrex_seed1,domain_count,0a2fd5ab5e1d9df0bd69880e5c2ac24f,2,__na__,__na__,"[0.1, 0.2]",,0.0,loss,best,0.5325007915496827
vrex,1,qrm_vrex_seed1,domain_count,0a2fd5ab5e1d9df0bd69880e5c2ac24f,2,__na__,__na__,"[0.1, 0.2]",,0.0,loss,final,0.526628489792347
vrex,1,qrm_vrex_seed1,domain_count,0a2fd5ab5e1d9df0bd69880e5c2ac24f,2,__na__,__na__,"[0.1, 0.2]",,0.1,acc,best,0.716
vrex,1,qrm_vrex_seed1,domain_count,0a2fd5ab5e1d9df0bd69880e5c2ac24f,2,__na__,__na__,"[0.1, 0.2]",,0.1,acc,final,0.7185
vrex,1,qrm_vrex_seed1,domain_count,0a2fd5ab5e1d9df0bd69880e5c2ac24f,2,__na__,__na__,"[0.1, 0.2]",,0.1,loss,best,0.5521265774965286
vrex,1,qrm_vrex_seed1,domain_count,0a2fd5ab5e1d9df0bd69880e5c2ac24f,2,__na__,__na__,"[0.1, 0.2]",,0.1,loss,final,0.5481925219297409
vrex,1,qrm_vrex_seed1,domain_count,0a2fd5ab5e1d9df0bd69880e5c2ac24f,2,__na__,__na__,"[0.1, 0.2]",,0.2,acc,best,0.7153
vrex,1,qrm_vrex_seed1,domain_count,0a2fd5ab5e1d9df0bd69880e5c2ac24f,2,__na__,__na__,"[0.1, 0.2]",,0.2,acc,final,0.7178
vrex,1,qrm_vrex_seed1,domain_count,0a2fd5ab5e1d9df0bd69880e5c2ac24f,2,__na__,__na__,"[0.1, 0.2]",,0.2,loss,best,0.5631102234125137
vrex,1,qrm_vrex_seed1,domain_count,0a2fd5ab5e1d9df0bd69880e5c2ac24f,2,__na__,__na__,"[0.1, 0.2]",,0.2,loss,final,0.5594974040985108
vrex,1,qrm_vrex_seed1,domain_count,0a2fd5ab5e1d9df0bd69880e5c2ac24f,2,__na__,__na__,"[0.1, 0.2]",,0.3,acc,best,0.7172
vrex,1,qrm_vrex_seed1,domain_count,0a2fd5ab5e1d9df0bd69880e5c2ac24f,2,__na__,__na__,"[0.1, 0.2]",,0.3,acc,final,0.7188
vrex,1,qrm_vrex_seed1,domain_count,0a2fd5ab5e1d9df0bd69880e5c2ac24f,2,__na__,__na__,"[0.1, 0.2]",,0.3,loss,best,0.5737067282199859
vrex,1,qrm_vrex_seed1,domain_count,0a2fd5ab5e1d9df0bd69880e5c2ac24f,2,__na__,__na__,"[0.1, 0.2]",,0.3,loss,final,0.5713433235883713
vrex,1,qrm_vrex_seed1,domain_count,0a2fd5ab5e1d9df0bd69880e5c2ac24f,2,__na__,__na__,"[0.1, 0.2]",,0.4,acc,best,0.7021
vrex,1,qrm_vrex_seed1,domain_count,0a2fd5ab5e1d9df0bd69880e5c2ac24f,2,__na__,__na__,"[0.1, 0.2]",,0.4,acc,final,0.703
vrex,1,qrm_vrex_seed1,domain_count,0a2fd5ab5e1d9df0bd69880e5c2ac24f,2,__na__,__na__,"[0.1, 0.2]",,0.4,loss,best,0.6012005001306534
vrex,1,qrm_vrex_seed1,domain_count,0a2fd5ab5e1d9df0bd69880e5c2ac24f,2,__na__,__na__,"[0.1, 0.2]",,0.4,loss,final,0.6004215806722641
vrex,1,qrm_vrex_seed1,domain_count,0a2fd5ab5e1d9df0bd69880e5c2ac24f,2,__na__,__na__,"[0.1, 0.2]",,0.5,acc,best,0.7086
vrex,1,qrm_vrex_seed1,domain_count,0a2fd5ab5e1d9df0bd69880e5c2ac24f,2,__na__,__na__,"[0.1, 0.2]",,0.5,acc,final,0.7094
vrex,1,qrm_vrex_seed1,domain_count,0a2fd5ab5e1d9df0bd69880e5c2ac24f,2,__na__,__na__,"[0.1, 0.2]",,0.5,loss,best,0.6065208196640015
vrex,1,qrm_vrex_seed1,domain_count,0a2fd5ab5e1d9df0bd69880e5c2ac24f,2,__na__,__na__,"[0.1, 0.2]",,0.5,loss,final,0.6052080601453781
vrex,1,qrm_vrex_seed1,domain_count,0a2fd5ab5e1d9df0bd69880e5c2ac24f,2,__na__,__na__,"[0.1, 0.2]",,0.6,acc,best,0.7033
vrex,1,qrm_vrex_seed1,domain_count,0a2fd5ab5e1d9df0bd69880e5c2ac24f,2,__na__,__na__,"[0.1, 0.2]",,0.6,acc,final,0.7036
vrex,1,qrm_vrex_seed1,domain_count,0a2fd5ab5e1d9df0bd69880e5c2ac24f,2,__na__,__na__,"[0.1, 0.2]",,0.6,loss,best,0.6248057395219803
vrex,1,qrm_vrex_seed1,domain_count,0a2fd5ab5e1d9df0bd69880e5c2ac24f,2,__na__,__na__,"[0.1, 0.2]",,0.6,loss,final,0.6260524988174438
vrex,1,qrm_vrex_seed1,domain_count,0a2fd5ab5e1d9df0bd69880e5c2ac24f,2,__na__,__na__,"[0.1, 0.2]",,0.7,acc,best,0.6892
vrex,1,qrm_vrex_seed1,domain_count,0a2fd5ab5e1d9df0bd69880e5c2ac24f,2,__na__,__na__,"[0.1, 0.2]",,0.7,acc,final,0.6886
vrex,1,qrm_vrex_seed1,domain_count,0a2fd5ab5e1d9df0bd69880e5c2ac24f,2,__na__,__na__,"[0.1, 0.2]",,0.7,loss,best,0.6444947332143783
vrex,1,qrm_vrex_seed1,domain_count,0a2fd5ab5e1d9df0bd69880e5c2ac24f,2,__na__,__na__,"[0.1, 0.2]",,0.7,loss,final,0.647254204750061
vrex,1,qrm_vrex_seed1,domain_count,0a2fd5ab5e1d9df0bd69880e5c2ac24f,2,__na__,__na__,"[0.1, 0.2]",,0.8,acc,best,0.6868
vrex,1,qrm_vrex_seed1,domain_count,0a2fd5ab5e1d9df0bd69880e5c2ac24f,2,__na__,__na__,"[0.1, 0.2]",,0.8,acc,final,0.6852
vrex,1,qrm_vrex_seed1,domain_count,0a2fd5ab5e1d9df0bd69880e5c2ac24f,2,__na__,__na__,"[0.1, 0.2]",,0.8,loss,best,0.664600956439972
vrex,1,qrm_vrex_seed1,domain_count,0a2fd5ab5e1d9df0bd69880e5c2ac24f,2,__na__,__na__,"[0.1, 0.2]",,0.8,loss,final,0.6691059947013855
vrex,1,qrm_vrex_seed1,domain_count,0a2fd5ab5e1d9df0bd69880e5c2ac24f,2,__na__,__na__,"[0.1, 0.2]",,0.9,acc,best,0.6851
vrex,1,qrm_vrex_seed1,domain_count,0a2fd5ab5e1d9df0bd69880e5c2ac24f,2,__na__,__na__,"[0.1, 0.2]",,0.9,acc,final,0.6812
vrex,1,qrm_vrex_seed1,domain_count,0a2fd5ab5e1d9df0bd69880e5c2ac24f,2,__na__,__na__,"[0.1, 0.2]",,0.9,loss,best,0.6741547167301178
vrex,1,qrm_vrex_seed1,domain_count,0a2fd5ab5e1d9df0bd69880e5c2ac24f,2,__na__,__na__,"[0.1, 0.2]",,0.9,loss,final,0.6783145606517792
vrex,1,qrm_vrex_seed1,domain_count,0a2fd5ab5e1d9df0bd69880e5c2ac24f,2,__na__,__na__,"[0.1, 0.2]",,1.0,acc,best,0.6812
vrex,1,qrm_vrex_seed1,domain_count,0a2fd5ab5e1d9df0bd69880e5c2ac24f,2,__na__,__na__,"[0.1, 0.2]",,1.0,acc,final,0.678
vrex,1,qrm_vrex_seed1,domain_count,0a2fd5ab5e1d9df0bd69880e5c2ac24f,2,__na__,__na__,"[0.1, 0.2]",,1.0,loss,best,0.6897154420614242
vrex,1,qrm_vrex_seed1,domain_count,0a2fd5ab5e1d9df0bd69880e5c2ac24f,2,__na__,__na__,"[0.1, 0.2]",,1.0,loss,final,0.6961871385574341
vrex,1,qrm_vrex_seed1,domain_count,0a2fd5ab5e1d9df0bd69880e5c2ac24f,2,__na__,__na__,"[0.1, 0.2]",,avg_domain,acc,best,0.702709090909091
vrex,1,qrm_vrex_seed1,domain_count,0a2fd5ab5e1d9df0bd69880e5c2ac24f,2,__na__,__na__,"[0.1, 0.2]",,worst_domain,acc,best,0.6812
vrex,1,qrm_vrex_seed1,domain_count,0a2fd5ab5e1d9df0bd69880e5c2ac24f,2,__na__,__na__,"[0.1, 0.2]",,best_domain,acc,best,0.725
vrex,1,qrm_vrex_seed1,domain_count,0a2fd5ab5e1d9df0bd69880e5c2ac24f,2,__na__,__na__,"[0.1, 0.2]",,avg_domain,acc,final,0.7029363636363637
vrex,1,qrm_vrex_seed1,domain_count,0a2fd5ab5e1d9df0bd69880e5c2ac24f,2,__na__,__na__,"[0.1, 0.2]",,worst_domain,acc,final,0.678
vrex,1,qrm_vrex_seed1,domain_count,0a2fd5ab5e1d9df0bd69880e5c2ac24f,2,__na__,__na__,"[0.1, 0.2]",,best_domain,acc,final,0.7282
vrex,3,qrm_vrex_seed3,domain_count,018144d807d73d83829442e4a373981d,2,__na__,__na__,"[0.1, 0.2]",,0.0,acc,best,0.7245
vrex,3,qrm_vrex_seed3,domain_count,018144d807d73d83829442e4a373981d,2,__na__,__na__,"[0.1, 0.2]",,0.0,acc,final,0.7304
vrex,3,qrm_vrex_seed3,domain_count,018144d807d73d83829442e4a373981d,2,__na__,__na__,"[0.1, 0.2]",,0.0,loss,best,0.5348129391670227
vrex,3,qrm_vrex_seed3,domain_count,018144d807d73d83829442e4a373981d,2,__na__,__na__,"[0.1, 0.2]",,0.0,loss,final,0.5214197754859924
vrex,3,qrm_vrex_seed3,domain_count,018144d807d73d83829442e4a373981d,2,__na__,__na__,"[0.1, 0.2]",,0.1,acc,best,0.7289
vrex,3,qrm_vrex_seed3,domain_count,018144d807d73d83829442e4a373981d,2,__na__,__na__,"[0.1, 0.2]",,0.1,acc,final,0.7333
vrex,3,qrm_vrex_seed3,domain_count,018144d807d73d83829442e4a373981d,2,__na__,__na__,"[0.1, 0.2]",,0.1,loss,best,0.5428175866603852
vrex,3,qrm_vrex_seed3,domain_count,018144d807d73d83829442e4a373981d,2,__na__,__na__,"[0.1, 0.2]",,0.1,loss,final,0.5340687900781631
vrex,3,qrm_vrex_seed3,domain_count,018144d807d73d83829442e4a373981d,2,__na__,__na__,"[0.1, 0.2]",,0.2,acc,best,0.709
vrex,3,qrm_vrex_seed3,domain_count,018144d807d73d83829442e4a373981d,2,__na__,__na__,"[0.1, 0.2]",,0.2,acc,final,0.7125
vrex,3,qrm_vrex_seed3,domain_count,018144d807d73d83829442e4a373981d,2,__na__,__na__,"[0.1, 0.2]",,0.2,loss,best,0.5704021573066711
vrex,3,qrm_vrex_seed3,domain_count,018144d807d73d83829442e4a373981d,2,__na__,__na__,"[0.1, 0.2]",,0.2,loss,final,0.563055008649826
vrex,3,qrm_vrex_seed3,domain_count,018144d807d73d83829442e4a373981d,2,__na__,__na__,"[0.1, 0.2]",,0.3,acc,best,0.7088
vrex,3,qrm_vrex_seed3,domain_count,018144d807d73d83829442e4a373981d,2,__na__,__na__,"[0.1, 0.2]",,0.3,acc,final,0.7101
vrex,3,qrm_vrex_seed3,domain_count,018144d807d73d83829442e4a373981d,2,__na__,__na__,"[0.1, 0.2]",,0.3,loss,best,0.5805159956216812
vrex,3,qrm_vrex_seed3,domain_count,018144d807d73d83829442e4a373981d,2,__na__,__na__,"[0.1, 0.2]",,0.3,loss,final,0.5761059165000916
vrex,3,qrm_vrex_seed3,domain_count,018144d807d73d83829442e4a373981d,2,__na__,__na__,"[0.1, 0.2]",,0.4,acc,best,0.7088
vrex,3,qrm_vrex_seed3,domain_count,018144d807d73d83829442e4a373981d,2,__na__,__na__,"[0.1, 0.2]",,0.4,acc,final,0.7085
vrex,3,qrm_vrex_seed3,domain_count,018144d807d73d83829442e4a373981d,2,__na__,__na__,"[0.1, 0.2]",,0.4,loss,best,0.5933181077241898
vrex,3,qrm_vrex_seed3,domain_count,018144d807d73d83829442e4a373981d,2,__na__,__na__,"[0.1, 0.2]",,0.4,loss,final,0.5924643963575363
vrex,3,qrm_vrex_seed3,domain_count,018144d807d73d83829442e4a373981d,2,__na__,__na__,"[0.1, 0.2]",,0.5,acc,best,0.7051
vrex,3,qrm_vrex_seed3,domain_count,018144d807d73d83829442e4a373981d,2,__na__,__na__,"[0.1, 0.2]",,0.5,acc,final,0.705
vrex,3,qrm_vrex_seed3,domain_count,018144d807d73d83829442e4a373981d,2,__na__,__na__,"[0.1, 0.2]",,0.5,loss,best,0.6081044018268585
vrex,3,qrm_vrex_seed3,domain_count,018144d807d73d83829442e4a373981d,2,__na__,__na__,"[0.1, 0.2]",,0.5,loss,final,0.6095640867948532
vrex,3,qrm_vrex_seed3,domain_count,018144d807d73d83829442e4a373981d,2,__na__,__na__,"[0.1, 0.2]",,0.6,acc,best,0.7014
vrex,3,qrm_vrex_seed3,domain_count,018144d807d73d83829442e4a373981d,2,__na__,__na__,"[0.1, 0.2]",,0.6,acc,final,0.6979
vrex,3,qrm_vrex_seed3,domain_count,018144d807d73d83829442e4a373981d,2,__na__,__na__,"[0.1, 0.2]",,0.6,loss,best,0.624958512187004
vrex,3,qrm_vrex_seed3,domain_count,018144d807d73d83829442e4a373981d,2,__na__,__na__,"[0.1, 0.2]",,0.6,loss,final,0.6279128044843674
vrex,3,qrm_vrex_seed3,domain_count,018144d807d73d83829442e4a373981d,2,__na__,__na__,"[0.1, 0.2]",,0.7,acc,best,0.6982
vrex,3,qrm_vrex_seed3,domain_count,018144d807d73d83829442e4a373981d,2,__na__,__na__,"[0.1, 0.2]",,0.7,acc,final,0.6953
vrex,3,qrm_vrex_seed3,domain_count,018144d807d73d83829442e4a373981d,2,__na__,__na__,"[0.1, 0.2]",,0.7,loss,best,0.6366748809814453
vrex,3,qrm_vrex_seed3,domain_count,018144d807d73d83829442e4a373981d,2,__na__,__na__,"[0.1, 0.2]",,0.7,loss,final,0.6432909727096557
vrex,3,qrm_vrex_seed3,domain_count,018144d807d73d83829442e4a373981d,2,__na__,__na__,"[0.1, 0.2]",,0.8,acc,best,0.6835
vrex,3,qrm_vrex_seed3,domain_count,018144d807d73d83829442e4a373981d,2,__na__,__na__,"[0.1, 0.2]",,0.8,acc,final,0.6784
vrex,3,qrm_vrex_seed3,domain_count,018144d807d73d83829442e4a373981d,2,__na__,__na__,"[0.1, 0.2]",,0.8,loss,best,0.6587058991193772
vrex,3,qrm_vrex_seed3,domain_count,018144d807d73d83829442e4a373981d,2,__na__,__na__,"[0.1, 0.2]",,0.8,loss,final,0.6683163732290268
vrex,3,qrm_vrex_seed3,domain_count,018144d807d73d83829442e4a373981d,2,__na__,__na__,"[0.1, 0.2]",,0.9,acc,best,0.6821
vrex,3,qrm_vrex_seed3,domain_count,018144d807d73d83829442e4a373981d,2,__na__,__na__,"[0.1, 0.2]",,0.9,acc,final,0.6757
vrex,3,qrm_vrex_seed3,domain_count,018144d807d73d83829442e4a373981d,2,__na__,__na__,"[0.1, 0.2]",,0.9,loss,best,0.674543809890747
vrex,3,qrm_vrex_seed3,domain_count,018144d807d73d83829442e4a373981d,2,__na__,__na__,"[0.1, 0.2]",,0.9,loss,final,0.6883573859930039
vrex,3,qrm_vrex_seed3,domain_count,018144d807d73d83829442e4a373981d,2,__na__,__na__,"[0.1, 0.2]",,1.0,acc,best,0.6769
vrex,3,qrm_vrex_seed3,domain_count,018144d807d73d83829442e4a373981d,2,__na__,__na__,"[0.1, 0.2]",,1.0,acc,final,0.6695
vrex,3,qrm_vrex_seed3,domain_count,018144d807d73d83829442e4a373981d,2,__na__,__na__,"[0.1, 0.2]",,1.0,loss,best,0.6882358610630035
vrex,3,qrm_vrex_seed3,domain_count,018144d807d73d83829442e4a373981d,2,__na__,__na__,"[0.1, 0.2]",,1.0,loss,final,0.702163016796112
vrex,3,qrm_vrex_seed3,domain_count,018144d807d73d83829442e4a373981d,2,__na__,__na__,"[0.1, 0.2]",,avg_domain,acc,best,0.7024727272727272
vrex,3,qrm_vrex_seed3,domain_count,018144d807d73d83829442e4a373981d,2,__na__,__na__,"[0.1, 0.2]",,worst_domain,acc,best,0.6769
vrex,3,qrm_vrex_seed3,domain_count,018144d807d73d83829442e4a373981d,2,__na__,__na__,"[0.1, 0.2]",,best_domain,acc,best,0.7289
vrex,3,qrm_vrex_seed3,domain_count,018144d807d73d83829442e4a373981d,2,__na__,__na__,"[0.1, 0.2]",,avg_domain,acc,final,0.7015090909090909
vrex,3,qrm_vrex_seed3,domain_count,018144d807d73d83829442e4a373981d,2,__na__,__na__,"[0.1, 0.2]",,worst_domain,acc,final,0.6695
vrex,3,qrm_vrex_seed3,domain_count,018144d807d73d83829442e4a373981d,2,__na__,__na__,"[0.1, 0.2]",,best_domain,acc,final,0.7333
vrex,0,qrm_vrex_seed0,domain_count,b552ccf5e3951b126c6b850026e632b0,2,__na__,__na__,"[0.1, 0.2]",,0.0,acc,best,0.7285
vrex,0,qrm_vrex_seed0,domain_count,b552ccf5e3951b126c6b850026e632b0,2,__na__,__na__,"[0.1, 0.2]",,0.0,acc,final,0.7313
vrex,0,qrm_vrex_seed0,domain_count,b552ccf5e3951b126c6b850026e632b0,2,__na__,__na__,"[0.1, 0.2]",,0.0,loss,best,0.5287676110863686
vrex,0,qrm_vrex_seed0,domain_count,b552ccf5e3951b126c6b850026e632b0,2,__na__,__na__,"[0.1, 0.2]",,0.0,loss,final,0.5248368591070175
vrex,0,qrm_vrex_seed0,domain_count,b552ccf5e3951b126c6b850026e632b0,2,__na__,__na__,"[0.1, 0.2]",,0.1,acc,best,0.7152
vrex,0,qrm_vrex_seed0,domain_count,b552ccf5e3951b126c6b850026e632b0,2,__na__,__na__,"[0.1, 0.2]",,0.1,acc,final,0.7175
vrex,0,qrm_vrex_seed0,domain_count,b552ccf5e3951b126c6b850026e632b0,2,__na__,__na__,"[0.1, 0.2]",,0.1,loss,best,0.5509626299142838
vrex,0,qrm_vrex_seed0,domain_count,b552ccf5e3951b126c6b850026e632b0,2,__na__,__na__,"[0.1, 0.2]",,0.1,loss,final,0.5477766066789627
vrex,0,qrm_vrex_seed0,domain_count,b552ccf5e3951b126c6b850026e632b0,2,__na__,__na__,"[0.1, 0.2]",,0.2,acc,best,0.7188
vrex,0,qrm_vrex_seed0,domain_count,b552ccf5e3951b126c6b850026e632b0,2,__na__,__na__,"[0.1, 0.2]",,0.2,acc,final,0.7199
vrex,0,qrm_vrex_seed0,domain_count,b552ccf5e3951b126c6b850026e632b0,2,__na__,__na__,"[0.1, 0.2]",,0.2,loss,best,0.5625950932502747
vrex,0,qrm_vrex_seed0,domain_count,b552ccf5e3951b126c6b850026e632b0,2,__na__,__na__,"[0.1, 0.2]",,0.2,loss,final,0.5594786554574966
vrex,0,qrm_vrex_seed0,domain_count,b552ccf5e3951b126c6b850026e632b0,2,__na__,__na__,"[0.1, 0.2]",,0.3,acc,best,0.7142
vrex,0,qrm_vrex_seed0,domain_count,b552ccf5e3951b126c6b850026e632b0,2,__na__,__na__,"[0.1, 0.2]",,0.3,acc,final,0.7162
vrex,0,qrm_vrex_seed0,domain_count,b552ccf5e3951b126c6b850026e632b0,2,__na__,__na__,"[0.1, 0.2]",,0.3,loss,best,0.5807806134223938
vrex,0,qrm_vrex_seed0,domain_count,b552ccf5e3951b126c6b850026e632b0,2,__na__,__na__,"[0.1, 0.2]",,0.3,loss,final,0.5769640952348709
vrex,0,qrm_vrex_seed0,domain_count,b552ccf5e3951b126c6b850026e632b0,2,__na__,__na__,"[0.1, 0.2]",,0.4,acc,best,0.7169
vrex,0,qrm_vrex_seed0,domain_count,b552ccf5e3951b126c6b850026e632b0,2,__na__,__na__,"[0.1, 0.2]",,0.4,acc,final,0.7167
vrex,0,qrm_vrex_seed0,domain_count,b552ccf5e3951b126c6b850026e632b0,2,__na__,__na__,"[0.1, 0.2]",,0.4,loss,best,0.5870326161384583
vrex,0,qrm_vrex_seed0,domain_count,b552ccf5e3951b126c6b850026e632b0,2,__na__,__na__,"[0.1, 0.2]",,0.4,loss,final,0.5861885279417038
vrex,0,qrm_vrex_seed0,domain_count,b552ccf5e3951b126c6b850026e632b0,2,__na__,__na__,"[0.1, 0.2]",,0.5,acc,best,0.6932
vrex,0,qrm_vrex_seed0,domain_count,b552ccf5e3951b126c6b850026e632b0,2,__na__,__na__,"[0.1, 0.2]",,0.5,acc,final,0.6945
vrex,0,qrm_vrex_seed0,domain_count,b552ccf5e3951b126c6b850026e632b0,2,__na__,__na__,"[0.1, 0.2]",,0.5,loss,best,0.6226519286632538
vrex,0,qrm_vrex_seed0,domain_count,b552ccf5e3951b126c6b850026e632b0,2,__na__,__na__,"[0.1, 0.2]",,0.5,loss,final,0.6239305347204208
vrex,0,qrm_vrex_seed0,domain_count,b552ccf5e3951b126c6b850026e632b0,2,__na__,__na__,"[0.1, 0.2]",,0.6,acc,best,0.6955
vrex,0,qrm_vrex_seed0,domain_count,b552ccf5e3951b126c6b850026e632b0,2,__na__,__na__,"[0.1, 0.2]",,0.6,acc,final,0.6952
vrex,0,qrm_vrex_seed0,domain_count,b552ccf5e3951b126c6b850026e632b0,2,__na__,__na__,"[0.1, 0.2]",,0.6,loss,best,0.6312785357236862
vrex,0,qrm_vrex_seed0,domain_count,b552ccf5e3951b126c6b850026e632b0,2,__na__,__na__,"[0.1, 0.2]",,0.6,loss,final,0.6334289938211441
vrex,0,qrm_vrex_seed0,domain_count,b552ccf5e3951b126c6b850026e632b0,2,__na__,__na__,"[0.1, 0.2]",,0.7,acc,best,0.7012
vrex,0,qrm_vrex_seed0,domain_count,b552ccf5e3951b126c6b850026e632b0,2,__na__,__na__,"[0.1, 0.2]",,0.7,acc,final,0.6993
vrex,0,qrm_vrex_seed0,domain_count,b552ccf5e3951b126c6b850026e632b0,2,__na__,__na__,"[0.1, 0.2]",,0.7,loss,best,0.6358914822340012
vrex,0,qrm_vrex_seed0,domain_count,b552ccf5e3951b126c6b850026e632b0,2,__na__,__na__,"[0.1, 0.2]",,0.7,loss,final,0.6366352736949921
vrex,0,qrm_vrex_seed0,domain_count,b552ccf5e3951b126c6b850026e632b0,2,__na__,__na__,"[0.1, 0.2]",,0.8,acc,best,0.6944
vrex,0,qrm_vrex_seed0,domain_count,b552ccf5e3951b126c6b850026e632b0,2,__na__,__na__,"[0.1, 0.2]",,0.8,acc,final,0.6932
vrex,0,qrm_vrex_seed0,domain_count,b552ccf5e3951b126c6b850026e632b0,2,__na__,__na__,"[0.1, 0.2]",,0.8,loss,best,0.6553643047809601
vrex,0,qrm_vrex_seed0,domain_count,b552ccf5e3951b126c6b850026e632b0,2,__na__,__na__,"[0.1, 0.2]",,0.8,loss,final,0.6569738388061523
vrex,0,qrm_vrex_seed0,domain_count,b552ccf5e3951b126c6b850026e632b0,2,__na__,__na__,"[0.1, 0.2]",,0.9,acc,best,0.682
vrex,0,qrm_vrex_seed0,domain_count,b552ccf5e3951b126c6b850026e632b0,2,__na__,__na__,"[0.1, 0.2]",,0.9,acc,final,0.6806
vrex,0,qrm_vrex_seed0,domain_count,b552ccf5e3951b126c6b850026e632b0,2,__na__,__na__,"[0.1, 0.2]",,0.9,loss,best,0.680953860282898
vrex,0,qrm_vrex_seed0,domain_count,b552ccf5e3951b126c6b850026e632b0,2,__na__,__na__,"[0.1, 0.2]",,0.9,loss,final,0.6848514229059219
vrex,0,qrm_vrex_seed0,domain_count,b552ccf5e3951b126c6b850026e632b0,2,__na__,__na__,"[0.1, 0.2]",,1.0,acc,best,0.6843
vrex,0,qrm_vrex_seed0,domain_count,b552ccf5e3951b126c6b850026e632b0,2,__na__,__na__,"[0.1, 0.2]",,1.0,acc,final,0.6823
vrex,0,qrm_vrex_seed0,domain_count,b552ccf5e3951b126c6b850026e632b0,2,__na__,__na__,"[0.1, 0.2]",,1.0,loss,best,0.6917516231536865
vrex,0,qrm_vrex_seed0,domain_count,b552ccf5e3951b126c6b850026e632b0,2,__na__,__na__,"[0.1, 0.2]",,1.0,loss,final,0.6963251322507858
vrex,0,qrm_vrex_seed0,domain_count,b552ccf5e3951b126c6b850026e632b0,2,__na__,__na__,"[0.1, 0.2]",,avg_domain,acc,best,0.7040181818181819
vrex,0,qrm_vrex_seed0,domain_count,b552ccf5e3951b126c6b850026e632b0,2,__na__,__na__,"[0.1, 0.2]",,worst_domain,acc,best,0.682
vrex,0,qrm_vrex_seed0,domain_count,b552ccf5e3951b126c6b850026e632b0,2,__na__,__na__,"[0.1, 0.2]",,best_domain,acc,best,0.7285
vrex,0,qrm_vrex_seed0,domain_count,b552ccf5e3951b126c6b850026e632b0,2,__na__,__na__,"[0.1, 0.2]",,avg_domain,acc,final,0.7042454545454545
vrex,0,qrm_vrex_seed0,domain_count,b552ccf5e3951b126c6b850026e632b0,2,__na__,__na__,"[0.1, 0.2]",,worst_domain,acc,final,0.6806
vrex,0,qrm_vrex_seed0,domain_count,b552ccf5e3951b126c6b850026e632b0,2,__na__,__na__,"[0.1, 0.2]",,best_domain,acc,final,0.7313
vrex,4,qrm_vrex_seed4,domain_count,4e41b815f1b23bc587397c5862446265,2,__na__,__na__,"[0.1, 0.2]",,0.0,acc,best,0.7198
vrex,4,qrm_vrex_seed4,domain_count,4e41b815f1b23bc587397c5862446265,2,__na__,__na__,"[0.1, 0.2]",,0.0,acc,final,0.724
vrex,4,qrm_vrex_seed4,domain_count,4e41b815f1b23bc587397c5862446265,2,__na__,__na__,"[0.1, 0.2]",,0.0,loss,best,0.5493444383144379
vrex,4,qrm_vrex_seed4,domain_count,4e41b815f1b23bc587397c5862446265,2,__na__,__na__,"[0.1, 0.2]",,0.0,loss,final,0.5409039467573166
vrex,4,qrm_vrex_seed4,domain_count,4e41b815f1b23bc587397c5862446265,2,__na__,__na__,"[0.1, 0.2]",,0.1,acc,best,0.7164
vrex,4,qrm_vrex_seed4,domain_count,4e41b815f1b23bc587397c5862446265,2,__na__,__na__,"[0.1, 0.2]",,0.1,acc,final,0.7197
vrex,4,qrm_vrex_seed4,domain_count,4e41b815f1b23bc587397c5862446265,2,__na__,__na__,"[0.1, 0.2]",,0.1,loss,best,0.5579356878995896
vrex,4,qrm_vrex_seed4,domain_count,4e41b815f1b23bc587397c5862446265,2,__na__,__na__,"[0.1, 0.2]",,0.1,loss,final,0.5516233444213867
vrex,4,qrm_vrex_seed4,domain_count,4e41b815f1b23bc587397c5862446265,2,__na__,__na__,"[0.1, 0.2]",,0.2,acc,best,0.7168
vrex,4,qrm_vrex_seed4,domain_count,4e41b815f1b23bc587397c5862446265,2,__na__,__na__,"[0.1, 0.2]",,0.2,acc,final,0.7194
vrex,4,qrm_vrex_seed4,domain_count,4e41b815f1b23bc587397c5862446265,2,__na__,__na__,"[0.1, 0.2]",,0.2,loss,best,0.5716379344463348
vrex,4,qrm_vrex_seed4,domain_count,4e41b815f1b23bc587397c5862446265,2,__na__,__na__,"[0.1, 0.2]",,0.2,loss,final,0.5656544923782348
vrex,4,qrm_vrex_seed4,domain_count,4e41b815f1b23bc587397c5862446265,2,__na__,__na__,"[0.1, 0.2]",,0.3,acc,best,0.7106
vrex,4,qrm_vrex_seed4,domain_count,4e41b815f1b23bc587397c5862446265,2,__na__,__na__,"[0.1, 0.2]",,0.3,acc,final,0.7129
vrex,4,qrm_vrex_seed4,domain_count,4e41b815f1b23bc587397c5862446265,2,__na__,__na__,"[0.1, 0.2]",,0.3,loss,best,0.5855846732854844
vrex,4,qrm_vrex_seed4,domain_count,4e41b815f1b23bc587397c5862446265,2,__na__,__na__,"[0.1, 0.2]",,0.3,loss,final,0.5832698732614517
vrex,4,qrm_vrex_seed4,domain_count,4e41b815f1b23bc587397c5862446265,2,__na__,__na__,"[0.1, 0.2]",,0.4,acc,best,0.7047
vrex,4,qrm_vrex_seed4,domain_count,4e41b815f1b23bc587397c5862446265,2,__na__,__na__,"[0.1, 0.2]",,0.4,acc,final,0.7054
vrex,4,qrm_vrex_seed4,domain_count,4e41b815f1b23bc587397c5862446265,2,__na__,__na__,"[0.1, 0.2]",,0.4,loss,best,0.5988999038934708
vrex,4,qrm_vrex_seed4,domain_count,4e41b815f1b23bc587397c5862446265,2,__na__,__na__,"[0.1, 0.2]",,0.4,loss,final,0.5965994358062744
vrex,4,qrm_vrex_seed4,domain_count,4e41b815f1b23bc587397c5862446265,2,__na__,__na__,"[0.1, 0.2]",,0.5,acc,best,0.7006
vrex,4,qrm_vrex_seed4,domain_count,4e41b815f1b23bc587397c5862446265,2,__na__,__na__,"[0.1, 0.2]",,0.5,acc,final,0.701
vrex,4,qrm_vrex_seed4,domain_count,4e41b815f1b23bc587397c5862446265,2,__na__,__na__,"[0.1, 0.2]",,0.5,loss,best,0.6097518146038056
vrex,4,qrm_vrex_seed4,domain_count,4e41b815f1b23bc587397c5862446265,2,__na__,__na__,"[0.1, 0.2]",,0.5,loss,final,0.6085572123527527
vrex,4,qrm_vrex_seed4,domain_count,4e41b815f1b23bc587397c5862446265,2,__na__,__na__,"[0.1, 0.2]",,0.6,acc,best,0.6981
vrex,4,qrm_vrex_seed4,domain_count,4e41b815f1b23bc587397c5862446265,2,__na__,__na__,"[0.1, 0.2]",,0.6,acc,final,0.6961
vrex,4,qrm_vrex_seed4,domain_count,4e41b815f1b23bc587397c5862446265,2,__na__,__na__,"[0.1, 0.2]",,0.6,loss,best,0.6264186769723892
vrex,4,qrm_vrex_seed4,domain_count,4e41b815f1b23bc587397c5862446265,2,__na__,__na__,"[0.1, 0.2]",,0.6,loss,final,0.6274761170148849
vrex,4,qrm_vrex_seed4,domain_count,4e41b815f1b23bc587397c5862446265,2,__na__,__na__,"[0.1, 0.2]",,0.7,acc,best,0.6966
vrex,4,qrm_vrex_seed4,domain_count,4e41b815f1b23bc587397c5862446265,2,__na__,__na__,"[0.1, 0.2]",,0.7,acc,final,0.694
vrex,4,qrm_vrex_seed4,domain_count,4e41b815f1b23bc587397c5862446265,2,__na__,__na__,"[0.1, 0.2]",,0.7,loss,best,0.637823361158371
vrex,4,qrm_vrex_seed4,domain_count,4e41b815f1b23bc587397c5862446265,2,__na__,__na__,"[0.1, 0.2]",,0.7,loss,final,0.6408882528543473
vrex,4,qrm_vrex_seed4,domain_count,4e41b815f1b23bc587397c5862446265,2,__na__,__na__,"[0.1, 0.2]",,0.8,acc,best,0.691
vrex,4,qrm_vrex_seed4,domain_count,4e41b815f1b23bc587397c5862446265,2,__na__,__na__,"[0.1, 0.2]",,0.8,acc,final,0.6886
vrex,4,qrm_vrex_seed4,domain_count,4e41b815f1b23bc587397c5862446265,2,__na__,__na__,"[0.1, 0.2]",,0.8,loss,best,0.6466948509216308
vrex,4,qrm_vrex_seed4,domain_count,4e41b815f1b23bc587397c5862446265,2,__na__,__na__,"[0.1, 0.2]",,0.8,loss,final,0.6505178362131119
vrex,4,qrm_vrex_seed4,domain_count,4e41b815f1b23bc587397c5862446265,2,__na__,__na__,"[0.1, 0.2]",,0.9,acc,best,0.6919
vrex,4,qrm_vrex_seed4,domain_count,4e41b815f1b23bc587397c5862446265,2,__na__,__na__,"[0.1, 0.2]",,0.9,acc,final,0.6883
vrex,4,qrm_vrex_seed4,domain_count,4e41b815f1b23bc587397c5862446265,2,__na__,__na__,"[0.1, 0.2]",,0.9,loss,best,0.6629070311784744
vrex,4,qrm_vrex_seed4,domain_count,4e41b815f1b23bc587397c5862446265,2,__na__,__na__,"[0.1, 0.2]",,0.9,loss,final,0.6694493174552918
vrex,4,qrm_vrex_seed4,domain_count,4e41b815f1b23bc587397c5862446265,2,__na__,__na__,"[0.1, 0.2]",,1.0,acc,best,0.6852
vrex,4,qrm_vrex_seed4,domain_count,4e41b815f1b23bc587397c5862446265,2,__na__,__na__,"[0.1, 0.2]",,1.0,acc,final,0.6807
vrex,4,qrm_vrex_seed4,domain_count,4e41b815f1b23bc587397c5862446265,2,__na__,__na__,"[0.1, 0.2]",,1.0,loss,best,0.6731788784265518
vrex,4,qrm_vrex_seed4,domain_count,4e41b815f1b23bc587397c5862446265,2,__na__,__na__,"[0.1, 0.2]",,1.0,loss,final,0.6811873555183411
vrex,4,qrm_vrex_seed4,domain_count,4e41b815f1b23bc587397c5862446265,2,__na__,__na__,"[0.1, 0.2]",,avg_domain,acc,best,0.7028818181818182
vrex,4,qrm_vrex_seed4,domain_count,4e41b815f1b23bc587397c5862446265,2,__na__,__na__,"[0.1, 0.2]",,worst_domain,acc,best,0.6852
vrex,4,qrm_vrex_seed4,domain_count,4e41b815f1b23bc587397c5862446265,2,__na__,__na__,"[0.1, 0.2]",,best_domain,acc,best,0.7198
vrex,4,qrm_vrex_seed4,domain_count,4e41b815f1b23bc587397c5862446265,2,__na__,__na__,"[0.1, 0.2]",,avg_domain,acc,final,0.7027363636363636
vrex,4,qrm_vrex_seed4,domain_count,4e41b815f1b23bc587397c5862446265,2,__na__,__na__,"[0.1, 0.2]",,worst_domain,acc,final,0.6807
vrex,4,qrm_vrex_seed4,domain_count,4e41b815f1b23bc587397c5862446265,2,__na__,__na__,"[0.1, 0.2]",,best_domain,acc,final,0.724
