experiment,condition,seed,lambda,alpha,algorithm_a,algorithm_b,intervals_separated,robustly_preferred_lower_loss
E3b,balanced,1,0.0,0.5,erm,groupdro,True,erm
E3b,balanced,1,0.0,0.5,erm,iro,True,erm
E3b,balanced,1,0.0,0.5,groupdro,iro,True,iro
E3b,balanced,1,0.0,0.75,erm,groupdro,True,erm
E3b,balanced,1,0.0,0.75,erm,iro,True,erm
E3b,balanced,1,0.0,0.75,groupdro,iro,True,iro
E3b,balanced,1,0.0,0.9,erm,groupdro,True,erm
E3b,balanced,1,0.0,0.9,erm,iro,True,erm
E3b,balanced,1,0.0,0.9,groupdro,iro,True,iro
E3b,balanced,2,0.0,0.5,erm,groupdro,True,erm
E3b,balanced,2,0.0,0.5,erm,iro,True,erm
E3b,balanced,2,0.0,0.5,groupdro,iro,False,not_robustly_ranked
E3b,balanced,2,0.0,0.75,erm,groupdro,True,erm
E3b,balanced,2,0.0,0.75,erm,iro,True,erm
E3b,balanced,2,0.0,0.75,groupdro,iro,True,iro
E3b,balanced,2,0.0,0.9,erm,groupdro,True,erm
E3b,balanced,2,0.0,0.9,erm,iro,True,erm
E3b,balanced,2,0.0,0.9,groupdro,iro,True,iro
E3b,long_tail,1,0.0,0.5,erm,groupdro,True,erm
E3b,long_tail,1,0.0,0.5,erm,iro,True,erm
E3b,long_tail,1,0.0,0.5,groupdro,iro,True,iro
E3b,long_tail,1,0.0,0.75,erm,groupdro,True,erm
E3b,long_tail,1,0.0,0.75,erm,iro,True,erm
E3b,long_tail,1,0.0,0.75,groupdro,iro,False,not_robustly_ranked
E3b,long_tail,1,0.0,0.9,erm,groupdro,True,erm
E3b,long_tail,1,0.0,0.9,erm,iro,True,erm
E3b,long_tail,1,0.0,0.9,groupdro,iro,False,not_robustly_ranked
E3b,long_tail,2,0.0,0.5,erm,groupdro,True,erm
E3b,long_tail,2,0.0,0.5,erm,iro,True,erm
E3b,long_tail,2,0.0,0.5,groupdro,iro,True,iro
E3b,long_tail,2,0.0,0.75,erm,groupdro,True,erm
E3b,long_tail,2,0.0,0.75,erm,iro,True,erm
E3b,long_tail,2,0.0,0.75,groupdro,iro,True,iro
E3b,long_tail,2,0.0,0.9,erm,groupdro,True,erm
E3b,long_tail,2,0.0,0.9,erm,iro,True,erm
E3b,long_tail,2,0.0,0.9,groupdro,iro,True,iro
E3b,missing,1,0.0,0.5,erm,groupdro,False,not_robustly_ranked
E3b,missing,1,0.0,0.5,erm,iro,False,not_robustly_ranked
E3b,missing,1,0.0,0.5,groupdro,iro,False,not_robustly_ranked
E3b,missing,1,0.0,0.75,erm,groupdro,False,not_robustly_ranked
E3b,missing,1,0.0,0.75,erm,iro,False,not_robustly_ranked
E3b,missing,1,0.0,0.75,groupdro,iro,False,not_robustly_ranked
E3b,missing,1,0.0,0.9,erm,groupdro,False,not_robustly_ranked
E3b,missing,1,0.0,0.9,erm,iro,False,not_robustly_ranked
E3b,missing,1,0.0,0.9,groupdro,iro,False,not_robustly_ranked
E3b,missing,2,0.0,0.5,erm,groupdro,False,not_robustly_ranked
E3b,missing,2,0.0,0.5,erm,iro,False,not_robustly_ranked
E3b,missing,2,0.0,0.5,groupdro,iro,False,not_robustly_ranked
E3b,missing,2,0.0,0.75,erm,groupdro,False,not_robustly_ranked
E3b,missing,2,0.0,0.75,erm,iro,False,not_robustly_ranked
E3b,missing,2,0.0,0.75,groupdro,iro,False,not_robustly_ranked
E3b,missing,2,0.0,0.9,erm,groupdro,False,not_robustly_ranked
E3b,missing,2,0.0,0.9,erm,iro,False,not_robustly_ranked
E3b,missing,2,0.0,0.9,groupdro,iro,False,not_robustly_ranked
