manifest_id,experiment,condition,protocol,algorithm,seed,lambda,alpha,clean_top1,mean_domain_error,worst_domain_error,cvar_domain_error,identification_lower,identification_upper,identification_width,epsilon,realized_plugin_cvar
64106bdb1a09cc50,E3b,balanced,mechanism,erm,1,0.0,0.5,0.904,0.2767,0.38380000000000003,0.3738,0.295,0.295,0.0,0.0,0.3738
64106bdb1a09cc50,E3b,balanced,mechanism,erm,1,0.0,0.75,0.904,0.2767,0.38380000000000003,0.38380000000000003,0.35,0.35,0.0,0.0,0.38380000000000003
64106bdb1a09cc50,E3b,balanced,mechanism,erm,1,0.0,0.9,0.904,0.2767,0.38380000000000003,0.3838000000000001,0.35,0.35,0.0,0.0,0.3838000000000001
b7d281b6940c5896,E3b,balanced,mechanism,groupdro,1,0.0,0.5,0.844,0.36234999999999995,0.4596,0.446,0.365,0.365,0.0,0.0,0.446
b7d281b6940c5896,E3b,balanced,mechanism,groupdro,1,0.0,0.75,0.844,0.36234999999999995,0.4596,0.4596,0.4,0.4,0.0,0.0,0.4596
b7d281b6940c5896,E3b,balanced,mechanism,groupdro,1,0.0,0.9,0.844,0.36234999999999995,0.4596,0.45960000000000006,0.4,0.4,0.0,0.0,0.45960000000000006
b9946e2a12e13d79,E3b,balanced,mechanism,iro,1,0.0,0.5,0.865,0.32055,0.41200000000000003,0.4061,0.34500000000000003,0.34500000000000003,0.0,0.0,0.4061
b9946e2a12e13d79,E3b,balanced,mechanism,iro,1,0.0,0.75,0.865,0.32055,0.41200000000000003,0.41200000000000003,0.39,0.39,0.0,0.0,0.41200000000000003
b9946e2a12e13d79,E3b,balanced,mechanism,iro,1,0.0,0.9,0.865,0.32055,0.41200000000000003,0.41200000000000003,0.39,0.39,0.0,0.0,0.41200000000000003
be33305bf511cf4c,E3b,long_tail,mechanism,erm,1,0.0,0.5,0.887,0.2752,0.3686,0.3549,0.27999999999999997,0.27999999999999997,0.0,0.0,0.3549
be33305bf511cf4c,E3b,long_tail,mechanism,erm,1,0.0,0.75,0.887,0.2752,0.3686,0.3686,0.31999999999999995,0.31999999999999995,0.0,0.0,0.3686
be33305bf511cf4c,E3b,long_tail,mechanism,erm,1,0.0,0.9,0.887,0.2752,0.3686,0.3686,0.31999999999999995,0.31999999999999995,0.0,0.0,0.3686
52229896952d19e0,E3b,long_tail,mechanism,groupdro,1,0.0,0.5,0.809,0.3843,0.4742,0.4741,0.38,0.38,0.0,0.0,0.4741
52229896952d19e0,E3b,long_tail,mechanism,groupdro,1,0.0,0.75,0.809,0.3843,0.4742,0.4742,0.41000000000000003,0.41000000000000003,0.0,0.0,0.4742
52229896952d19e0,E3b,long_tail,mechanism,groupdro,1,0.0,0.9,0.809,0.3843,0.4742,0.4742,0.41000000000000003,0.41000000000000003,0.0,0.0,0.4742
074c6c13ad882e0d,E3b,long_tail,mechanism,iro,1,0.0,0.5,0.841,0.3517,0.46040000000000003,0.4504,0.375,0.375,0.0,0.0,0.4504
074c6c13ad882e0d,E3b,long_tail,mechanism,iro,1,0.0,0.75,0.841,0.3517,0.46040000000000003,0.46040000000000003,0.41000000000000003,0.41000000000000003,0.0,0.0,0.46040000000000003
074c6c13ad882e0d,E3b,long_tail,mechanism,iro,1,0.0,0.9,0.841,0.3517,0.46040000000000003,0.46040000000000003,0.41000000000000003,0.41000000000000003,0.0,0.0,0.46040000000000003
bde057f2052cce99,E3b,missing,mechanism,erm,1,0.0,0.5,0.884,0.28859999999999997,0.38259999999999994,0.3665999999999999,0.33999999999999997,0.675,0.3350000000000001,0.25,0.3665999999999999
bde057f2052cce99,E3b,missing,mechanism,erm,1,0.0,0.75,0.884,0.28859999999999997,0.38259999999999994,0.38259999999999994,0.35,1.0,0.65,0.25,0.38259999999999994
bde057f2052cce99,E3b,missing,mechanism,erm,1,0.0,0.9,0.884,0.28859999999999997,0.38259999999999994,0.3826,0.35,1.0,0.65,0.25,0.3826
c7bda3a075d733fc,E3b,missing,mechanism,groupdro,1,0.0,0.5,0.846,0.3308,0.42380000000000007,0.4232,0.34,0.7,0.35999999999999993,0.25,0.4232
c7bda3a075d733fc,E3b,missing,mechanism,groupdro,1,0.0,0.75,0.846,0.3308,0.42380000000000007,0.42380000000000007,0.4,1.0,0.6,0.25,0.42380000000000007
c7bda3a075d733fc,E3b,missing,mechanism,groupdro,1,0.0,0.9,0.846,0.3308,0.42380000000000007,0.4238,0.4,1.0,0.6,0.25,0.4238
0648e08ef0b17962,E3b,missing,mechanism,iro,1,0.0,0.5,0.816,0.36665000000000003,0.4622,0.4605,0.41000000000000003,0.7150000000000001,0.30500000000000005,0.25,0.4605
0648e08ef0b17962,E3b,missing,mechanism,iro,1,0.0,0.75,0.816,0.36665000000000003,0.4622,0.4622,0.43000000000000005,1.0,0.57,0.25,0.4622
0648e08ef0b17962,E3b,missing,mechanism,iro,1,0.0,0.9,0.816,0.36665000000000003,0.4622,0.4622,0.43000000000000005,1.0,0.57,0.25,0.4622
1fc42fa6ad179b55,E3b,balanced,mechanism,erm,2,0.0,0.5,0.883,0.28185,0.3922,0.377,0.33499999999999996,0.33499999999999996,0.0,0.0,0.377
1fc42fa6ad179b55,E3b,balanced,mechanism,erm,2,0.0,0.75,0.883,0.28185,0.3922,0.3922,0.33999999999999997,0.33999999999999997,0.0,0.0,0.3922
1fc42fa6ad179b55,E3b,balanced,mechanism,erm,2,0.0,0.9,0.883,0.28185,0.3922,0.3922,0.33999999999999997,0.33999999999999997,0.0,0.0,0.3922
6a3e6932be91f1d4,E3b,balanced,mechanism,groupdro,2,0.0,0.5,0.834,0.3599,0.44719999999999993,0.43529999999999996,0.42,0.42,0.0,0.0,0.43529999999999996
6a3e6932be91f1d4,E3b,balanced,mechanism,groupdro,2,0.0,0.75,0.834,0.3599,0.44719999999999993,0.44719999999999993,0.45999999999999996,0.45999999999999996,0.0,0.0,0.44719999999999993
6a3e6932be91f1d4,E3b,balanced,mechanism,groupdro,2,0.0,0.9,0.834,0.3599,0.44719999999999993,0.44719999999999993,0.45999999999999996,0.45999999999999996,0.0,0.0,0.44719999999999993
589f21d2fedf7131,E3b,balanced,mechanism,iro,2,0.0,0.5,0.865,0.3176,0.442,0.4205,0.42,0.42,0.0,0.0,0.4205
589f21d2fedf7131,E3b,balanced,mechanism,iro,2,0.0,0.75,0.865,0.3176,0.442,0.442,0.44999999999999996,0.44999999999999996,0.0,0.0,0.442
589f21d2fedf7131,E3b,balanced,mechanism,iro,2,0.0,0.9,0.865,0.3176,0.442,0.442,0.44999999999999996,0.44999999999999996,0.0,0.0,0.442
1ce723eab15f24a4,E3b,long_tail,mechanism,erm,2,0.0,0.5,0.89,0.27675,0.3814,0.3667,0.375,0.375,0.0,0.0,0.3667
1ce723eab15f24a4,E3b,long_tail,mechanism,erm,2,0.0,0.75,0.89,0.27675,0.3814,0.3814,0.4,0.4,0.0,0.0,0.3814
1ce723eab15f24a4,E3b,long_tail,mechanism,erm,2,0.0,0.9,0.89,0.27675,0.3814,0.3814,0.4,0.4,0.0,0.0,0.3814
0a0fec13d662bee7,E3b,long_tail,mechanism,groupdro,2,0.0,0.5,0.813,0.3842,0.47520000000000007,0.4726,0.495,0.495,0.0,0.0,0.4726
0a0fec13d662bee7,E3b,long_tail,mechanism,groupdro,2,0.0,0.75,0.813,0.3842,0.47520000000000007,0.47520000000000007,0.5,0.5,0.0,0.0,0.47520000000000007
0a0fec13d662bee7,E3b,long_tail,mechanism,groupdro,2,0.0,0.9,0.813,0.3842,0.47520000000000007,0.4752,0.5,0.5,0.0,0.0,0.4752
bd1f208b486193fc,E3b,long_tail,mechanism,iro,2,0.0,0.5,0.84,0.35935,0.4812,0.45740000000000003,0.47,0.47,0.0,0.0,0.45740000000000003
bd1f208b486193fc,E3b,long_tail,mechanism,iro,2,0.0,0.75,0.84,0.35935,0.4812,0.4812,0.47,0.47,0.0,0.0,0.4812
bd1f208b486193fc,E3b,long_tail,mechanism,iro,2,0.0,0.9,0.84,0.35935,0.4812,0.4812,0.47,0.47,0.0,0.0,0.4812
b13b7541b5f3948d,E3b,missing,mechanism,erm,2,0.0,0.5,0.883,0.28355,0.38180000000000003,0.3643,0.35,0.6799999999999999,0.32999999999999996,0.25,0.3643
b13b7541b5f3948d,E3b,missing,mechanism,erm,2,0.0,0.75,0.883,0.28355,0.38180000000000003,0.38180000000000003,0.36,1.0,0.64,0.25,0.38180000000000003
b13b7541b5f3948d,E3b,missing,mechanism,erm,2,0.0,0.9,0.883,0.28355,0.38180000000000003,0.38180000000000003,0.36,1.0,0.64,0.25,0.38180000000000003
3acd0013211f343d,E3b,missing,mechanism,groupdro,2,0.0,0.5,0.835,0.35169999999999996,0.4473999999999999,0.44199999999999995,0.44999999999999996,0.73,0.28,0.25,0.44199999999999995
3acd0013211f343d,E3b,missing,mechanism,groupdro,2,0.0,0.75,0.835,0.35169999999999996,0.4473999999999999,0.4473999999999999,0.45999999999999996,1.0,0.54,0.25,0.4473999999999999
3acd0013211f343d,E3b,missing,mechanism,groupdro,2,0.0,0.9,0.835,0.35169999999999996,0.4473999999999999,0.4473999999999999,0.45999999999999996,1.0,0.54,0.25,0.4473999999999999
bc0cd3aaada40e50,E3b,missing,mechanism,iro,2,0.0,0.5,0.844,0.34259999999999996,0.4526,0.43899999999999995,0.425,0.735,0.31,0.25,0.43899999999999995
bc0cd3aaada40e50,E3b,missing,mechanism,iro,2,0.0,0.75,0.844,0.34259999999999996,0.4526,0.4526,0.47,1.0,0.53,0.25,0.4526
bc0cd3aaada40e50,E3b,missing,mechanism,iro,2,0.0,0.9,0.844,0.34259999999999996,0.4526,0.4526,0.47,1.0,0.53,0.25,0.4526
