command_index,manifest,status,exit_code,start_time,end_time,duration_seconds,stdout_log,stderr_log,command
"1","domain_count_clean_seed3.txt","success","0","2026-08-29T20:18:18.7799525+02:00","2026-08-29T20:22:53.6570164+02:00","274.88","C:\Users\320257223\PycharmProjects\domain_gen_IL\CMNIST\job_scripts\seed34_job_001.out.txt","C:\Users\320257223\PycharmProjects\domain_gen_IL\CMNIST\job_scripts\seed34_job_001.err.txt","python train_sandbox.py --data_dir ..\data --output_dir ..\results\cmnist_domain_count_clean_v1 --exp_name domain_count_clean --lr 0.0001 --batch_size 25000 --dropout_p 0.2 --seed 3 --algorithm erm --steps 600 --train_envs 0.1,0.9 --test_envs 0.0,0.1,0.2,0.3,0.4,0.5,0.6,0.7,0.8,0.9,1.0 --erm_pretrain_iters 0"
"2","domain_count_clean_seed3.txt","success","0","2026-08-29T20:22:53.6672003+02:00","2026-08-29T20:27:25.1428089+02:00","271.48","C:\Users\320257223\PycharmProjects\domain_gen_IL\CMNIST\job_scripts\seed34_job_002.out.txt","C:\Users\320257223\PycharmProjects\domain_gen_IL\CMNIST\job_scripts\seed34_job_002.err.txt","python train_sandbox.py --data_dir ..\data --output_dir ..\results\cmnist_domain_count_clean_v1 --exp_name domain_count_clean --lr 0.0001 --batch_size 25000 --dropout_p 0.2 --seed 3 --algorithm irm --steps 600 --train_envs 0.1,0.9 --test_envs 0.0,0.1,0.2,0.3,0.4,0.5,0.6,0.7,0.8,0.9,1.0 --erm_pretrain_iters 400 --lr_cos_sched --penalty_weight 1000 --save_ckpts"
"3","domain_count_clean_seed3.txt","success","0","2026-08-29T20:27:25.1464961+02:00","2026-08-29T20:31:54.1805381+02:00","269.03","C:\Users\320257223\PycharmProjects\domain_gen_IL\CMNIST\job_scripts\seed34_job_003.out.txt","C:\Users\320257223\PycharmProjects\domain_gen_IL\CMNIST\job_scripts\seed34_job_003.err.txt","python train_sandbox.py --data_dir ..\data --output_dir ..\results\cmnist_domain_count_clean_v1 --exp_name domain_count_clean --lr 0.0001 --batch_size 25000 --dropout_p 0.2 --seed 3 --algorithm groupdro --steps 1000 --train_envs 0.1,0.9 --test_envs 0.0,0.1,0.2,0.3,0.4,0.5,0.6,0.7,0.8,0.9,1.0 --erm_pretrain_iters 400 --lr_cos_sched --groupdro_eta 0.1 --save_ckpts"
"4","domain_count_clean_seed3.txt","success","0","2026-08-29T20:31:54.1805381+02:00","2026-08-29T20:57:02.9113269+02:00","1508.73","C:\Users\320257223\PycharmProjects\domain_gen_IL\CMNIST\job_scripts\seed34_job_004.out.txt","C:\Users\320257223\PycharmProjects\domain_gen_IL\CMNIST\job_scripts\seed34_job_004.err.txt","python train_sandbox.py --data_dir ..\data --output_dir ..\results\cmnist_domain_count_clean_v1 --exp_name domain_count_clean --lr 0.0001 --batch_size 25000 --dropout_p 0.2 --seed 3 --algorithm iro --steps 600 --train_envs 0.1,0.9 --test_envs 0.0,0.1,0.2,0.3,0.4,0.5,0.6,0.7,0.8,0.9,1.0 --erm_pretrain_iters 400 --lr_cos_sched --save_ckpts"
"5","domain_count_clean_seed3.txt","success","0","2026-08-29T20:57:02.9426784+02:00","2026-08-29T21:00:24.2172059+02:00","201.27","C:\Users\320257223\PycharmProjects\domain_gen_IL\CMNIST\job_scripts\seed34_job_005.out.txt","C:\Users\320257223\PycharmProjects\domain_gen_IL\CMNIST\job_scripts\seed34_job_005.err.txt","python train_sandbox.py --data_dir ..\data --output_dir ..\results\cmnist_domain_count_clean_v1 --exp_name domain_count_clean --lr 0.0001 --batch_size 25000 --dropout_p 0.2 --seed 3 --algorithm inftask --steps 600 --train_envs 0.1,0.9 --test_envs 0.0,0.1,0.2,0.3,0.4,0.5,0.6,0.7,0.8,0.9,1.0 --erm_pretrain_iters 400 --lr_cos_sched --save_ckpts"
"6","domain_count_clean_seed3.txt","success","0","2026-08-29T21:00:24.2172059+02:00","2026-08-29T21:04:42.9581729+02:00","258.74","C:\Users\320257223\PycharmProjects\domain_gen_IL\CMNIST\job_scripts\seed34_job_006.out.txt","C:\Users\320257223\PycharmProjects\domain_gen_IL\CMNIST\job_scripts\seed34_job_006.err.txt","python train_sandbox.py --data_dir ..\data --output_dir ..\results\cmnist_domain_count_clean_v1 --exp_name domain_count_clean --lr 0.0001 --batch_size 25000 --dropout_p 0.2 --seed 3 --algorithm erm --steps 600 --train_envs 0.1,0.2,0.5,0.9 --test_envs 0.0,0.1,0.2,0.3,0.4,0.5,0.6,0.7,0.8,0.9,1.0 --erm_pretrain_iters 0"
"7","domain_count_clean_seed3.txt","success","0","2026-08-29T21:04:42.9689849+02:00","2026-08-29T21:08:59.0073563+02:00","256.04","C:\Users\320257223\PycharmProjects\domain_gen_IL\CMNIST\job_scripts\seed34_job_007.out.txt","C:\Users\320257223\PycharmProjects\domain_gen_IL\CMNIST\job_scripts\seed34_job_007.err.txt","python train_sandbox.py --data_dir ..\data --output_dir ..\results\cmnist_domain_count_clean_v1 --exp_name domain_count_clean --lr 0.0001 --batch_size 25000 --dropout_p 0.2 --seed 3 --algorithm irm --steps 600 --train_envs 0.1,0.2,0.5,0.9 --test_envs 0.0,0.1,0.2,0.3,0.4,0.5,0.6,0.7,0.8,0.9,1.0 --erm_pretrain_iters 400 --lr_cos_sched --penalty_weight 1000 --save_ckpts"
"8","domain_count_clean_seed3.txt","success","0","2026-08-29T21:08:59.0157763+02:00","2026-08-29T21:13:17.6709477+02:00","258.66","C:\Users\320257223\PycharmProjects\domain_gen_IL\CMNIST\job_scripts\seed34_job_008.out.txt","C:\Users\320257223\PycharmProjects\domain_gen_IL\CMNIST\job_scripts\seed34_job_008.err.txt","python train_sandbox.py --data_dir ..\data --output_dir ..\results\cmnist_domain_count_clean_v1 --exp_name domain_count_clean --lr 0.0001 --batch_size 25000 --dropout_p 0.2 --seed 3 --algorithm groupdro --steps 1000 --train_envs 0.1,0.2,0.5,0.9 --test_envs 0.0,0.1,0.2,0.3,0.4,0.5,0.6,0.7,0.8,0.9,1.0 --erm_pretrain_iters 400 --lr_cos_sched --groupdro_eta 0.1 --save_ckpts"
"9","domain_count_clean_seed3.txt","success","0","2026-08-29T21:13:17.6709477+02:00","2026-08-29T21:42:35.3665463+02:00","1757.7","C:\Users\320257223\PycharmProjects\domain_gen_IL\CMNIST\job_scripts\seed34_job_009.out.txt","C:\Users\320257223\PycharmProjects\domain_gen_IL\CMNIST\job_scripts\seed34_job_009.err.txt","python train_sandbox.py --data_dir ..\data --output_dir ..\results\cmnist_domain_count_clean_v1 --exp_name domain_count_clean --lr 0.0001 --batch_size 25000 --dropout_p 0.2 --seed 3 --algorithm iro --steps 600 --train_envs 0.1,0.2,0.5,0.9 --test_envs 0.0,0.1,0.2,0.3,0.4,0.5,0.6,0.7,0.8,0.9,1.0 --erm_pretrain_iters 400 --lr_cos_sched --save_ckpts"
"10","domain_count_clean_seed3.txt","success","0","2026-08-29T21:42:35.3822100+02:00","2026-08-29T21:46:02.5283493+02:00","207.15","C:\Users\320257223\PycharmProjects\domain_gen_IL\CMNIST\job_scripts\seed34_job_010.out.txt","C:\Users\320257223\PycharmProjects\domain_gen_IL\CMNIST\job_scripts\seed34_job_010.err.txt","python train_sandbox.py --data_dir ..\data --output_dir ..\results\cmnist_domain_count_clean_v1 --exp_name domain_count_clean --lr 0.0001 --batch_size 25000 --dropout_p 0.2 --seed 3 --algorithm inftask --steps 600 --train_envs 0.1,0.2,0.5,0.9 --test_envs 0.0,0.1,0.2,0.3,0.4,0.5,0.6,0.7,0.8,0.9,1.0 --erm_pretrain_iters 400 --lr_cos_sched --save_ckpts"
"11","domain_count_clean_seed3.txt","success","0","2026-08-29T21:46:02.5323553+02:00","2026-08-29T21:50:25.4299575+02:00","262.9","C:\Users\320257223\PycharmProjects\domain_gen_IL\CMNIST\job_scripts\seed34_job_011.out.txt","C:\Users\320257223\PycharmProjects\domain_gen_IL\CMNIST\job_scripts\seed34_job_011.err.txt","python train_sandbox.py --data_dir ..\data --output_dir ..\results\cmnist_domain_count_clean_v1 --exp_name domain_count_clean --lr 0.0001 --batch_size 25000 --dropout_p 0.2 --seed 3 --algorithm erm --steps 600 --train_envs 0.1,0.2,0.3,0.5,0.7,0.9 --test_envs 0.0,0.1,0.2,0.3,0.4,0.5,0.6,0.7,0.8,0.9,1.0 --erm_pretrain_iters 0"
"12","domain_count_clean_seed3.txt","success","0","2026-08-29T21:50:25.4299575+02:00","2026-08-29T21:54:35.1113525+02:00","249.68","C:\Users\320257223\PycharmProjects\domain_gen_IL\CMNIST\job_scripts\seed34_job_012.out.txt","C:\Users\320257223\PycharmProjects\domain_gen_IL\CMNIST\job_scripts\seed34_job_012.err.txt","python train_sandbox.py --data_dir ..\data --output_dir ..\results\cmnist_domain_count_clean_v1 --exp_name domain_count_clean --lr 0.0001 --batch_size 25000 --dropout_p 0.2 --seed 3 --algorithm irm --steps 600 --train_envs 0.1,0.2,0.3,0.5,0.7,0.9 --test_envs 0.0,0.1,0.2,0.3,0.4,0.5,0.6,0.7,0.8,0.9,1.0 --erm_pretrain_iters 400 --lr_cos_sched --penalty_weight 1000 --save_ckpts"
"13","domain_count_clean_seed3.txt","success","0","2026-08-29T21:54:35.1113525+02:00","2026-08-29T21:58:46.2391126+02:00","251.13","C:\Users\320257223\PycharmProjects\domain_gen_IL\CMNIST\job_scripts\seed34_job_013.out.txt","C:\Users\320257223\PycharmProjects\domain_gen_IL\CMNIST\job_scripts\seed34_job_013.err.txt","python train_sandbox.py --data_dir ..\data --output_dir ..\results\cmnist_domain_count_clean_v1 --exp_name domain_count_clean --lr 0.0001 --batch_size 25000 --dropout_p 0.2 --seed 3 --algorithm groupdro --steps 1000 --train_envs 0.1,0.2,0.3,0.5,0.7,0.9 --test_envs 0.0,0.1,0.2,0.3,0.4,0.5,0.6,0.7,0.8,0.9,1.0 --erm_pretrain_iters 400 --lr_cos_sched --groupdro_eta 0.1 --save_ckpts"
"14","domain_count_clean_seed3.txt","success","0","2026-08-29T21:58:46.2391126+02:00","2026-08-29T22:50:49.5755127+02:00","3123.34","C:\Users\320257223\PycharmProjects\domain_gen_IL\CMNIST\job_scripts\seed34_job_014.out.txt","C:\Users\320257223\PycharmProjects\domain_gen_IL\CMNIST\job_scripts\seed34_job_014.err.txt","python train_sandbox.py --data_dir ..\data --output_dir ..\results\cmnist_domain_count_clean_v1 --exp_name domain_count_clean --lr 0.0001 --batch_size 25000 --dropout_p 0.2 --seed 3 --algorithm iro --steps 600 --train_envs 0.1,0.2,0.3,0.5,0.7,0.9 --test_envs 0.0,0.1,0.2,0.3,0.4,0.5,0.6,0.7,0.8,0.9,1.0 --erm_pretrain_iters 400 --lr_cos_sched --save_ckpts"
"15","domain_count_clean_seed3.txt","success","0","2026-08-29T22:50:49.5755127+02:00","2026-08-29T22:54:16.0480591+02:00","206.47","C:\Users\320257223\PycharmProjects\domain_gen_IL\CMNIST\job_scripts\seed34_job_015.out.txt","C:\Users\320257223\PycharmProjects\domain_gen_IL\CMNIST\job_scripts\seed34_job_015.err.txt","python train_sandbox.py --data_dir ..\data --output_dir ..\results\cmnist_domain_count_clean_v1 --exp_name domain_count_clean --lr 0.0001 --batch_size 25000 --dropout_p 0.2 --seed 3 --algorithm inftask --steps 600 --train_envs 0.1,0.2,0.3,0.5,0.7,0.9 --test_envs 0.0,0.1,0.2,0.3,0.4,0.5,0.6,0.7,0.8,0.9,1.0 --erm_pretrain_iters 400 --lr_cos_sched --save_ckpts"
"16","domain_count_clean_seed3.txt","success","0","2026-08-29T22:54:16.0480591+02:00","2026-08-29T22:58:32.2778939+02:00","256.23","C:\Users\320257223\PycharmProjects\domain_gen_IL\CMNIST\job_scripts\seed34_job_016.out.txt","C:\Users\320257223\PycharmProjects\domain_gen_IL\CMNIST\job_scripts\seed34_job_016.err.txt","python train_sandbox.py --data_dir ..\data --output_dir ..\results\cmnist_domain_count_clean_v1 --exp_name domain_count_clean --lr 0.0001 --batch_size 25000 --dropout_p 0.2 --seed 3 --algorithm erm --steps 600 --train_envs 0.1,0.2,0.3,0.4,0.6,0.7,0.8,0.9 --test_envs 0.0,0.1,0.2,0.3,0.4,0.5,0.6,0.7,0.8,0.9,1.0 --erm_pretrain_iters 0"
"17","domain_count_clean_seed3.txt","success","0","2026-08-29T22:58:32.3181749+02:00","2026-08-29T23:02:41.5076804+02:00","249.19","C:\Users\320257223\PycharmProjects\domain_gen_IL\CMNIST\job_scripts\seed34_job_017.out.txt","C:\Users\320257223\PycharmProjects\domain_gen_IL\CMNIST\job_scripts\seed34_job_017.err.txt","python train_sandbox.py --data_dir ..\data --output_dir ..\results\cmnist_domain_count_clean_v1 --exp_name domain_count_clean --lr 0.0001 --batch_size 25000 --dropout_p 0.2 --seed 3 --algorithm irm --steps 600 --train_envs 0.1,0.2,0.3,0.4,0.6,0.7,0.8,0.9 --test_envs 0.0,0.1,0.2,0.3,0.4,0.5,0.6,0.7,0.8,0.9,1.0 --erm_pretrain_iters 400 --lr_cos_sched --penalty_weight 1000 --save_ckpts"
"18","domain_count_clean_seed3.txt","success","0","2026-08-29T23:02:41.5076804+02:00","2026-08-29T23:06:53.1193259+02:00","251.61","C:\Users\320257223\PycharmProjects\domain_gen_IL\CMNIST\job_scripts\seed34_job_018.out.txt","C:\Users\320257223\PycharmProjects\domain_gen_IL\CMNIST\job_scripts\seed34_job_018.err.txt","python train_sandbox.py --data_dir ..\data --output_dir ..\results\cmnist_domain_count_clean_v1 --exp_name domain_count_clean --lr 0.0001 --batch_size 25000 --dropout_p 0.2 --seed 3 --algorithm groupdro --steps 1000 --train_envs 0.1,0.2,0.3,0.4,0.6,0.7,0.8,0.9 --test_envs 0.0,0.1,0.2,0.3,0.4,0.5,0.6,0.7,0.8,0.9,1.0 --erm_pretrain_iters 400 --lr_cos_sched --groupdro_eta 0.1 --save_ckpts"
"19","domain_count_clean_seed3.txt","success","0","2026-08-29T23:06:53.1193259+02:00","2026-08-29T23:36:13.6953015+02:00","1760.58","C:\Users\320257223\PycharmProjects\domain_gen_IL\CMNIST\job_scripts\seed34_job_019.out.txt","C:\Users\320257223\PycharmProjects\domain_gen_IL\CMNIST\job_scripts\seed34_job_019.err.txt","python train_sandbox.py --data_dir ..\data --output_dir ..\results\cmnist_domain_count_clean_v1 --exp_name domain_count_clean --lr 0.0001 --batch_size 25000 --dropout_p 0.2 --seed 3 --algorithm iro --steps 600 --train_envs 0.1,0.2,0.3,0.4,0.6,0.7,0.8,0.9 --test_envs 0.0,0.1,0.2,0.3,0.4,0.5,0.6,0.7,0.8,0.9,1.0 --erm_pretrain_iters 400 --lr_cos_sched --save_ckpts"
"20","domain_count_clean_seed3.txt","success","0","2026-08-29T23:36:13.7109319+02:00","2026-08-29T23:39:34.6686168+02:00","200.96","C:\Users\320257223\PycharmProjects\domain_gen_IL\CMNIST\job_scripts\seed34_job_020.out.txt","C:\Users\320257223\PycharmProjects\domain_gen_IL\CMNIST\job_scripts\seed34_job_020.err.txt","python train_sandbox.py --data_dir ..\data --output_dir ..\results\cmnist_domain_count_clean_v1 --exp_name domain_count_clean --lr 0.0001 --batch_size 25000 --dropout_p 0.2 --seed 3 --algorithm inftask --steps 600 --train_envs 0.1,0.2,0.3,0.4,0.6,0.7,0.8,0.9 --test_envs 0.0,0.1,0.2,0.3,0.4,0.5,0.6,0.7,0.8,0.9,1.0 --erm_pretrain_iters 400 --lr_cos_sched --save_ckpts"
"21","domain_count_clean_seed4.txt","success","0","2026-08-30T07:25:56.7743807+02:00","2026-08-30T07:30:24.6342238+02:00","267.86","C:\Users\320257223\PycharmProjects\domain_gen_IL\CMNIST\job_scripts\seed34_job_021.out.txt","C:\Users\320257223\PycharmProjects\domain_gen_IL\CMNIST\job_scripts\seed34_job_021.err.txt","python train_sandbox.py --data_dir ..\data --output_dir ..\results\cmnist_domain_count_clean_v1 --exp_name domain_count_clean --lr 0.0001 --batch_size 25000 --dropout_p 0.2 --seed 4 --algorithm erm --steps 600 --train_envs 0.1,0.9 --test_envs 0.0,0.1,0.2,0.3,0.4,0.5,0.6,0.7,0.8,0.9,1.0 --erm_pretrain_iters 0"
"22","domain_count_clean_seed4.txt","success","0","2026-08-30T07:30:24.6562761+02:00","2026-08-30T07:34:47.8940871+02:00","263.24","C:\Users\320257223\PycharmProjects\domain_gen_IL\CMNIST\job_scripts\seed34_job_022.out.txt","C:\Users\320257223\PycharmProjects\domain_gen_IL\CMNIST\job_scripts\seed34_job_022.err.txt","python train_sandbox.py --data_dir ..\data --output_dir ..\results\cmnist_domain_count_clean_v1 --exp_name domain_count_clean --lr 0.0001 --batch_size 25000 --dropout_p 0.2 --seed 4 --algorithm irm --steps 600 --train_envs 0.1,0.9 --test_envs 0.0,0.1,0.2,0.3,0.4,0.5,0.6,0.7,0.8,0.9,1.0 --erm_pretrain_iters 400 --lr_cos_sched --penalty_weight 1000 --save_ckpts"
"23","domain_count_clean_seed4.txt","success","0","2026-08-30T07:34:47.9101715+02:00","2026-08-30T07:39:09.0742574+02:00","261.16","C:\Users\320257223\PycharmProjects\domain_gen_IL\CMNIST\job_scripts\seed34_job_023.out.txt","C:\Users\320257223\PycharmProjects\domain_gen_IL\CMNIST\job_scripts\seed34_job_023.err.txt","python train_sandbox.py --data_dir ..\data --output_dir ..\results\cmnist_domain_count_clean_v1 --exp_name domain_count_clean --lr 0.0001 --batch_size 25000 --dropout_p 0.2 --seed 4 --algorithm groupdro --steps 1000 --train_envs 0.1,0.9 --test_envs 0.0,0.1,0.2,0.3,0.4,0.5,0.6,0.7,0.8,0.9,1.0 --erm_pretrain_iters 400 --lr_cos_sched --groupdro_eta 0.1 --save_ckpts"
"24","domain_count_clean_seed4.txt","success","0","2026-08-30T07:39:09.0742574+02:00","2026-08-30T08:04:59.8661921+02:00","1550.79","C:\Users\320257223\PycharmProjects\domain_gen_IL\CMNIST\job_scripts\seed34_job_024.out.txt","C:\Users\320257223\PycharmProjects\domain_gen_IL\CMNIST\job_scripts\seed34_job_024.err.txt","python train_sandbox.py --data_dir ..\data --output_dir ..\results\cmnist_domain_count_clean_v1 --exp_name domain_count_clean --lr 0.0001 --batch_size 25000 --dropout_p 0.2 --seed 4 --algorithm iro --steps 600 --train_envs 0.1,0.9 --test_envs 0.0,0.1,0.2,0.3,0.4,0.5,0.6,0.7,0.8,0.9,1.0 --erm_pretrain_iters 400 --lr_cos_sched --save_ckpts"
"25","domain_count_clean_seed4.txt","success","0","2026-08-30T08:04:59.8920002+02:00","2026-08-30T08:08:19.2419090+02:00","199.35","C:\Users\320257223\PycharmProjects\domain_gen_IL\CMNIST\job_scripts\seed34_job_025.out.txt","C:\Users\320257223\PycharmProjects\domain_gen_IL\CMNIST\job_scripts\seed34_job_025.err.txt","python train_sandbox.py --data_dir ..\data --output_dir ..\results\cmnist_domain_count_clean_v1 --exp_name domain_count_clean --lr 0.0001 --batch_size 25000 --dropout_p 0.2 --seed 4 --algorithm inftask --steps 600 --train_envs 0.1,0.9 --test_envs 0.0,0.1,0.2,0.3,0.4,0.5,0.6,0.7,0.8,0.9,1.0 --erm_pretrain_iters 400 --lr_cos_sched --save_ckpts"
"26","domain_count_clean_seed4.txt","success","0","2026-08-30T08:08:19.2477739+02:00","2026-08-30T08:12:33.8081415+02:00","254.56","C:\Users\320257223\PycharmProjects\domain_gen_IL\CMNIST\job_scripts\seed34_job_026.out.txt","C:\Users\320257223\PycharmProjects\domain_gen_IL\CMNIST\job_scripts\seed34_job_026.err.txt","python train_sandbox.py --data_dir ..\data --output_dir ..\results\cmnist_domain_count_clean_v1 --exp_name domain_count_clean --lr 0.0001 --batch_size 25000 --dropout_p 0.2 --seed 4 --algorithm erm --steps 600 --train_envs 0.1,0.2,0.5,0.9 --test_envs 0.0,0.1,0.2,0.3,0.4,0.5,0.6,0.7,0.8,0.9,1.0 --erm_pretrain_iters 0"
"27","domain_count_clean_seed4.txt","success","0","2026-08-30T08:12:33.8081415+02:00","2026-08-30T08:16:48.5147499+02:00","254.71","C:\Users\320257223\PycharmProjects\domain_gen_IL\CMNIST\job_scripts\seed34_job_027.out.txt","C:\Users\320257223\PycharmProjects\domain_gen_IL\CMNIST\job_scripts\seed34_job_027.err.txt","python train_sandbox.py --data_dir ..\data --output_dir ..\results\cmnist_domain_count_clean_v1 --exp_name domain_count_clean --lr 0.0001 --batch_size 25000 --dropout_p 0.2 --seed 4 --algorithm irm --steps 600 --train_envs 0.1,0.2,0.5,0.9 --test_envs 0.0,0.1,0.2,0.3,0.4,0.5,0.6,0.7,0.8,0.9,1.0 --erm_pretrain_iters 400 --lr_cos_sched --penalty_weight 1000 --save_ckpts"
"28","domain_count_clean_seed4.txt","success","0","2026-08-30T08:16:48.5147499+02:00","2026-08-30T08:21:05.6662830+02:00","257.15","C:\Users\320257223\PycharmProjects\domain_gen_IL\CMNIST\job_scripts\seed34_job_028.out.txt","C:\Users\320257223\PycharmProjects\domain_gen_IL\CMNIST\job_scripts\seed34_job_028.err.txt","python train_sandbox.py --data_dir ..\data --output_dir ..\results\cmnist_domain_count_clean_v1 --exp_name domain_count_clean --lr 0.0001 --batch_size 25000 --dropout_p 0.2 --seed 4 --algorithm groupdro --steps 1000 --train_envs 0.1,0.2,0.5,0.9 --test_envs 0.0,0.1,0.2,0.3,0.4,0.5,0.6,0.7,0.8,0.9,1.0 --erm_pretrain_iters 400 --lr_cos_sched --groupdro_eta 0.1 --save_ckpts"
"29","domain_count_clean_seed4.txt","success","0","2026-08-30T08:21:05.6662830+02:00","2026-08-30T08:50:10.4282819+02:00","1744.76","C:\Users\320257223\PycharmProjects\domain_gen_IL\CMNIST\job_scripts\seed34_job_029.out.txt","C:\Users\320257223\PycharmProjects\domain_gen_IL\CMNIST\job_scripts\seed34_job_029.err.txt","python train_sandbox.py --data_dir ..\data --output_dir ..\results\cmnist_domain_count_clean_v1 --exp_name domain_count_clean --lr 0.0001 --batch_size 25000 --dropout_p 0.2 --seed 4 --algorithm iro --steps 600 --train_envs 0.1,0.2,0.5,0.9 --test_envs 0.0,0.1,0.2,0.3,0.4,0.5,0.6,0.7,0.8,0.9,1.0 --erm_pretrain_iters 400 --lr_cos_sched --save_ckpts"
"30","domain_count_clean_seed4.txt","success","0","2026-08-30T08:50:10.4438547+02:00","2026-08-30T08:53:31.9398322+02:00","201.5","C:\Users\320257223\PycharmProjects\domain_gen_IL\CMNIST\job_scripts\seed34_job_030.out.txt","C:\Users\320257223\PycharmProjects\domain_gen_IL\CMNIST\job_scripts\seed34_job_030.err.txt","python train_sandbox.py --data_dir ..\data --output_dir ..\results\cmnist_domain_count_clean_v1 --exp_name domain_count_clean --lr 0.0001 --batch_size 25000 --dropout_p 0.2 --seed 4 --algorithm inftask --steps 600 --train_envs 0.1,0.2,0.5,0.9 --test_envs 0.0,0.1,0.2,0.3,0.4,0.5,0.6,0.7,0.8,0.9,1.0 --erm_pretrain_iters 400 --lr_cos_sched --save_ckpts"
"31","domain_count_clean_seed4.txt","success","0","2026-08-30T08:53:31.9398322+02:00","2026-08-30T08:57:44.7862288+02:00","252.85","C:\Users\320257223\PycharmProjects\domain_gen_IL\CMNIST\job_scripts\seed34_job_031.out.txt","C:\Users\320257223\PycharmProjects\domain_gen_IL\CMNIST\job_scripts\seed34_job_031.err.txt","python train_sandbox.py --data_dir ..\data --output_dir ..\results\cmnist_domain_count_clean_v1 --exp_name domain_count_clean --lr 0.0001 --batch_size 25000 --dropout_p 0.2 --seed 4 --algorithm erm --steps 600 --train_envs 0.1,0.2,0.3,0.5,0.7,0.9 --test_envs 0.0,0.1,0.2,0.3,0.4,0.5,0.6,0.7,0.8,0.9,1.0 --erm_pretrain_iters 0"
"32","domain_count_clean_seed4.txt","success","0","2026-08-30T08:57:44.7962183+02:00","2026-08-30T09:01:53.4495813+02:00","248.65","C:\Users\320257223\PycharmProjects\domain_gen_IL\CMNIST\job_scripts\seed34_job_032.out.txt","C:\Users\320257223\PycharmProjects\domain_gen_IL\CMNIST\job_scripts\seed34_job_032.err.txt","python train_sandbox.py --data_dir ..\data --output_dir ..\results\cmnist_domain_count_clean_v1 --exp_name domain_count_clean --lr 0.0001 --batch_size 25000 --dropout_p 0.2 --seed 4 --algorithm irm --steps 600 --train_envs 0.1,0.2,0.3,0.5,0.7,0.9 --test_envs 0.0,0.1,0.2,0.3,0.4,0.5,0.6,0.7,0.8,0.9,1.0 --erm_pretrain_iters 400 --lr_cos_sched --penalty_weight 1000 --save_ckpts"
"33","domain_count_clean_seed4.txt","success","0","2026-08-30T09:01:53.4495813+02:00","2026-08-30T09:06:02.8867404+02:00","249.44","C:\Users\320257223\PycharmProjects\domain_gen_IL\CMNIST\job_scripts\seed34_job_033.out.txt","C:\Users\320257223\PycharmProjects\domain_gen_IL\CMNIST\job_scripts\seed34_job_033.err.txt","python train_sandbox.py --data_dir ..\data --output_dir ..\results\cmnist_domain_count_clean_v1 --exp_name domain_count_clean --lr 0.0001 --batch_size 25000 --dropout_p 0.2 --seed 4 --algorithm groupdro --steps 1000 --train_envs 0.1,0.2,0.3,0.5,0.7,0.9 --test_envs 0.0,0.1,0.2,0.3,0.4,0.5,0.6,0.7,0.8,0.9,1.0 --erm_pretrain_iters 400 --lr_cos_sched --groupdro_eta 0.1 --save_ckpts"
"34","domain_count_clean_seed4.txt","success","0","2026-08-30T09:06:02.8867404+02:00","2026-08-30T09:55:00.5132396+02:00","2937.63","C:\Users\320257223\PycharmProjects\domain_gen_IL\CMNIST\job_scripts\seed34_job_034.out.txt","C:\Users\320257223\PycharmProjects\domain_gen_IL\CMNIST\job_scripts\seed34_job_034.err.txt","python train_sandbox.py --data_dir ..\data --output_dir ..\results\cmnist_domain_count_clean_v1 --exp_name domain_count_clean --lr 0.0001 --batch_size 25000 --dropout_p 0.2 --seed 4 --algorithm iro --steps 600 --train_envs 0.1,0.2,0.3,0.5,0.7,0.9 --test_envs 0.0,0.1,0.2,0.3,0.4,0.5,0.6,0.7,0.8,0.9,1.0 --erm_pretrain_iters 400 --lr_cos_sched --save_ckpts"
"35","domain_count_clean_seed4.txt","success","0","2026-08-30T09:55:00.5164697+02:00","2026-08-30T09:58:16.9913918+02:00","196.47","C:\Users\320257223\PycharmProjects\domain_gen_IL\CMNIST\job_scripts\seed34_job_035.out.txt","C:\Users\320257223\PycharmProjects\domain_gen_IL\CMNIST\job_scripts\seed34_job_035.err.txt","python train_sandbox.py --data_dir ..\data --output_dir ..\results\cmnist_domain_count_clean_v1 --exp_name domain_count_clean --lr 0.0001 --batch_size 25000 --dropout_p 0.2 --seed 4 --algorithm inftask --steps 600 --train_envs 0.1,0.2,0.3,0.5,0.7,0.9 --test_envs 0.0,0.1,0.2,0.3,0.4,0.5,0.6,0.7,0.8,0.9,1.0 --erm_pretrain_iters 400 --lr_cos_sched --save_ckpts"
"36","domain_count_clean_seed4.txt","success","0","2026-08-30T09:58:17.0036057+02:00","2026-08-30T10:02:20.3493755+02:00","243.35","C:\Users\320257223\PycharmProjects\domain_gen_IL\CMNIST\job_scripts\seed34_job_036.out.txt","C:\Users\320257223\PycharmProjects\domain_gen_IL\CMNIST\job_scripts\seed34_job_036.err.txt","python train_sandbox.py --data_dir ..\data --output_dir ..\results\cmnist_domain_count_clean_v1 --exp_name domain_count_clean --lr 0.0001 --batch_size 25000 --dropout_p 0.2 --seed 4 --algorithm erm --steps 600 --train_envs 0.1,0.2,0.3,0.4,0.6,0.7,0.8,0.9 --test_envs 0.0,0.1,0.2,0.3,0.4,0.5,0.6,0.7,0.8,0.9,1.0 --erm_pretrain_iters 0"
"37","domain_count_clean_seed4.txt","success","0","2026-08-30T10:02:20.3493755+02:00","2026-08-30T10:06:22.1839766+02:00","241.83","C:\Users\320257223\PycharmProjects\domain_gen_IL\CMNIST\job_scripts\seed34_job_037.out.txt","C:\Users\320257223\PycharmProjects\domain_gen_IL\CMNIST\job_scripts\seed34_job_037.err.txt","python train_sandbox.py --data_dir ..\data --output_dir ..\results\cmnist_domain_count_clean_v1 --exp_name domain_count_clean --lr 0.0001 --batch_size 25000 --dropout_p 0.2 --seed 4 --algorithm irm --steps 600 --train_envs 0.1,0.2,0.3,0.4,0.6,0.7,0.8,0.9 --test_envs 0.0,0.1,0.2,0.3,0.4,0.5,0.6,0.7,0.8,0.9,1.0 --erm_pretrain_iters 400 --lr_cos_sched --penalty_weight 1000 --save_ckpts"
"38","domain_count_clean_seed4.txt","success","0","2026-08-30T10:06:22.1997156+02:00","2026-08-30T10:10:22.7899136+02:00","240.59","C:\Users\320257223\PycharmProjects\domain_gen_IL\CMNIST\job_scripts\seed34_job_038.out.txt","C:\Users\320257223\PycharmProjects\domain_gen_IL\CMNIST\job_scripts\seed34_job_038.err.txt","python train_sandbox.py --data_dir ..\data --output_dir ..\results\cmnist_domain_count_clean_v1 --exp_name domain_count_clean --lr 0.0001 --batch_size 25000 --dropout_p 0.2 --seed 4 --algorithm groupdro --steps 1000 --train_envs 0.1,0.2,0.3,0.4,0.6,0.7,0.8,0.9 --test_envs 0.0,0.1,0.2,0.3,0.4,0.5,0.6,0.7,0.8,0.9,1.0 --erm_pretrain_iters 400 --lr_cos_sched --groupdro_eta 0.1 --save_ckpts"
"39","domain_count_clean_seed4.txt","success","0","2026-08-30T10:10:22.7930067+02:00","2026-08-30T10:36:05.3411643+02:00","1542.55","C:\Users\320257223\PycharmProjects\domain_gen_IL\CMNIST\job_scripts\seed34_job_039.out.txt","C:\Users\320257223\PycharmProjects\domain_gen_IL\CMNIST\job_scripts\seed34_job_039.err.txt","python train_sandbox.py --data_dir ..\data --output_dir ..\results\cmnist_domain_count_clean_v1 --exp_name domain_count_clean --lr 0.0001 --batch_size 25000 --dropout_p 0.2 --seed 4 --algorithm iro --steps 600 --train_envs 0.1,0.2,0.3,0.4,0.6,0.7,0.8,0.9 --test_envs 0.0,0.1,0.2,0.3,0.4,0.5,0.6,0.7,0.8,0.9,1.0 --erm_pretrain_iters 400 --lr_cos_sched --save_ckpts"
"40","domain_count_clean_seed4.txt","success","0","2026-08-30T10:36:05.3567443+02:00","2026-08-30T10:39:19.1236238+02:00","193.77","C:\Users\320257223\PycharmProjects\domain_gen_IL\CMNIST\job_scripts\seed34_job_040.out.txt","C:\Users\320257223\PycharmProjects\domain_gen_IL\CMNIST\job_scripts\seed34_job_040.err.txt","python train_sandbox.py --data_dir ..\data --output_dir ..\results\cmnist_domain_count_clean_v1 --exp_name domain_count_clean --lr 0.0001 --batch_size 25000 --dropout_p 0.2 --seed 4 --algorithm inftask --steps 600 --train_envs 0.1,0.2,0.3,0.4,0.6,0.7,0.8,0.9 --test_envs 0.0,0.1,0.2,0.3,0.4,0.5,0.6,0.7,0.8,0.9,1.0 --erm_pretrain_iters 400 --lr_cos_sched --save_ckpts"
"41","imbalance_clean_seed3.txt","success","0","2026-08-30T10:39:19.1584535+02:00","2026-08-30T10:40:22.5998802+02:00","63.44","C:\Users\320257223\PycharmProjects\domain_gen_IL\CMNIST\job_scripts\seed34_job_041.out.txt","C:\Users\320257223\PycharmProjects\domain_gen_IL\CMNIST\job_scripts\seed34_job_041.err.txt","python train_sandbox.py --data_dir ..\data --output_dir ..\results\imbalance_clean_v1 --exp_name imbalance_clean --lr 0.0001 --batch_size 25000 --dropout_p 0.2 --seed 3 --algorithm erm --steps 600 --train_envs 0.1,0.2,0.5,0.9 --train_env_sizes 2000,2000,2000,2000 --test_envs 0.0,0.1,0.2,0.3,0.4,0.5,0.6,0.7,0.8,0.9,1.0 --exp_name imbalance_clean --erm_pretrain_iters 0"
"42","imbalance_clean_seed3.txt","success","0","2026-08-30T10:40:22.5998802+02:00","2026-08-30T10:41:27.6920048+02:00","65.09","C:\Users\320257223\PycharmProjects\domain_gen_IL\CMNIST\job_scripts\seed34_job_042.out.txt","C:\Users\320257223\PycharmProjects\domain_gen_IL\CMNIST\job_scripts\seed34_job_042.err.txt","python train_sandbox.py --data_dir ..\data --output_dir ..\results\imbalance_clean_v1 --exp_name imbalance_clean --lr 0.0001 --batch_size 25000 --dropout_p 0.2 --seed 3 --algorithm irm --steps 600 --train_envs 0.1,0.2,0.5,0.9 --train_env_sizes 2000,2000,2000,2000 --test_envs 0.0,0.1,0.2,0.3,0.4,0.5,0.6,0.7,0.8,0.9,1.0 --exp_name imbalance_clean --erm_pretrain_iters 400 --lr_cos_sched --penalty_weight 1000 --save_ckpts"
"43","imbalance_clean_seed3.txt","success","0","2026-08-30T10:41:27.7020031+02:00","2026-08-30T10:42:31.7292683+02:00","64.03","C:\Users\320257223\PycharmProjects\domain_gen_IL\CMNIST\job_scripts\seed34_job_043.out.txt","C:\Users\320257223\PycharmProjects\domain_gen_IL\CMNIST\job_scripts\seed34_job_043.err.txt","python train_sandbox.py --data_dir ..\data --output_dir ..\results\imbalance_clean_v1 --exp_name imbalance_clean --lr 0.0001 --batch_size 25000 --dropout_p 0.2 --seed 3 --algorithm groupdro --steps 1000 --train_envs 0.1,0.2,0.5,0.9 --train_env_sizes 2000,2000,2000,2000 --test_envs 0.0,0.1,0.2,0.3,0.4,0.5,0.6,0.7,0.8,0.9,1.0 --exp_name imbalance_clean --erm_pretrain_iters 400 --lr_cos_sched --groupdro_eta 0.1 --save_ckpts"
"44","imbalance_clean_seed3.txt","success","0","2026-08-30T10:42:31.7292683+02:00","2026-08-30T10:44:46.3976963+02:00","134.67","C:\Users\320257223\PycharmProjects\domain_gen_IL\CMNIST\job_scripts\seed34_job_044.out.txt","C:\Users\320257223\PycharmProjects\domain_gen_IL\CMNIST\job_scripts\seed34_job_044.err.txt","python train_sandbox.py --data_dir ..\data --output_dir ..\results\imbalance_clean_v1 --exp_name imbalance_clean --lr 0.0001 --batch_size 25000 --dropout_p 0.2 --seed 3 --algorithm iro --steps 600 --train_envs 0.1,0.2,0.5,0.9 --train_env_sizes 2000,2000,2000,2000 --test_envs 0.0,0.1,0.2,0.3,0.4,0.5,0.6,0.7,0.8,0.9,1.0 --exp_name imbalance_clean --erm_pretrain_iters 400 --lr_cos_sched --save_ckpts"
"45","imbalance_clean_seed3.txt","success","0","2026-08-30T10:44:46.4097694+02:00","2026-08-30T10:46:03.1200646+02:00","76.71","C:\Users\320257223\PycharmProjects\domain_gen_IL\CMNIST\job_scripts\seed34_job_045.out.txt","C:\Users\320257223\PycharmProjects\domain_gen_IL\CMNIST\job_scripts\seed34_job_045.err.txt","python train_sandbox.py --data_dir ..\data --output_dir ..\results\imbalance_clean_v1 --exp_name imbalance_clean --lr 0.0001 --batch_size 25000 --dropout_p 0.2 --seed 3 --algorithm inftask --steps 600 --train_envs 0.1,0.2,0.5,0.9 --train_env_sizes 2000,2000,2000,2000 --test_envs 0.0,0.1,0.2,0.3,0.4,0.5,0.6,0.7,0.8,0.9,1.0 --exp_name imbalance_clean --erm_pretrain_iters 400 --lr_cos_sched --save_ckpts"
"46","imbalance_clean_seed3.txt","success","0","2026-08-30T10:46:03.1200646+02:00","2026-08-30T10:47:06.7706461+02:00","63.65","C:\Users\320257223\PycharmProjects\domain_gen_IL\CMNIST\job_scripts\seed34_job_046.out.txt","C:\Users\320257223\PycharmProjects\domain_gen_IL\CMNIST\job_scripts\seed34_job_046.err.txt","python train_sandbox.py --data_dir ..\data --output_dir ..\results\imbalance_clean_v1 --exp_name imbalance_clean --lr 0.0001 --batch_size 25000 --dropout_p 0.2 --seed 3 --algorithm erm --steps 600 --train_envs 0.1,0.2,0.5,0.9 --train_env_sizes 1500,1500,1500,3500 --test_envs 0.0,0.1,0.2,0.3,0.4,0.5,0.6,0.7,0.8,0.9,1.0 --exp_name imbalance_clean --erm_pretrain_iters 0"
"47","imbalance_clean_seed3.txt","success","0","2026-08-30T10:47:06.7706461+02:00","2026-08-30T10:48:11.8914646+02:00","65.12","C:\Users\320257223\PycharmProjects\domain_gen_IL\CMNIST\job_scripts\seed34_job_047.out.txt","C:\Users\320257223\PycharmProjects\domain_gen_IL\CMNIST\job_scripts\seed34_job_047.err.txt","python train_sandbox.py --data_dir ..\data --output_dir ..\results\imbalance_clean_v1 --exp_name imbalance_clean --lr 0.0001 --batch_size 25000 --dropout_p 0.2 --seed 3 --algorithm irm --steps 600 --train_envs 0.1,0.2,0.5,0.9 --train_env_sizes 1500,1500,1500,3500 --test_envs 0.0,0.1,0.2,0.3,0.4,0.5,0.6,0.7,0.8,0.9,1.0 --exp_name imbalance_clean --erm_pretrain_iters 400 --lr_cos_sched --penalty_weight 1000 --save_ckpts"
"48","imbalance_clean_seed3.txt","success","0","2026-08-30T10:48:11.8914646+02:00","2026-08-30T10:49:16.7617167+02:00","64.87","C:\Users\320257223\PycharmProjects\domain_gen_IL\CMNIST\job_scripts\seed34_job_048.out.txt","C:\Users\320257223\PycharmProjects\domain_gen_IL\CMNIST\job_scripts\seed34_job_048.err.txt","python train_sandbox.py --data_dir ..\data --output_dir ..\results\imbalance_clean_v1 --exp_name imbalance_clean --lr 0.0001 --batch_size 25000 --dropout_p 0.2 --seed 3 --algorithm groupdro --steps 1000 --train_envs 0.1,0.2,0.5,0.9 --train_env_sizes 1500,1500,1500,3500 --test_envs 0.0,0.1,0.2,0.3,0.4,0.5,0.6,0.7,0.8,0.9,1.0 --exp_name imbalance_clean --erm_pretrain_iters 400 --lr_cos_sched --groupdro_eta 0.1 --save_ckpts"
"49","imbalance_clean_seed3.txt","success","0","2026-08-30T10:49:16.7717062+02:00","2026-08-30T10:51:30.3647964+02:00","133.59","C:\Users\320257223\PycharmProjects\domain_gen_IL\CMNIST\job_scripts\seed34_job_049.out.txt","C:\Users\320257223\PycharmProjects\domain_gen_IL\CMNIST\job_scripts\seed34_job_049.err.txt","python train_sandbox.py --data_dir ..\data --output_dir ..\results\imbalance_clean_v1 --exp_name imbalance_clean --lr 0.0001 --batch_size 25000 --dropout_p 0.2 --seed 3 --algorithm iro --steps 600 --train_envs 0.1,0.2,0.5,0.9 --train_env_sizes 1500,1500,1500,3500 --test_envs 0.0,0.1,0.2,0.3,0.4,0.5,0.6,0.7,0.8,0.9,1.0 --exp_name imbalance_clean --erm_pretrain_iters 400 --lr_cos_sched --save_ckpts"
"50","imbalance_clean_seed3.txt","success","0","2026-08-30T10:51:30.3713036+02:00","2026-08-30T10:52:47.4982942+02:00","77.13","C:\Users\320257223\PycharmProjects\domain_gen_IL\CMNIST\job_scripts\seed34_job_050.out.txt","C:\Users\320257223\PycharmProjects\domain_gen_IL\CMNIST\job_scripts\seed34_job_050.err.txt","python train_sandbox.py --data_dir ..\data --output_dir ..\results\imbalance_clean_v1 --exp_name imbalance_clean --lr 0.0001 --batch_size 25000 --dropout_p 0.2 --seed 3 --algorithm inftask --steps 600 --train_envs 0.1,0.2,0.5,0.9 --train_env_sizes 1500,1500,1500,3500 --test_envs 0.0,0.1,0.2,0.3,0.4,0.5,0.6,0.7,0.8,0.9,1.0 --exp_name imbalance_clean --erm_pretrain_iters 400 --lr_cos_sched --save_ckpts"
"51","imbalance_clean_seed3.txt","success","0","2026-08-30T10:52:47.5082052+02:00","2026-08-30T10:53:52.1673621+02:00","64.66","C:\Users\320257223\PycharmProjects\domain_gen_IL\CMNIST\job_scripts\seed34_job_051.out.txt","C:\Users\320257223\PycharmProjects\domain_gen_IL\CMNIST\job_scripts\seed34_job_051.err.txt","python train_sandbox.py --data_dir ..\data --output_dir ..\results\imbalance_clean_v1 --exp_name imbalance_clean --lr 0.0001 --batch_size 25000 --dropout_p 0.2 --seed 3 --algorithm erm --steps 600 --train_envs 0.1,0.2,0.5,0.9 --train_env_sizes 3500,1500,1500,1500 --test_envs 0.0,0.1,0.2,0.3,0.4,0.5,0.6,0.7,0.8,0.9,1.0 --exp_name imbalance_clean --erm_pretrain_iters 0"
"52","imbalance_clean_seed3.txt","success","0","2026-08-30T10:53:52.1773177+02:00","2026-08-30T10:54:58.0067529+02:00","65.83","C:\Users\320257223\PycharmProjects\domain_gen_IL\CMNIST\job_scripts\seed34_job_052.out.txt","C:\Users\320257223\PycharmProjects\domain_gen_IL\CMNIST\job_scripts\seed34_job_052.err.txt","python train_sandbox.py --data_dir ..\data --output_dir ..\results\imbalance_clean_v1 --exp_name imbalance_clean --lr 0.0001 --batch_size 25000 --dropout_p 0.2 --seed 3 --algorithm irm --steps 600 --train_envs 0.1,0.2,0.5,0.9 --train_env_sizes 3500,1500,1500,1500 --test_envs 0.0,0.1,0.2,0.3,0.4,0.5,0.6,0.7,0.8,0.9,1.0 --exp_name imbalance_clean --erm_pretrain_iters 400 --lr_cos_sched --penalty_weight 1000 --save_ckpts"
"53","imbalance_clean_seed3.txt","success","0","2026-08-30T10:54:58.0168043+02:00","2026-08-30T10:56:02.9003726+02:00","64.88","C:\Users\320257223\PycharmProjects\domain_gen_IL\CMNIST\job_scripts\seed34_job_053.out.txt","C:\Users\320257223\PycharmProjects\domain_gen_IL\CMNIST\job_scripts\seed34_job_053.err.txt","python train_sandbox.py --data_dir ..\data --output_dir ..\results\imbalance_clean_v1 --exp_name imbalance_clean --lr 0.0001 --batch_size 25000 --dropout_p 0.2 --seed 3 --algorithm groupdro --steps 1000 --train_envs 0.1,0.2,0.5,0.9 --train_env_sizes 3500,1500,1500,1500 --test_envs 0.0,0.1,0.2,0.3,0.4,0.5,0.6,0.7,0.8,0.9,1.0 --exp_name imbalance_clean --erm_pretrain_iters 400 --lr_cos_sched --groupdro_eta 0.1 --save_ckpts"
"54","imbalance_clean_seed3.txt","success","0","2026-08-30T10:56:02.9003726+02:00","2026-08-30T10:58:16.2613449+02:00","133.36","C:\Users\320257223\PycharmProjects\domain_gen_IL\CMNIST\job_scripts\seed34_job_054.out.txt","C:\Users\320257223\PycharmProjects\domain_gen_IL\CMNIST\job_scripts\seed34_job_054.err.txt","python train_sandbox.py --data_dir ..\data --output_dir ..\results\imbalance_clean_v1 --exp_name imbalance_clean --lr 0.0001 --batch_size 25000 --dropout_p 0.2 --seed 3 --algorithm iro --steps 600 --train_envs 0.1,0.2,0.5,0.9 --train_env_sizes 3500,1500,1500,1500 --test_envs 0.0,0.1,0.2,0.3,0.4,0.5,0.6,0.7,0.8,0.9,1.0 --exp_name imbalance_clean --erm_pretrain_iters 400 --lr_cos_sched --save_ckpts"
"55","imbalance_clean_seed3.txt","success","0","2026-08-30T10:58:16.3012650+02:00","2026-08-30T10:59:33.0768099+02:00","76.78","C:\Users\320257223\PycharmProjects\domain_gen_IL\CMNIST\job_scripts\seed34_job_055.out.txt","C:\Users\320257223\PycharmProjects\domain_gen_IL\CMNIST\job_scripts\seed34_job_055.err.txt","python train_sandbox.py --data_dir ..\data --output_dir ..\results\imbalance_clean_v1 --exp_name imbalance_clean --lr 0.0001 --batch_size 25000 --dropout_p 0.2 --seed 3 --algorithm inftask --steps 600 --train_envs 0.1,0.2,0.5,0.9 --train_env_sizes 3500,1500,1500,1500 --test_envs 0.0,0.1,0.2,0.3,0.4,0.5,0.6,0.7,0.8,0.9,1.0 --exp_name imbalance_clean --erm_pretrain_iters 400 --lr_cos_sched --save_ckpts"
"56","imbalance_clean_seed3.txt","success","0","2026-08-30T10:59:33.0768099+02:00","2026-08-30T11:00:38.5346569+02:00","65.46","C:\Users\320257223\PycharmProjects\domain_gen_IL\CMNIST\job_scripts\seed34_job_056.out.txt","C:\Users\320257223\PycharmProjects\domain_gen_IL\CMNIST\job_scripts\seed34_job_056.err.txt","python train_sandbox.py --data_dir ..\data --output_dir ..\results\imbalance_clean_v1 --exp_name imbalance_clean --lr 0.0001 --batch_size 25000 --dropout_p 0.2 --seed 3 --algorithm erm --steps 600 --train_envs 0.1,0.2,0.5,0.9 --train_env_sizes 1000,1000,1000,5000 --test_envs 0.0,0.1,0.2,0.3,0.4,0.5,0.6,0.7,0.8,0.9,1.0 --exp_name imbalance_clean --erm_pretrain_iters 0"
"57","imbalance_clean_seed3.txt","success","0","2026-08-30T11:00:38.5346569+02:00","2026-08-30T11:01:45.6344172+02:00","67.1","C:\Users\320257223\PycharmProjects\domain_gen_IL\CMNIST\job_scripts\seed34_job_057.out.txt","C:\Users\320257223\PycharmProjects\domain_gen_IL\CMNIST\job_scripts\seed34_job_057.err.txt","python train_sandbox.py --data_dir ..\data --output_dir ..\results\imbalance_clean_v1 --exp_name imbalance_clean --lr 0.0001 --batch_size 25000 --dropout_p 0.2 --seed 3 --algorithm irm --steps 600 --train_envs 0.1,0.2,0.5,0.9 --train_env_sizes 1000,1000,1000,5000 --test_envs 0.0,0.1,0.2,0.3,0.4,0.5,0.6,0.7,0.8,0.9,1.0 --exp_name imbalance_clean --erm_pretrain_iters 400 --lr_cos_sched --penalty_weight 1000 --save_ckpts"
"58","imbalance_clean_seed3.txt","success","0","2026-08-30T11:01:45.6384220+02:00","2026-08-30T11:02:51.9085371+02:00","66.27","C:\Users\320257223\PycharmProjects\domain_gen_IL\CMNIST\job_scripts\seed34_job_058.out.txt","C:\Users\320257223\PycharmProjects\domain_gen_IL\CMNIST\job_scripts\seed34_job_058.err.txt","python train_sandbox.py --data_dir ..\data --output_dir ..\results\imbalance_clean_v1 --exp_name imbalance_clean --lr 0.0001 --batch_size 25000 --dropout_p 0.2 --seed 3 --algorithm groupdro --steps 1000 --train_envs 0.1,0.2,0.5,0.9 --train_env_sizes 1000,1000,1000,5000 --test_envs 0.0,0.1,0.2,0.3,0.4,0.5,0.6,0.7,0.8,0.9,1.0 --exp_name imbalance_clean --erm_pretrain_iters 400 --lr_cos_sched --groupdro_eta 0.1 --save_ckpts"
"59","imbalance_clean_seed3.txt","success","0","2026-08-30T11:02:51.9085371+02:00","2026-08-30T11:05:04.4572594+02:00","132.55","C:\Users\320257223\PycharmProjects\domain_gen_IL\CMNIST\job_scripts\seed34_job_059.out.txt","C:\Users\320257223\PycharmProjects\domain_gen_IL\CMNIST\job_scripts\seed34_job_059.err.txt","python train_sandbox.py --data_dir ..\data --output_dir ..\results\imbalance_clean_v1 --exp_name imbalance_clean --lr 0.0001 --batch_size 25000 --dropout_p 0.2 --seed 3 --algorithm iro --steps 600 --train_envs 0.1,0.2,0.5,0.9 --train_env_sizes 1000,1000,1000,5000 --test_envs 0.0,0.1,0.2,0.3,0.4,0.5,0.6,0.7,0.8,0.9,1.0 --exp_name imbalance_clean --erm_pretrain_iters 400 --lr_cos_sched --save_ckpts"
"60","imbalance_clean_seed3.txt","success","0","2026-08-30T11:05:04.4572594+02:00","2026-08-30T11:06:20.3883523+02:00","75.93","C:\Users\320257223\PycharmProjects\domain_gen_IL\CMNIST\job_scripts\seed34_job_060.out.txt","C:\Users\320257223\PycharmProjects\domain_gen_IL\CMNIST\job_scripts\seed34_job_060.err.txt","python train_sandbox.py --data_dir ..\data --output_dir ..\results\imbalance_clean_v1 --exp_name imbalance_clean --lr 0.0001 --batch_size 25000 --dropout_p 0.2 --seed 3 --algorithm inftask --steps 600 --train_envs 0.1,0.2,0.5,0.9 --train_env_sizes 1000,1000,1000,5000 --test_envs 0.0,0.1,0.2,0.3,0.4,0.5,0.6,0.7,0.8,0.9,1.0 --exp_name imbalance_clean --erm_pretrain_iters 400 --lr_cos_sched --save_ckpts"
"61","imbalance_clean_seed3.txt","success","0","2026-08-30T11:06:20.3958567+02:00","2026-08-30T11:07:26.0732317+02:00","65.68","C:\Users\320257223\PycharmProjects\domain_gen_IL\CMNIST\job_scripts\seed34_job_061.out.txt","C:\Users\320257223\PycharmProjects\domain_gen_IL\CMNIST\job_scripts\seed34_job_061.err.txt","python train_sandbox.py --data_dir ..\data --output_dir ..\results\imbalance_clean_v1 --exp_name imbalance_clean --lr 0.0001 --batch_size 25000 --dropout_p 0.2 --seed 3 --algorithm erm --steps 600 --train_envs 0.1,0.2,0.5,0.9 --train_env_sizes 5000,1000,1000,1000 --test_envs 0.0,0.1,0.2,0.3,0.4,0.5,0.6,0.7,0.8,0.9,1.0 --exp_name imbalance_clean --erm_pretrain_iters 0"
"62","imbalance_clean_seed3.txt","success","0","2026-08-30T11:07:26.0768196+02:00","2026-08-30T11:08:33.4861087+02:00","67.41","C:\Users\320257223\PycharmProjects\domain_gen_IL\CMNIST\job_scripts\seed34_job_062.out.txt","C:\Users\320257223\PycharmProjects\domain_gen_IL\CMNIST\job_scripts\seed34_job_062.err.txt","python train_sandbox.py --data_dir ..\data --output_dir ..\results\imbalance_clean_v1 --exp_name imbalance_clean --lr 0.0001 --batch_size 25000 --dropout_p 0.2 --seed 3 --algorithm irm --steps 600 --train_envs 0.1,0.2,0.5,0.9 --train_env_sizes 5000,1000,1000,1000 --test_envs 0.0,0.1,0.2,0.3,0.4,0.5,0.6,0.7,0.8,0.9,1.0 --exp_name imbalance_clean --erm_pretrain_iters 400 --lr_cos_sched --penalty_weight 1000 --save_ckpts"
"63","imbalance_clean_seed3.txt","success","0","2026-08-30T11:08:33.4861087+02:00","2026-08-30T11:09:40.1264172+02:00","66.64","C:\Users\320257223\PycharmProjects\domain_gen_IL\CMNIST\job_scripts\seed34_job_063.out.txt","C:\Users\320257223\PycharmProjects\domain_gen_IL\CMNIST\job_scripts\seed34_job_063.err.txt","python train_sandbox.py --data_dir ..\data --output_dir ..\results\imbalance_clean_v1 --exp_name imbalance_clean --lr 0.0001 --batch_size 25000 --dropout_p 0.2 --seed 3 --algorithm groupdro --steps 1000 --train_envs 0.1,0.2,0.5,0.9 --train_env_sizes 5000,1000,1000,1000 --test_envs 0.0,0.1,0.2,0.3,0.4,0.5,0.6,0.7,0.8,0.9,1.0 --exp_name imbalance_clean --erm_pretrain_iters 400 --lr_cos_sched --groupdro_eta 0.1 --save_ckpts"
"64","imbalance_clean_seed3.txt","success","0","2026-08-30T11:09:40.1264172+02:00","2026-08-30T11:11:54.8334738+02:00","134.71","C:\Users\320257223\PycharmProjects\domain_gen_IL\CMNIST\job_scripts\seed34_job_064.out.txt","C:\Users\320257223\PycharmProjects\domain_gen_IL\CMNIST\job_scripts\seed34_job_064.err.txt","python train_sandbox.py --data_dir ..\data --output_dir ..\results\imbalance_clean_v1 --exp_name imbalance_clean --lr 0.0001 --batch_size 25000 --dropout_p 0.2 --seed 3 --algorithm iro --steps 600 --train_envs 0.1,0.2,0.5,0.9 --train_env_sizes 5000,1000,1000,1000 --test_envs 0.0,0.1,0.2,0.3,0.4,0.5,0.6,0.7,0.8,0.9,1.0 --exp_name imbalance_clean --erm_pretrain_iters 400 --lr_cos_sched --save_ckpts"
"65","imbalance_clean_seed3.txt","success","0","2026-08-30T11:11:54.8334738+02:00","2026-08-30T11:13:12.4211359+02:00","77.59","C:\Users\320257223\PycharmProjects\domain_gen_IL\CMNIST\job_scripts\seed34_job_065.out.txt","C:\Users\320257223\PycharmProjects\domain_gen_IL\CMNIST\job_scripts\seed34_job_065.err.txt","python train_sandbox.py --data_dir ..\data --output_dir ..\results\imbalance_clean_v1 --exp_name imbalance_clean --lr 0.0001 --batch_size 25000 --dropout_p 0.2 --seed 3 --algorithm inftask --steps 600 --train_envs 0.1,0.2,0.5,0.9 --train_env_sizes 5000,1000,1000,1000 --test_envs 0.0,0.1,0.2,0.3,0.4,0.5,0.6,0.7,0.8,0.9,1.0 --exp_name imbalance_clean --erm_pretrain_iters 400 --lr_cos_sched --save_ckpts"
"66","imbalance_clean_seed4.txt","success","0","2026-08-30T11:13:12.4429832+02:00","2026-08-30T11:14:17.8622163+02:00","65.42","C:\Users\320257223\PycharmProjects\domain_gen_IL\CMNIST\job_scripts\seed34_job_066.out.txt","C:\Users\320257223\PycharmProjects\domain_gen_IL\CMNIST\job_scripts\seed34_job_066.err.txt","python train_sandbox.py --data_dir ..\data --output_dir ..\results\imbalance_clean_v1 --exp_name imbalance_clean --lr 0.0001 --batch_size 25000 --dropout_p 0.2 --seed 4 --algorithm erm --steps 600 --train_envs 0.1,0.2,0.5,0.9 --train_env_sizes 2000,2000,2000,2000 --test_envs 0.0,0.1,0.2,0.3,0.4,0.5,0.6,0.7,0.8,0.9,1.0 --exp_name imbalance_clean --erm_pretrain_iters 0"
"67","imbalance_clean_seed4.txt","success","0","2026-08-30T11:14:17.8692744+02:00","2026-08-30T11:15:22.6880802+02:00","64.82","C:\Users\320257223\PycharmProjects\domain_gen_IL\CMNIST\job_scripts\seed34_job_067.out.txt","C:\Users\320257223\PycharmProjects\domain_gen_IL\CMNIST\job_scripts\seed34_job_067.err.txt","python train_sandbox.py --data_dir ..\data --output_dir ..\results\imbalance_clean_v1 --exp_name imbalance_clean --lr 0.0001 --batch_size 25000 --dropout_p 0.2 --seed 4 --algorithm irm --steps 600 --train_envs 0.1,0.2,0.5,0.9 --train_env_sizes 2000,2000,2000,2000 --test_envs 0.0,0.1,0.2,0.3,0.4,0.5,0.6,0.7,0.8,0.9,1.0 --exp_name imbalance_clean --erm_pretrain_iters 400 --lr_cos_sched --penalty_weight 1000 --save_ckpts"
"68","imbalance_clean_seed4.txt","success","0","2026-08-30T11:15:22.6880802+02:00","2026-08-30T11:16:27.7601259+02:00","65.07","C:\Users\320257223\PycharmProjects\domain_gen_IL\CMNIST\job_scripts\seed34_job_068.out.txt","C:\Users\320257223\PycharmProjects\domain_gen_IL\CMNIST\job_scripts\seed34_job_068.err.txt","python train_sandbox.py --data_dir ..\data --output_dir ..\results\imbalance_clean_v1 --exp_name imbalance_clean --lr 0.0001 --batch_size 25000 --dropout_p 0.2 --seed 4 --algorithm groupdro --steps 1000 --train_envs 0.1,0.2,0.5,0.9 --train_env_sizes 2000,2000,2000,2000 --test_envs 0.0,0.1,0.2,0.3,0.4,0.5,0.6,0.7,0.8,0.9,1.0 --exp_name imbalance_clean --erm_pretrain_iters 400 --lr_cos_sched --groupdro_eta 0.1 --save_ckpts"
"69","imbalance_clean_seed4.txt","success","0","2026-08-30T11:16:27.7601259+02:00","2026-08-30T11:18:43.1889762+02:00","135.43","C:\Users\320257223\PycharmProjects\domain_gen_IL\CMNIST\job_scripts\seed34_job_069.out.txt","C:\Users\320257223\PycharmProjects\domain_gen_IL\CMNIST\job_scripts\seed34_job_069.err.txt","python train_sandbox.py --data_dir ..\data --output_dir ..\results\imbalance_clean_v1 --exp_name imbalance_clean --lr 0.0001 --batch_size 25000 --dropout_p 0.2 --seed 4 --algorithm iro --steps 600 --train_envs 0.1,0.2,0.5,0.9 --train_env_sizes 2000,2000,2000,2000 --test_envs 0.0,0.1,0.2,0.3,0.4,0.5,0.6,0.7,0.8,0.9,1.0 --exp_name imbalance_clean --erm_pretrain_iters 400 --lr_cos_sched --save_ckpts"
"70","imbalance_clean_seed4.txt","success","0","2026-08-30T13:06:11.5747321+02:00","2026-08-30T13:07:53.1084855+02:00","101.53","C:\Users\320257223\PycharmProjects\domain_gen_IL\CMNIST\job_scripts\seed34_job_070.out.txt","C:\Users\320257223\PycharmProjects\domain_gen_IL\CMNIST\job_scripts\seed34_job_070.err.txt","python train_sandbox.py --data_dir ..\data --output_dir ..\results\imbalance_clean_v1 --exp_name imbalance_clean --lr 0.0001 --batch_size 25000 --dropout_p 0.2 --seed 4 --algorithm inftask --steps 600 --train_envs 0.1,0.2,0.5,0.9 --train_env_sizes 2000,2000,2000,2000 --test_envs 0.0,0.1,0.2,0.3,0.4,0.5,0.6,0.7,0.8,0.9,1.0 --exp_name imbalance_clean --erm_pretrain_iters 400 --lr_cos_sched --save_ckpts"
"71","imbalance_clean_seed4.txt","success","0","2026-08-30T13:07:53.1416173+02:00","2026-08-30T13:09:11.8520914+02:00","78.71","C:\Users\320257223\PycharmProjects\domain_gen_IL\CMNIST\job_scripts\seed34_job_071.out.txt","C:\Users\320257223\PycharmProjects\domain_gen_IL\CMNIST\job_scripts\seed34_job_071.err.txt","python train_sandbox.py --data_dir ..\data --output_dir ..\results\imbalance_clean_v1 --exp_name imbalance_clean --lr 0.0001 --batch_size 25000 --dropout_p 0.2 --seed 4 --algorithm erm --steps 600 --train_envs 0.1,0.2,0.5,0.9 --train_env_sizes 1500,1500,1500,3500 --test_envs 0.0,0.1,0.2,0.3,0.4,0.5,0.6,0.7,0.8,0.9,1.0 --exp_name imbalance_clean --erm_pretrain_iters 0"
"72","imbalance_clean_seed4.txt","success","0","2026-08-30T13:09:11.8616760+02:00","2026-08-30T13:10:18.5759473+02:00","66.71","C:\Users\320257223\PycharmProjects\domain_gen_IL\CMNIST\job_scripts\seed34_job_072.out.txt","C:\Users\320257223\PycharmProjects\domain_gen_IL\CMNIST\job_scripts\seed34_job_072.err.txt","python train_sandbox.py --data_dir ..\data --output_dir ..\results\imbalance_clean_v1 --exp_name imbalance_clean --lr 0.0001 --batch_size 25000 --dropout_p 0.2 --seed 4 --algorithm irm --steps 600 --train_envs 0.1,0.2,0.5,0.9 --train_env_sizes 1500,1500,1500,3500 --test_envs 0.0,0.1,0.2,0.3,0.4,0.5,0.6,0.7,0.8,0.9,1.0 --exp_name imbalance_clean --erm_pretrain_iters 400 --lr_cos_sched --penalty_weight 1000 --save_ckpts"
"73","imbalance_clean_seed4.txt","success","0","2026-08-30T13:10:18.5759473+02:00","2026-08-30T13:11:26.3302026+02:00","67.75","C:\Users\320257223\PycharmProjects\domain_gen_IL\CMNIST\job_scripts\seed34_job_073.out.txt","C:\Users\320257223\PycharmProjects\domain_gen_IL\CMNIST\job_scripts\seed34_job_073.err.txt","python train_sandbox.py --data_dir ..\data --output_dir ..\results\imbalance_clean_v1 --exp_name imbalance_clean --lr 0.0001 --batch_size 25000 --dropout_p 0.2 --seed 4 --algorithm groupdro --steps 1000 --train_envs 0.1,0.2,0.5,0.9 --train_env_sizes 1500,1500,1500,3500 --test_envs 0.0,0.1,0.2,0.3,0.4,0.5,0.6,0.7,0.8,0.9,1.0 --exp_name imbalance_clean --erm_pretrain_iters 400 --lr_cos_sched --groupdro_eta 0.1 --save_ckpts"
"74","imbalance_clean_seed4.txt","success","0","2026-08-30T13:11:26.3302026+02:00","2026-08-30T13:13:47.6048010+02:00","141.27","C:\Users\320257223\PycharmProjects\domain_gen_IL\CMNIST\job_scripts\seed34_job_074.out.txt","C:\Users\320257223\PycharmProjects\domain_gen_IL\CMNIST\job_scripts\seed34_job_074.err.txt","python train_sandbox.py --data_dir ..\data --output_dir ..\results\imbalance_clean_v1 --exp_name imbalance_clean --lr 0.0001 --batch_size 25000 --dropout_p 0.2 --seed 4 --algorithm iro --steps 600 --train_envs 0.1,0.2,0.5,0.9 --train_env_sizes 1500,1500,1500,3500 --test_envs 0.0,0.1,0.2,0.3,0.4,0.5,0.6,0.7,0.8,0.9,1.0 --exp_name imbalance_clean --erm_pretrain_iters 400 --lr_cos_sched --save_ckpts"
"75","imbalance_clean_seed4.txt","success","0","2026-08-30T13:13:47.6073964+02:00","2026-08-30T13:15:10.0425476+02:00","82.44","C:\Users\320257223\PycharmProjects\domain_gen_IL\CMNIST\job_scripts\seed34_job_075.out.txt","C:\Users\320257223\PycharmProjects\domain_gen_IL\CMNIST\job_scripts\seed34_job_075.err.txt","python train_sandbox.py --data_dir ..\data --output_dir ..\results\imbalance_clean_v1 --exp_name imbalance_clean --lr 0.0001 --batch_size 25000 --dropout_p 0.2 --seed 4 --algorithm inftask --steps 600 --train_envs 0.1,0.2,0.5,0.9 --train_env_sizes 1500,1500,1500,3500 --test_envs 0.0,0.1,0.2,0.3,0.4,0.5,0.6,0.7,0.8,0.9,1.0 --exp_name imbalance_clean --erm_pretrain_iters 400 --lr_cos_sched --save_ckpts"
"76","imbalance_clean_seed4.txt","success","0","2026-08-30T13:15:10.0475483+02:00","2026-08-30T13:16:18.6087338+02:00","68.56","C:\Users\320257223\PycharmProjects\domain_gen_IL\CMNIST\job_scripts\seed34_job_076.out.txt","C:\Users\320257223\PycharmProjects\domain_gen_IL\CMNIST\job_scripts\seed34_job_076.err.txt","python train_sandbox.py --data_dir ..\data --output_dir ..\results\imbalance_clean_v1 --exp_name imbalance_clean --lr 0.0001 --batch_size 25000 --dropout_p 0.2 --seed 4 --algorithm erm --steps 600 --train_envs 0.1,0.2,0.5,0.9 --train_env_sizes 3500,1500,1500,1500 --test_envs 0.0,0.1,0.2,0.3,0.4,0.5,0.6,0.7,0.8,0.9,1.0 --exp_name imbalance_clean --erm_pretrain_iters 0"
"77","imbalance_clean_seed4.txt","success","0","2026-08-30T13:16:18.6126223+02:00","2026-08-30T13:17:30.1252246+02:00","71.51","C:\Users\320257223\PycharmProjects\domain_gen_IL\CMNIST\job_scripts\seed34_job_077.out.txt","C:\Users\320257223\PycharmProjects\domain_gen_IL\CMNIST\job_scripts\seed34_job_077.err.txt","python train_sandbox.py --data_dir ..\data --output_dir ..\results\imbalance_clean_v1 --exp_name imbalance_clean --lr 0.0001 --batch_size 25000 --dropout_p 0.2 --seed 4 --algorithm irm --steps 600 --train_envs 0.1,0.2,0.5,0.9 --train_env_sizes 3500,1500,1500,1500 --test_envs 0.0,0.1,0.2,0.3,0.4,0.5,0.6,0.7,0.8,0.9,1.0 --exp_name imbalance_clean --erm_pretrain_iters 400 --lr_cos_sched --penalty_weight 1000 --save_ckpts"
"78","imbalance_clean_seed4.txt","success","0","2026-08-30T13:17:30.1252246+02:00","2026-08-30T13:18:42.2943235+02:00","72.17","C:\Users\320257223\PycharmProjects\domain_gen_IL\CMNIST\job_scripts\seed34_job_078.out.txt","C:\Users\320257223\PycharmProjects\domain_gen_IL\CMNIST\job_scripts\seed34_job_078.err.txt","python train_sandbox.py --data_dir ..\data --output_dir ..\results\imbalance_clean_v1 --exp_name imbalance_clean --lr 0.0001 --batch_size 25000 --dropout_p 0.2 --seed 4 --algorithm groupdro --steps 1000 --train_envs 0.1,0.2,0.5,0.9 --train_env_sizes 3500,1500,1500,1500 --test_envs 0.0,0.1,0.2,0.3,0.4,0.5,0.6,0.7,0.8,0.9,1.0 --exp_name imbalance_clean --erm_pretrain_iters 400 --lr_cos_sched --groupdro_eta 0.1 --save_ckpts"
"79","imbalance_clean_seed4.txt","success","0","2026-08-30T13:18:42.2971949+02:00","2026-08-30T13:21:11.1261829+02:00","148.83","C:\Users\320257223\PycharmProjects\domain_gen_IL\CMNIST\job_scripts\seed34_job_079.out.txt","C:\Users\320257223\PycharmProjects\domain_gen_IL\CMNIST\job_scripts\seed34_job_079.err.txt","python train_sandbox.py --data_dir ..\data --output_dir ..\results\imbalance_clean_v1 --exp_name imbalance_clean --lr 0.0001 --batch_size 25000 --dropout_p 0.2 --seed 4 --algorithm iro --steps 600 --train_envs 0.1,0.2,0.5,0.9 --train_env_sizes 3500,1500,1500,1500 --test_envs 0.0,0.1,0.2,0.3,0.4,0.5,0.6,0.7,0.8,0.9,1.0 --exp_name imbalance_clean --erm_pretrain_iters 400 --lr_cos_sched --save_ckpts"
"80","imbalance_clean_seed4.txt","success","0","2026-08-30T13:21:11.1401184+02:00","2026-08-30T13:22:41.7622493+02:00","90.62","C:\Users\320257223\PycharmProjects\domain_gen_IL\CMNIST\job_scripts\seed34_job_080.out.txt","C:\Users\320257223\PycharmProjects\domain_gen_IL\CMNIST\job_scripts\seed34_job_080.err.txt","python train_sandbox.py --data_dir ..\data --output_dir ..\results\imbalance_clean_v1 --exp_name imbalance_clean --lr 0.0001 --batch_size 25000 --dropout_p 0.2 --seed 4 --algorithm inftask --steps 600 --train_envs 0.1,0.2,0.5,0.9 --train_env_sizes 3500,1500,1500,1500 --test_envs 0.0,0.1,0.2,0.3,0.4,0.5,0.6,0.7,0.8,0.9,1.0 --exp_name imbalance_clean --erm_pretrain_iters 400 --lr_cos_sched --save_ckpts"
"81","imbalance_clean_seed4.txt","success","0","2026-08-30T13:22:41.7692965+02:00","2026-08-30T13:24:00.6501484+02:00","78.88","C:\Users\320257223\PycharmProjects\domain_gen_IL\CMNIST\job_scripts\seed34_job_081.out.txt","C:\Users\320257223\PycharmProjects\domain_gen_IL\CMNIST\job_scripts\seed34_job_081.err.txt","python train_sandbox.py --data_dir ..\data --output_dir ..\results\imbalance_clean_v1 --exp_name imbalance_clean --lr 0.0001 --batch_size 25000 --dropout_p 0.2 --seed 4 --algorithm erm --steps 600 --train_envs 0.1,0.2,0.5,0.9 --train_env_sizes 1000,1000,1000,5000 --test_envs 0.0,0.1,0.2,0.3,0.4,0.5,0.6,0.7,0.8,0.9,1.0 --exp_name imbalance_clean --erm_pretrain_iters 0"
"82","imbalance_clean_seed4.txt","success","0","2026-08-30T13:24:00.6501484+02:00","2026-08-30T13:25:18.1977899+02:00","77.55","C:\Users\320257223\PycharmProjects\domain_gen_IL\CMNIST\job_scripts\seed34_job_082.out.txt","C:\Users\320257223\PycharmProjects\domain_gen_IL\CMNIST\job_scripts\seed34_job_082.err.txt","python train_sandbox.py --data_dir ..\data --output_dir ..\results\imbalance_clean_v1 --exp_name imbalance_clean --lr 0.0001 --batch_size 25000 --dropout_p 0.2 --seed 4 --algorithm irm --steps 600 --train_envs 0.1,0.2,0.5,0.9 --train_env_sizes 1000,1000,1000,5000 --test_envs 0.0,0.1,0.2,0.3,0.4,0.5,0.6,0.7,0.8,0.9,1.0 --exp_name imbalance_clean --erm_pretrain_iters 400 --lr_cos_sched --penalty_weight 1000 --save_ckpts"
"83","imbalance_clean_seed4.txt","success","0","2026-08-30T13:25:18.2007898+02:00","2026-08-30T13:26:35.6270600+02:00","77.43","C:\Users\320257223\PycharmProjects\domain_gen_IL\CMNIST\job_scripts\seed34_job_083.out.txt","C:\Users\320257223\PycharmProjects\domain_gen_IL\CMNIST\job_scripts\seed34_job_083.err.txt","python train_sandbox.py --data_dir ..\data --output_dir ..\results\imbalance_clean_v1 --exp_name imbalance_clean --lr 0.0001 --batch_size 25000 --dropout_p 0.2 --seed 4 --algorithm groupdro --steps 1000 --train_envs 0.1,0.2,0.5,0.9 --train_env_sizes 1000,1000,1000,5000 --test_envs 0.0,0.1,0.2,0.3,0.4,0.5,0.6,0.7,0.8,0.9,1.0 --exp_name imbalance_clean --erm_pretrain_iters 400 --lr_cos_sched --groupdro_eta 0.1 --save_ckpts"
"84","imbalance_clean_seed4.txt","success","0","2026-08-30T13:26:35.6633746+02:00","2026-08-30T13:29:00.2503851+02:00","144.59","C:\Users\320257223\PycharmProjects\domain_gen_IL\CMNIST\job_scripts\seed34_job_084.out.txt","C:\Users\320257223\PycharmProjects\domain_gen_IL\CMNIST\job_scripts\seed34_job_084.err.txt","python train_sandbox.py --data_dir ..\data --output_dir ..\results\imbalance_clean_v1 --exp_name imbalance_clean --lr 0.0001 --batch_size 25000 --dropout_p 0.2 --seed 4 --algorithm iro --steps 600 --train_envs 0.1,0.2,0.5,0.9 --train_env_sizes 1000,1000,1000,5000 --test_envs 0.0,0.1,0.2,0.3,0.4,0.5,0.6,0.7,0.8,0.9,1.0 --exp_name imbalance_clean --erm_pretrain_iters 400 --lr_cos_sched --save_ckpts"
"85","imbalance_clean_seed4.txt","success","0","2026-08-30T13:29:00.2585264+02:00","2026-08-30T13:30:27.0306485+02:00","86.77","C:\Users\320257223\PycharmProjects\domain_gen_IL\CMNIST\job_scripts\seed34_job_085.out.txt","C:\Users\320257223\PycharmProjects\domain_gen_IL\CMNIST\job_scripts\seed34_job_085.err.txt","python train_sandbox.py --data_dir ..\data --output_dir ..\results\imbalance_clean_v1 --exp_name imbalance_clean --lr 0.0001 --batch_size 25000 --dropout_p 0.2 --seed 4 --algorithm inftask --steps 600 --train_envs 0.1,0.2,0.5,0.9 --train_env_sizes 1000,1000,1000,5000 --test_envs 0.0,0.1,0.2,0.3,0.4,0.5,0.6,0.7,0.8,0.9,1.0 --exp_name imbalance_clean --erm_pretrain_iters 400 --lr_cos_sched --save_ckpts"
"86","imbalance_clean_seed4.txt","success","0","2026-08-30T13:30:27.0350270+02:00","2026-08-30T13:31:44.3089382+02:00","77.27","C:\Users\320257223\PycharmProjects\domain_gen_IL\CMNIST\job_scripts\seed34_job_086.out.txt","C:\Users\320257223\PycharmProjects\domain_gen_IL\CMNIST\job_scripts\seed34_job_086.err.txt","python train_sandbox.py --data_dir ..\data --output_dir ..\results\imbalance_clean_v1 --exp_name imbalance_clean --lr 0.0001 --batch_size 25000 --dropout_p 0.2 --seed 4 --algorithm erm --steps 600 --train_envs 0.1,0.2,0.5,0.9 --train_env_sizes 5000,1000,1000,1000 --test_envs 0.0,0.1,0.2,0.3,0.4,0.5,0.6,0.7,0.8,0.9,1.0 --exp_name imbalance_clean --erm_pretrain_iters 0"
"87","imbalance_clean_seed4.txt","success","0","2026-08-30T13:31:44.3144867+02:00","2026-08-30T13:32:56.4119689+02:00","72.1","C:\Users\320257223\PycharmProjects\domain_gen_IL\CMNIST\job_scripts\seed34_job_087.out.txt","C:\Users\320257223\PycharmProjects\domain_gen_IL\CMNIST\job_scripts\seed34_job_087.err.txt","python train_sandbox.py --data_dir ..\data --output_dir ..\results\imbalance_clean_v1 --exp_name imbalance_clean --lr 0.0001 --batch_size 25000 --dropout_p 0.2 --seed 4 --algorithm irm --steps 600 --train_envs 0.1,0.2,0.5,0.9 --train_env_sizes 5000,1000,1000,1000 --test_envs 0.0,0.1,0.2,0.3,0.4,0.5,0.6,0.7,0.8,0.9,1.0 --exp_name imbalance_clean --erm_pretrain_iters 400 --lr_cos_sched --penalty_weight 1000 --save_ckpts"
"88","imbalance_clean_seed4.txt","success","0","2026-08-30T13:32:56.4172612+02:00","2026-08-30T13:34:06.9542417+02:00","70.54","C:\Users\320257223\PycharmProjects\domain_gen_IL\CMNIST\job_scripts\seed34_job_088.out.txt","C:\Users\320257223\PycharmProjects\domain_gen_IL\CMNIST\job_scripts\seed34_job_088.err.txt","python train_sandbox.py --data_dir ..\data --output_dir ..\results\imbalance_clean_v1 --exp_name imbalance_clean --lr 0.0001 --batch_size 25000 --dropout_p 0.2 --seed 4 --algorithm groupdro --steps 1000 --train_envs 0.1,0.2,0.5,0.9 --train_env_sizes 5000,1000,1000,1000 --test_envs 0.0,0.1,0.2,0.3,0.4,0.5,0.6,0.7,0.8,0.9,1.0 --exp_name imbalance_clean --erm_pretrain_iters 400 --lr_cos_sched --groupdro_eta 0.1 --save_ckpts"
"89","imbalance_clean_seed4.txt","success","0","2026-08-30T13:34:06.9759962+02:00","2026-08-30T13:36:22.7267080+02:00","135.75","C:\Users\320257223\PycharmProjects\domain_gen_IL\CMNIST\job_scripts\seed34_job_089.out.txt","C:\Users\320257223\PycharmProjects\domain_gen_IL\CMNIST\job_scripts\seed34_job_089.err.txt","python train_sandbox.py --data_dir ..\data --output_dir ..\results\imbalance_clean_v1 --exp_name imbalance_clean --lr 0.0001 --batch_size 25000 --dropout_p 0.2 --seed 4 --algorithm iro --steps 600 --train_envs 0.1,0.2,0.5,0.9 --train_env_sizes 5000,1000,1000,1000 --test_envs 0.0,0.1,0.2,0.3,0.4,0.5,0.6,0.7,0.8,0.9,1.0 --exp_name imbalance_clean --erm_pretrain_iters 400 --lr_cos_sched --save_ckpts"
"90","imbalance_clean_seed4.txt","success","0","2026-08-30T13:36:22.7571201+02:00","2026-08-30T13:37:48.7999261+02:00","86.04","C:\Users\320257223\PycharmProjects\domain_gen_IL\CMNIST\job_scripts\seed34_job_090.out.txt","C:\Users\320257223\PycharmProjects\domain_gen_IL\CMNIST\job_scripts\seed34_job_090.err.txt","python train_sandbox.py --data_dir ..\data --output_dir ..\results\imbalance_clean_v1 --exp_name imbalance_clean --lr 0.0001 --batch_size 25000 --dropout_p 0.2 --seed 4 --algorithm inftask --steps 600 --train_envs 0.1,0.2,0.5,0.9 --train_env_sizes 5000,1000,1000,1000 --test_envs 0.0,0.1,0.2,0.3,0.4,0.5,0.6,0.7,0.8,0.9,1.0 --exp_name imbalance_clean --erm_pretrain_iters 400 --lr_cos_sched --save_ckpts"
"91","e3b_tail_support_seed3.txt","success","0","2026-08-30T13:37:48.8423211+02:00","2026-08-30T13:39:00.3037924+02:00","71.46","C:\Users\320257223\PycharmProjects\domain_gen_IL\CMNIST\job_scripts\seed34_job_091.out.txt","C:\Users\320257223\PycharmProjects\domain_gen_IL\CMNIST\job_scripts\seed34_job_091.err.txt","python train_sandbox.py --data_dir ..\data --output_dir ..\results\E3b_tail_support --exp_name e3b_tail_support --lr 0.0001 --batch_size 25000 --dropout_p 0.2 --seed 3 --algorithm erm --steps 600 --train_envs 0.1,0.2,0.5,0.9 --train_env_sizes 2000,2000,2000,2000 --test_envs 0.0,0.1,0.2,0.3,0.4,0.5,0.6,0.7,0.8,0.9,1.0 --tail_support_condition balanced_visible --tail_support_source_envs 0.1,0.2,0.5,0.9 --tail_support_tail_env 0.9 --tail_support_head_env 0.1 --erm_pretrain_iters 0"
"92","e3b_tail_support_seed3.txt","success","0","2026-08-30T13:39:00.3077890+02:00","2026-08-30T13:40:13.2273092+02:00","72.92","C:\Users\320257223\PycharmProjects\domain_gen_IL\CMNIST\job_scripts\seed34_job_092.out.txt","C:\Users\320257223\PycharmProjects\domain_gen_IL\CMNIST\job_scripts\seed34_job_092.err.txt","python train_sandbox.py --data_dir ..\data --output_dir ..\results\E3b_tail_support --exp_name e3b_tail_support --lr 0.0001 --batch_size 25000 --dropout_p 0.2 --seed 3 --algorithm irm --steps 600 --train_envs 0.1,0.2,0.5,0.9 --train_env_sizes 2000,2000,2000,2000 --test_envs 0.0,0.1,0.2,0.3,0.4,0.5,0.6,0.7,0.8,0.9,1.0 --tail_support_condition balanced_visible --tail_support_source_envs 0.1,0.2,0.5,0.9 --tail_support_tail_env 0.9 --tail_support_head_env 0.1 --erm_pretrain_iters 400 --lr_cos_sched --penalty_weight 1000 --save_ckpts"
"93","e3b_tail_support_seed3.txt","success","0","2026-08-30T13:40:13.2273092+02:00","2026-08-30T13:41:24.9853560+02:00","71.76","C:\Users\320257223\PycharmProjects\domain_gen_IL\CMNIST\job_scripts\seed34_job_093.out.txt","C:\Users\320257223\PycharmProjects\domain_gen_IL\CMNIST\job_scripts\seed34_job_093.err.txt","python train_sandbox.py --data_dir ..\data --output_dir ..\results\E3b_tail_support --exp_name e3b_tail_support --lr 0.0001 --batch_size 25000 --dropout_p 0.2 --seed 3 --algorithm groupdro --steps 1000 --train_envs 0.1,0.2,0.5,0.9 --train_env_sizes 2000,2000,2000,2000 --test_envs 0.0,0.1,0.2,0.3,0.4,0.5,0.6,0.7,0.8,0.9,1.0 --tail_support_condition balanced_visible --tail_support_source_envs 0.1,0.2,0.5,0.9 --tail_support_tail_env 0.9 --tail_support_head_env 0.1 --erm_pretrain_iters 400 --lr_cos_sched --groupdro_eta 0.1 --save_ckpts"
"94","e3b_tail_support_seed3.txt","success","0","2026-08-30T13:41:24.9853560+02:00","2026-08-30T13:43:45.8199062+02:00","140.83","C:\Users\320257223\PycharmProjects\domain_gen_IL\CMNIST\job_scripts\seed34_job_094.out.txt","C:\Users\320257223\PycharmProjects\domain_gen_IL\CMNIST\job_scripts\seed34_job_094.err.txt","python train_sandbox.py --data_dir ..\data --output_dir ..\results\E3b_tail_support --exp_name e3b_tail_support --lr 0.0001 --batch_size 25000 --dropout_p 0.2 --seed 3 --algorithm iro --steps 600 --train_envs 0.1,0.2,0.5,0.9 --train_env_sizes 2000,2000,2000,2000 --test_envs 0.0,0.1,0.2,0.3,0.4,0.5,0.6,0.7,0.8,0.9,1.0 --tail_support_condition balanced_visible --tail_support_source_envs 0.1,0.2,0.5,0.9 --tail_support_tail_env 0.9 --tail_support_head_env 0.1 --erm_pretrain_iters 400 --lr_cos_sched --save_ckpts"
"95","e3b_tail_support_seed3.txt","success","0","2026-08-30T13:43:45.8199062+02:00","2026-08-30T13:45:10.1500200+02:00","84.33","C:\Users\320257223\PycharmProjects\domain_gen_IL\CMNIST\job_scripts\seed34_job_095.out.txt","C:\Users\320257223\PycharmProjects\domain_gen_IL\CMNIST\job_scripts\seed34_job_095.err.txt","python train_sandbox.py --data_dir ..\data --output_dir ..\results\E3b_tail_support --exp_name e3b_tail_support --lr 0.0001 --batch_size 25000 --dropout_p 0.2 --seed 3 --algorithm inftask --steps 600 --train_envs 0.1,0.2,0.5,0.9 --train_env_sizes 2000,2000,2000,2000 --test_envs 0.0,0.1,0.2,0.3,0.4,0.5,0.6,0.7,0.8,0.9,1.0 --tail_support_condition balanced_visible --tail_support_source_envs 0.1,0.2,0.5,0.9 --tail_support_tail_env 0.9 --tail_support_head_env 0.1 --erm_pretrain_iters 400 --lr_cos_sched --save_ckpts"
"96","e3b_tail_support_seed3.txt","success","0","2026-08-30T13:45:10.1534673+02:00","2026-08-30T13:46:29.3993818+02:00","79.25","C:\Users\320257223\PycharmProjects\domain_gen_IL\CMNIST\job_scripts\seed34_job_096.out.txt","C:\Users\320257223\PycharmProjects\domain_gen_IL\CMNIST\job_scripts\seed34_job_096.err.txt","python train_sandbox.py --data_dir ..\data --output_dir ..\results\E3b_tail_support --exp_name e3b_tail_support --lr 0.0001 --batch_size 25000 --dropout_p 0.2 --seed 3 --algorithm erm --steps 600 --train_envs 0.1,0.2,0.5,0.9 --train_env_sizes 5000,2000,800,200 --test_envs 0.0,0.1,0.2,0.3,0.4,0.5,0.6,0.7,0.8,0.9,1.0 --tail_support_condition long_tail_visible --tail_support_source_envs 0.1,0.2,0.5,0.9 --tail_support_tail_env 0.9 --tail_support_head_env 0.1 --erm_pretrain_iters 0"
"97","e3b_tail_support_seed3.txt","success","0","2026-08-30T13:46:29.4063688+02:00","2026-08-30T13:48:02.6542180+02:00","93.25","C:\Users\320257223\PycharmProjects\domain_gen_IL\CMNIST\job_scripts\seed34_job_097.out.txt","C:\Users\320257223\PycharmProjects\domain_gen_IL\CMNIST\job_scripts\seed34_job_097.err.txt","python train_sandbox.py --data_dir ..\data --output_dir ..\results\E3b_tail_support --exp_name e3b_tail_support --lr 0.0001 --batch_size 25000 --dropout_p 0.2 --seed 3 --algorithm irm --steps 600 --train_envs 0.1,0.2,0.5,0.9 --train_env_sizes 5000,2000,800,200 --test_envs 0.0,0.1,0.2,0.3,0.4,0.5,0.6,0.7,0.8,0.9,1.0 --tail_support_condition long_tail_visible --tail_support_source_envs 0.1,0.2,0.5,0.9 --tail_support_tail_env 0.9 --tail_support_head_env 0.1 --erm_pretrain_iters 400 --lr_cos_sched --penalty_weight 1000 --save_ckpts"
"98","e3b_tail_support_seed3.txt","success","0","2026-08-30T13:48:02.6580238+02:00","2026-08-30T13:49:39.1626011+02:00","96.5","C:\Users\320257223\PycharmProjects\domain_gen_IL\CMNIST\job_scripts\seed34_job_098.out.txt","C:\Users\320257223\PycharmProjects\domain_gen_IL\CMNIST\job_scripts\seed34_job_098.err.txt","python train_sandbox.py --data_dir ..\data --output_dir ..\results\E3b_tail_support --exp_name e3b_tail_support --lr 0.0001 --batch_size 25000 --dropout_p 0.2 --seed 3 --algorithm groupdro --steps 1000 --train_envs 0.1,0.2,0.5,0.9 --train_env_sizes 5000,2000,800,200 --test_envs 0.0,0.1,0.2,0.3,0.4,0.5,0.6,0.7,0.8,0.9,1.0 --tail_support_condition long_tail_visible --tail_support_source_envs 0.1,0.2,0.5,0.9 --tail_support_tail_env 0.9 --tail_support_head_env 0.1 --erm_pretrain_iters 400 --lr_cos_sched --groupdro_eta 0.1 --save_ckpts"
"99","e3b_tail_support_seed3.txt","success","0","2026-08-30T13:49:39.1666994+02:00","2026-08-30T13:52:26.8143392+02:00","167.65","C:\Users\320257223\PycharmProjects\domain_gen_IL\CMNIST\job_scripts\seed34_job_099.out.txt","C:\Users\320257223\PycharmProjects\domain_gen_IL\CMNIST\job_scripts\seed34_job_099.err.txt","python train_sandbox.py --data_dir ..\data --output_dir ..\results\E3b_tail_support --exp_name e3b_tail_support --lr 0.0001 --batch_size 25000 --dropout_p 0.2 --seed 3 --algorithm iro --steps 600 --train_envs 0.1,0.2,0.5,0.9 --train_env_sizes 5000,2000,800,200 --test_envs 0.0,0.1,0.2,0.3,0.4,0.5,0.6,0.7,0.8,0.9,1.0 --tail_support_condition long_tail_visible --tail_support_source_envs 0.1,0.2,0.5,0.9 --tail_support_tail_env 0.9 --tail_support_head_env 0.1 --erm_pretrain_iters 400 --lr_cos_sched --save_ckpts"
"100","e3b_tail_support_seed3.txt","success","0","2026-08-30T13:52:26.8143392+02:00","2026-08-30T13:53:57.9038706+02:00","91.09","C:\Users\320257223\PycharmProjects\domain_gen_IL\CMNIST\job_scripts\seed34_job_100.out.txt","C:\Users\320257223\PycharmProjects\domain_gen_IL\CMNIST\job_scripts\seed34_job_100.err.txt","python train_sandbox.py --data_dir ..\data --output_dir ..\results\E3b_tail_support --exp_name e3b_tail_support --lr 0.0001 --batch_size 25000 --dropout_p 0.2 --seed 3 --algorithm inftask --steps 600 --train_envs 0.1,0.2,0.5,0.9 --train_env_sizes 5000,2000,800,200 --test_envs 0.0,0.1,0.2,0.3,0.4,0.5,0.6,0.7,0.8,0.9,1.0 --tail_support_condition long_tail_visible --tail_support_source_envs 0.1,0.2,0.5,0.9 --tail_support_tail_env 0.9 --tail_support_head_env 0.1 --erm_pretrain_iters 400 --lr_cos_sched --save_ckpts"
"101","e3b_tail_support_seed3.txt","success","0","2026-08-30T13:53:57.9137947+02:00","2026-08-30T13:55:24.4591145+02:00","86.55","C:\Users\320257223\PycharmProjects\domain_gen_IL\CMNIST\job_scripts\seed34_job_101.out.txt","C:\Users\320257223\PycharmProjects\domain_gen_IL\CMNIST\job_scripts\seed34_job_101.err.txt","python train_sandbox.py --data_dir ..\data --output_dir ..\results\E3b_tail_support --exp_name e3b_tail_support --lr 0.0001 --batch_size 25000 --dropout_p 0.2 --seed 3 --algorithm erm --steps 600 --train_envs 0.1,0.2,0.5,0.9 --train_env_sizes 5800,1800,350,50 --test_envs 0.0,0.1,0.2,0.3,0.4,0.5,0.6,0.7,0.8,0.9,1.0 --tail_support_condition near_missing_tail --tail_support_source_envs 0.1,0.2,0.5,0.9 --tail_support_tail_env 0.9 --tail_support_head_env 0.1 --erm_pretrain_iters 0"
"102","e3b_tail_support_seed3.txt","success","0","2026-08-30T13:55:24.4591145+02:00","2026-08-30T13:56:49.4552617+02:00","85","C:\Users\320257223\PycharmProjects\domain_gen_IL\CMNIST\job_scripts\seed34_job_102.out.txt","C:\Users\320257223\PycharmProjects\domain_gen_IL\CMNIST\job_scripts\seed34_job_102.err.txt","python train_sandbox.py --data_dir ..\data --output_dir ..\results\E3b_tail_support --exp_name e3b_tail_support --lr 0.0001 --batch_size 25000 --dropout_p 0.2 --seed 3 --algorithm irm --steps 600 --train_envs 0.1,0.2,0.5,0.9 --train_env_sizes 5800,1800,350,50 --test_envs 0.0,0.1,0.2,0.3,0.4,0.5,0.6,0.7,0.8,0.9,1.0 --tail_support_condition near_missing_tail --tail_support_source_envs 0.1,0.2,0.5,0.9 --tail_support_tail_env 0.9 --tail_support_head_env 0.1 --erm_pretrain_iters 400 --lr_cos_sched --penalty_weight 1000 --save_ckpts"
"103","e3b_tail_support_seed3.txt","success","0","2026-08-30T13:56:49.4552617+02:00","2026-08-30T13:58:28.1495335+02:00","98.69","C:\Users\320257223\PycharmProjects\domain_gen_IL\CMNIST\job_scripts\seed34_job_103.out.txt","C:\Users\320257223\PycharmProjects\domain_gen_IL\CMNIST\job_scripts\seed34_job_103.err.txt","python train_sandbox.py --data_dir ..\data --output_dir ..\results\E3b_tail_support --exp_name e3b_tail_support --lr 0.0001 --batch_size 25000 --dropout_p 0.2 --seed 3 --algorithm groupdro --steps 1000 --train_envs 0.1,0.2,0.5,0.9 --train_env_sizes 5800,1800,350,50 --test_envs 0.0,0.1,0.2,0.3,0.4,0.5,0.6,0.7,0.8,0.9,1.0 --tail_support_condition near_missing_tail --tail_support_source_envs 0.1,0.2,0.5,0.9 --tail_support_tail_env 0.9 --tail_support_head_env 0.1 --erm_pretrain_iters 400 --lr_cos_sched --groupdro_eta 0.1 --save_ckpts"
"104","e3b_tail_support_seed3.txt","success","0","2026-08-30T13:58:28.1495335+02:00","2026-08-30T14:01:06.4704220+02:00","158.32","C:\Users\320257223\PycharmProjects\domain_gen_IL\CMNIST\job_scripts\seed34_job_104.out.txt","C:\Users\320257223\PycharmProjects\domain_gen_IL\CMNIST\job_scripts\seed34_job_104.err.txt","python train_sandbox.py --data_dir ..\data --output_dir ..\results\E3b_tail_support --exp_name e3b_tail_support --lr 0.0001 --batch_size 25000 --dropout_p 0.2 --seed 3 --algorithm iro --steps 600 --train_envs 0.1,0.2,0.5,0.9 --train_env_sizes 5800,1800,350,50 --test_envs 0.0,0.1,0.2,0.3,0.4,0.5,0.6,0.7,0.8,0.9,1.0 --tail_support_condition near_missing_tail --tail_support_source_envs 0.1,0.2,0.5,0.9 --tail_support_tail_env 0.9 --tail_support_head_env 0.1 --erm_pretrain_iters 400 --lr_cos_sched --save_ckpts"
"105","e3b_tail_support_seed3.txt","success","0","2026-08-30T14:01:06.4704220+02:00","2026-08-30T14:02:37.1694567+02:00","90.7","C:\Users\320257223\PycharmProjects\domain_gen_IL\CMNIST\job_scripts\seed34_job_105.out.txt","C:\Users\320257223\PycharmProjects\domain_gen_IL\CMNIST\job_scripts\seed34_job_105.err.txt","python train_sandbox.py --data_dir ..\data --output_dir ..\results\E3b_tail_support --exp_name e3b_tail_support --lr 0.0001 --batch_size 25000 --dropout_p 0.2 --seed 3 --algorithm inftask --steps 600 --train_envs 0.1,0.2,0.5,0.9 --train_env_sizes 5800,1800,350,50 --test_envs 0.0,0.1,0.2,0.3,0.4,0.5,0.6,0.7,0.8,0.9,1.0 --tail_support_condition near_missing_tail --tail_support_source_envs 0.1,0.2,0.5,0.9 --tail_support_tail_env 0.9 --tail_support_head_env 0.1 --erm_pretrain_iters 400 --lr_cos_sched --save_ckpts"
"106","e3b_tail_support_seed3.txt","success","0","2026-08-30T14:02:37.1794574+02:00","2026-08-30T14:04:15.2195744+02:00","98.04","C:\Users\320257223\PycharmProjects\domain_gen_IL\CMNIST\job_scripts\seed34_job_106.out.txt","C:\Users\320257223\PycharmProjects\domain_gen_IL\CMNIST\job_scripts\seed34_job_106.err.txt","python train_sandbox.py --data_dir ..\data --output_dir ..\results\E3b_tail_support --exp_name e3b_tail_support --lr 0.0001 --batch_size 25000 --dropout_p 0.2 --seed 3 --algorithm erm --steps 600 --train_envs 0.1,0.2,0.5,0.9 --train_env_sizes 6000,1500,500,0 --test_envs 0.0,0.1,0.2,0.3,0.4,0.5,0.6,0.7,0.8,0.9,1.0 --tail_support_condition missing_tail --tail_support_source_envs 0.1,0.2,0.5,0.9 --tail_support_tail_env 0.9 --tail_support_head_env 0.1 --erm_pretrain_iters 0"
"107","e3b_tail_support_seed3.txt","success","0","2026-08-30T14:04:15.2232623+02:00","2026-08-30T14:05:48.7999180+02:00","93.58","C:\Users\320257223\PycharmProjects\domain_gen_IL\CMNIST\job_scripts\seed34_job_107.out.txt","C:\Users\320257223\PycharmProjects\domain_gen_IL\CMNIST\job_scripts\seed34_job_107.err.txt","python train_sandbox.py --data_dir ..\data --output_dir ..\results\E3b_tail_support --exp_name e3b_tail_support --lr 0.0001 --batch_size 25000 --dropout_p 0.2 --seed 3 --algorithm irm --steps 600 --train_envs 0.1,0.2,0.5,0.9 --train_env_sizes 6000,1500,500,0 --test_envs 0.0,0.1,0.2,0.3,0.4,0.5,0.6,0.7,0.8,0.9,1.0 --tail_support_condition missing_tail --tail_support_source_envs 0.1,0.2,0.5,0.9 --tail_support_tail_env 0.9 --tail_support_head_env 0.1 --erm_pretrain_iters 400 --lr_cos_sched --penalty_weight 1000 --save_ckpts"
"108","e3b_tail_support_seed3.txt","success","0","2026-08-30T14:05:48.8095225+02:00","2026-08-30T14:07:18.1081483+02:00","89.3","C:\Users\320257223\PycharmProjects\domain_gen_IL\CMNIST\job_scripts\seed34_job_108.out.txt","C:\Users\320257223\PycharmProjects\domain_gen_IL\CMNIST\job_scripts\seed34_job_108.err.txt","python train_sandbox.py --data_dir ..\data --output_dir ..\results\E3b_tail_support --exp_name e3b_tail_support --lr 0.0001 --batch_size 25000 --dropout_p 0.2 --seed 3 --algorithm groupdro --steps 1000 --train_envs 0.1,0.2,0.5,0.9 --train_env_sizes 6000,1500,500,0 --test_envs 0.0,0.1,0.2,0.3,0.4,0.5,0.6,0.7,0.8,0.9,1.0 --tail_support_condition missing_tail --tail_support_source_envs 0.1,0.2,0.5,0.9 --tail_support_tail_env 0.9 --tail_support_head_env 0.1 --erm_pretrain_iters 400 --lr_cos_sched --groupdro_eta 0.1 --save_ckpts"
"109","e3b_tail_support_seed3.txt","success","0","2026-08-30T14:07:18.1081483+02:00","2026-08-30T14:09:56.5384050+02:00","158.43","C:\Users\320257223\PycharmProjects\domain_gen_IL\CMNIST\job_scripts\seed34_job_109.out.txt","C:\Users\320257223\PycharmProjects\domain_gen_IL\CMNIST\job_scripts\seed34_job_109.err.txt","python train_sandbox.py --data_dir ..\data --output_dir ..\results\E3b_tail_support --exp_name e3b_tail_support --lr 0.0001 --batch_size 25000 --dropout_p 0.2 --seed 3 --algorithm iro --steps 600 --train_envs 0.1,0.2,0.5,0.9 --train_env_sizes 6000,1500,500,0 --test_envs 0.0,0.1,0.2,0.3,0.4,0.5,0.6,0.7,0.8,0.9,1.0 --tail_support_condition missing_tail --tail_support_source_envs 0.1,0.2,0.5,0.9 --tail_support_tail_env 0.9 --tail_support_head_env 0.1 --erm_pretrain_iters 400 --lr_cos_sched --save_ckpts"
"110","e3b_tail_support_seed3.txt","success","0","2026-08-30T14:09:56.5480024+02:00","2026-08-30T14:11:22.4694959+02:00","85.92","C:\Users\320257223\PycharmProjects\domain_gen_IL\CMNIST\job_scripts\seed34_job_110.out.txt","C:\Users\320257223\PycharmProjects\domain_gen_IL\CMNIST\job_scripts\seed34_job_110.err.txt","python train_sandbox.py --data_dir ..\data --output_dir ..\results\E3b_tail_support --exp_name e3b_tail_support --lr 0.0001 --batch_size 25000 --dropout_p 0.2 --seed 3 --algorithm inftask --steps 600 --train_envs 0.1,0.2,0.5,0.9 --train_env_sizes 6000,1500,500,0 --test_envs 0.0,0.1,0.2,0.3,0.4,0.5,0.6,0.7,0.8,0.9,1.0 --tail_support_condition missing_tail --tail_support_source_envs 0.1,0.2,0.5,0.9 --tail_support_tail_env 0.9 --tail_support_head_env 0.1 --erm_pretrain_iters 400 --lr_cos_sched --save_ckpts"
"111","e3b_tail_support_seed4.txt","success","0","2026-08-30T14:11:22.4694959+02:00","2026-08-30T14:12:32.4093995+02:00","69.94","C:\Users\320257223\PycharmProjects\domain_gen_IL\CMNIST\job_scripts\seed34_job_111.out.txt","C:\Users\320257223\PycharmProjects\domain_gen_IL\CMNIST\job_scripts\seed34_job_111.err.txt","python train_sandbox.py --data_dir ..\data --output_dir ..\results\E3b_tail_support --exp_name e3b_tail_support --lr 0.0001 --batch_size 25000 --dropout_p 0.2 --seed 4 --algorithm erm --steps 600 --train_envs 0.1,0.2,0.5,0.9 --train_env_sizes 2000,2000,2000,2000 --test_envs 0.0,0.1,0.2,0.3,0.4,0.5,0.6,0.7,0.8,0.9,1.0 --tail_support_condition balanced_visible --tail_support_source_envs 0.1,0.2,0.5,0.9 --tail_support_tail_env 0.9 --tail_support_head_env 0.1 --erm_pretrain_iters 0"
"112","e3b_tail_support_seed4.txt","success","0","2026-08-30T14:12:32.4093995+02:00","2026-08-30T14:13:41.0061112+02:00","68.6","C:\Users\320257223\PycharmProjects\domain_gen_IL\CMNIST\job_scripts\seed34_job_112.out.txt","C:\Users\320257223\PycharmProjects\domain_gen_IL\CMNIST\job_scripts\seed34_job_112.err.txt","python train_sandbox.py --data_dir ..\data --output_dir ..\results\E3b_tail_support --exp_name e3b_tail_support --lr 0.0001 --batch_size 25000 --dropout_p 0.2 --seed 4 --algorithm irm --steps 600 --train_envs 0.1,0.2,0.5,0.9 --train_env_sizes 2000,2000,2000,2000 --test_envs 0.0,0.1,0.2,0.3,0.4,0.5,0.6,0.7,0.8,0.9,1.0 --tail_support_condition balanced_visible --tail_support_source_envs 0.1,0.2,0.5,0.9 --tail_support_tail_env 0.9 --tail_support_head_env 0.1 --erm_pretrain_iters 400 --lr_cos_sched --penalty_weight 1000 --save_ckpts"
"113","e3b_tail_support_seed4.txt","success","0","2026-08-30T14:13:41.0101724+02:00","2026-08-30T14:15:04.2802362+02:00","83.27","C:\Users\320257223\PycharmProjects\domain_gen_IL\CMNIST\job_scripts\seed34_job_113.out.txt","C:\Users\320257223\PycharmProjects\domain_gen_IL\CMNIST\job_scripts\seed34_job_113.err.txt","python train_sandbox.py --data_dir ..\data --output_dir ..\results\E3b_tail_support --exp_name e3b_tail_support --lr 0.0001 --batch_size 25000 --dropout_p 0.2 --seed 4 --algorithm groupdro --steps 1000 --train_envs 0.1,0.2,0.5,0.9 --train_env_sizes 2000,2000,2000,2000 --test_envs 0.0,0.1,0.2,0.3,0.4,0.5,0.6,0.7,0.8,0.9,1.0 --tail_support_condition balanced_visible --tail_support_source_envs 0.1,0.2,0.5,0.9 --tail_support_tail_env 0.9 --tail_support_head_env 0.1 --erm_pretrain_iters 400 --lr_cos_sched --groupdro_eta 0.1 --save_ckpts"
"114","e3b_tail_support_seed4.txt","success","0","2026-08-30T14:15:04.2830451+02:00","2026-08-30T14:17:43.3969566+02:00","159.11","C:\Users\320257223\PycharmProjects\domain_gen_IL\CMNIST\job_scripts\seed34_job_114.out.txt","C:\Users\320257223\PycharmProjects\domain_gen_IL\CMNIST\job_scripts\seed34_job_114.err.txt","python train_sandbox.py --data_dir ..\data --output_dir ..\results\E3b_tail_support --exp_name e3b_tail_support --lr 0.0001 --batch_size 25000 --dropout_p 0.2 --seed 4 --algorithm iro --steps 600 --train_envs 0.1,0.2,0.5,0.9 --train_env_sizes 2000,2000,2000,2000 --test_envs 0.0,0.1,0.2,0.3,0.4,0.5,0.6,0.7,0.8,0.9,1.0 --tail_support_condition balanced_visible --tail_support_source_envs 0.1,0.2,0.5,0.9 --tail_support_tail_env 0.9 --tail_support_head_env 0.1 --erm_pretrain_iters 400 --lr_cos_sched --save_ckpts"
"115","e3b_tail_support_seed4.txt","success","0","2026-08-30T14:17:43.3969566+02:00","2026-08-30T14:19:24.6461203+02:00","101.25","C:\Users\320257223\PycharmProjects\domain_gen_IL\CMNIST\job_scripts\seed34_job_115.out.txt","C:\Users\320257223\PycharmProjects\domain_gen_IL\CMNIST\job_scripts\seed34_job_115.err.txt","python train_sandbox.py --data_dir ..\data --output_dir ..\results\E3b_tail_support --exp_name e3b_tail_support --lr 0.0001 --batch_size 25000 --dropout_p 0.2 --seed 4 --algorithm inftask --steps 600 --train_envs 0.1,0.2,0.5,0.9 --train_env_sizes 2000,2000,2000,2000 --test_envs 0.0,0.1,0.2,0.3,0.4,0.5,0.6,0.7,0.8,0.9,1.0 --tail_support_condition balanced_visible --tail_support_source_envs 0.1,0.2,0.5,0.9 --tail_support_tail_env 0.9 --tail_support_head_env 0.1 --erm_pretrain_iters 400 --lr_cos_sched --save_ckpts"
"116","e3b_tail_support_seed4.txt","success","0","2026-08-30T14:19:24.6657888+02:00","2026-08-30T14:20:55.1774703+02:00","90.51","C:\Users\320257223\PycharmProjects\domain_gen_IL\CMNIST\job_scripts\seed34_job_116.out.txt","C:\Users\320257223\PycharmProjects\domain_gen_IL\CMNIST\job_scripts\seed34_job_116.err.txt","python train_sandbox.py --data_dir ..\data --output_dir ..\results\E3b_tail_support --exp_name e3b_tail_support --lr 0.0001 --batch_size 25000 --dropout_p 0.2 --seed 4 --algorithm erm --steps 600 --train_envs 0.1,0.2,0.5,0.9 --train_env_sizes 5000,2000,800,200 --test_envs 0.0,0.1,0.2,0.3,0.4,0.5,0.6,0.7,0.8,0.9,1.0 --tail_support_condition long_tail_visible --tail_support_source_envs 0.1,0.2,0.5,0.9 --tail_support_tail_env 0.9 --tail_support_head_env 0.1 --erm_pretrain_iters 0"
"117","e3b_tail_support_seed4.txt","success","0","2026-08-30T14:20:55.1778965+02:00","2026-08-30T14:22:22.9353457+02:00","87.76","C:\Users\320257223\PycharmProjects\domain_gen_IL\CMNIST\job_scripts\seed34_job_117.out.txt","C:\Users\320257223\PycharmProjects\domain_gen_IL\CMNIST\job_scripts\seed34_job_117.err.txt","python train_sandbox.py --data_dir ..\data --output_dir ..\results\E3b_tail_support --exp_name e3b_tail_support --lr 0.0001 --batch_size 25000 --dropout_p 0.2 --seed 4 --algorithm irm --steps 600 --train_envs 0.1,0.2,0.5,0.9 --train_env_sizes 5000,2000,800,200 --test_envs 0.0,0.1,0.2,0.3,0.4,0.5,0.6,0.7,0.8,0.9,1.0 --tail_support_condition long_tail_visible --tail_support_source_envs 0.1,0.2,0.5,0.9 --tail_support_tail_env 0.9 --tail_support_head_env 0.1 --erm_pretrain_iters 400 --lr_cos_sched --penalty_weight 1000 --save_ckpts"
"118","e3b_tail_support_seed4.txt","success","0","2026-08-30T14:22:22.9353457+02:00","2026-08-30T14:23:50.6249953+02:00","87.69","C:\Users\320257223\PycharmProjects\domain_gen_IL\CMNIST\job_scripts\seed34_job_118.out.txt","C:\Users\320257223\PycharmProjects\domain_gen_IL\CMNIST\job_scripts\seed34_job_118.err.txt","python train_sandbox.py --data_dir ..\data --output_dir ..\results\E3b_tail_support --exp_name e3b_tail_support --lr 0.0001 --batch_size 25000 --dropout_p 0.2 --seed 4 --algorithm groupdro --steps 1000 --train_envs 0.1,0.2,0.5,0.9 --train_env_sizes 5000,2000,800,200 --test_envs 0.0,0.1,0.2,0.3,0.4,0.5,0.6,0.7,0.8,0.9,1.0 --tail_support_condition long_tail_visible --tail_support_source_envs 0.1,0.2,0.5,0.9 --tail_support_tail_env 0.9 --tail_support_head_env 0.1 --erm_pretrain_iters 400 --lr_cos_sched --groupdro_eta 0.1 --save_ckpts"
"119","e3b_tail_support_seed4.txt","success","0","2026-08-30T14:23:50.6289527+02:00","2026-08-30T14:26:32.4047243+02:00","161.78","C:\Users\320257223\PycharmProjects\domain_gen_IL\CMNIST\job_scripts\seed34_job_119.out.txt","C:\Users\320257223\PycharmProjects\domain_gen_IL\CMNIST\job_scripts\seed34_job_119.err.txt","python train_sandbox.py --data_dir ..\data --output_dir ..\results\E3b_tail_support --exp_name e3b_tail_support --lr 0.0001 --batch_size 25000 --dropout_p 0.2 --seed 4 --algorithm iro --steps 600 --train_envs 0.1,0.2,0.5,0.9 --train_env_sizes 5000,2000,800,200 --test_envs 0.0,0.1,0.2,0.3,0.4,0.5,0.6,0.7,0.8,0.9,1.0 --tail_support_condition long_tail_visible --tail_support_source_envs 0.1,0.2,0.5,0.9 --tail_support_tail_env 0.9 --tail_support_head_env 0.1 --erm_pretrain_iters 400 --lr_cos_sched --save_ckpts"
"120","e3b_tail_support_seed4.txt","success","0","2026-08-30T14:26:32.4175616+02:00","2026-08-30T14:28:02.8710364+02:00","90.45","C:\Users\320257223\PycharmProjects\domain_gen_IL\CMNIST\job_scripts\seed34_job_120.out.txt","C:\Users\320257223\PycharmProjects\domain_gen_IL\CMNIST\job_scripts\seed34_job_120.err.txt","python train_sandbox.py --data_dir ..\data --output_dir ..\results\E3b_tail_support --exp_name e3b_tail_support --lr 0.0001 --batch_size 25000 --dropout_p 0.2 --seed 4 --algorithm inftask --steps 600 --train_envs 0.1,0.2,0.5,0.9 --train_env_sizes 5000,2000,800,200 --test_envs 0.0,0.1,0.2,0.3,0.4,0.5,0.6,0.7,0.8,0.9,1.0 --tail_support_condition long_tail_visible --tail_support_source_envs 0.1,0.2,0.5,0.9 --tail_support_tail_env 0.9 --tail_support_head_env 0.1 --erm_pretrain_iters 400 --lr_cos_sched --save_ckpts"
"121","e3b_tail_support_seed4.txt","success","0","2026-08-30T14:28:02.8773490+02:00","2026-08-30T14:29:23.7341434+02:00","80.86","C:\Users\320257223\PycharmProjects\domain_gen_IL\CMNIST\job_scripts\seed34_job_121.out.txt","C:\Users\320257223\PycharmProjects\domain_gen_IL\CMNIST\job_scripts\seed34_job_121.err.txt","python train_sandbox.py --data_dir ..\data --output_dir ..\results\E3b_tail_support --exp_name e3b_tail_support --lr 0.0001 --batch_size 25000 --dropout_p 0.2 --seed 4 --algorithm erm --steps 600 --train_envs 0.1,0.2,0.5,0.9 --train_env_sizes 5800,1800,350,50 --test_envs 0.0,0.1,0.2,0.3,0.4,0.5,0.6,0.7,0.8,0.9,1.0 --tail_support_condition near_missing_tail --tail_support_source_envs 0.1,0.2,0.5,0.9 --tail_support_tail_env 0.9 --tail_support_head_env 0.1 --erm_pretrain_iters 0"
"122","e3b_tail_support_seed4.txt","success","0","2026-08-30T14:29:23.7385150+02:00","2026-08-30T14:31:02.0228370+02:00","98.28","C:\Users\320257223\PycharmProjects\domain_gen_IL\CMNIST\job_scripts\seed34_job_122.out.txt","C:\Users\320257223\PycharmProjects\domain_gen_IL\CMNIST\job_scripts\seed34_job_122.err.txt","python train_sandbox.py --data_dir ..\data --output_dir ..\results\E3b_tail_support --exp_name e3b_tail_support --lr 0.0001 --batch_size 25000 --dropout_p 0.2 --seed 4 --algorithm irm --steps 600 --train_envs 0.1,0.2,0.5,0.9 --train_env_sizes 5800,1800,350,50 --test_envs 0.0,0.1,0.2,0.3,0.4,0.5,0.6,0.7,0.8,0.9,1.0 --tail_support_condition near_missing_tail --tail_support_source_envs 0.1,0.2,0.5,0.9 --tail_support_tail_env 0.9 --tail_support_head_env 0.1 --erm_pretrain_iters 400 --lr_cos_sched --penalty_weight 1000 --save_ckpts"
"123","e3b_tail_support_seed4.txt","success","0","2026-08-30T14:31:02.0383277+02:00","2026-08-30T14:32:54.8474410+02:00","112.81","C:\Users\320257223\PycharmProjects\domain_gen_IL\CMNIST\job_scripts\seed34_job_123.out.txt","C:\Users\320257223\PycharmProjects\domain_gen_IL\CMNIST\job_scripts\seed34_job_123.err.txt","python train_sandbox.py --data_dir ..\data --output_dir ..\results\E3b_tail_support --exp_name e3b_tail_support --lr 0.0001 --batch_size 25000 --dropout_p 0.2 --seed 4 --algorithm groupdro --steps 1000 --train_envs 0.1,0.2,0.5,0.9 --train_env_sizes 5800,1800,350,50 --test_envs 0.0,0.1,0.2,0.3,0.4,0.5,0.6,0.7,0.8,0.9,1.0 --tail_support_condition near_missing_tail --tail_support_source_envs 0.1,0.2,0.5,0.9 --tail_support_tail_env 0.9 --tail_support_head_env 0.1 --erm_pretrain_iters 400 --lr_cos_sched --groupdro_eta 0.1 --save_ckpts"
"124","e3b_tail_support_seed4.txt","success","0","2026-08-30T14:32:54.8669121+02:00","2026-08-30T14:35:40.3151096+02:00","165.45","C:\Users\320257223\PycharmProjects\domain_gen_IL\CMNIST\job_scripts\seed34_job_124.out.txt","C:\Users\320257223\PycharmProjects\domain_gen_IL\CMNIST\job_scripts\seed34_job_124.err.txt","python train_sandbox.py --data_dir ..\data --output_dir ..\results\E3b_tail_support --exp_name e3b_tail_support --lr 0.0001 --batch_size 25000 --dropout_p 0.2 --seed 4 --algorithm iro --steps 600 --train_envs 0.1,0.2,0.5,0.9 --train_env_sizes 5800,1800,350,50 --test_envs 0.0,0.1,0.2,0.3,0.4,0.5,0.6,0.7,0.8,0.9,1.0 --tail_support_condition near_missing_tail --tail_support_source_envs 0.1,0.2,0.5,0.9 --tail_support_tail_env 0.9 --tail_support_head_env 0.1 --erm_pretrain_iters 400 --lr_cos_sched --save_ckpts"
"125","e3b_tail_support_seed4.txt","success","0","2026-08-30T14:35:40.3181109+02:00","2026-08-30T14:37:16.5053643+02:00","96.19","C:\Users\320257223\PycharmProjects\domain_gen_IL\CMNIST\job_scripts\seed34_job_125.out.txt","C:\Users\320257223\PycharmProjects\domain_gen_IL\CMNIST\job_scripts\seed34_job_125.err.txt","python train_sandbox.py --data_dir ..\data --output_dir ..\results\E3b_tail_support --exp_name e3b_tail_support --lr 0.0001 --batch_size 25000 --dropout_p 0.2 --seed 4 --algorithm inftask --steps 600 --train_envs 0.1,0.2,0.5,0.9 --train_env_sizes 5800,1800,350,50 --test_envs 0.0,0.1,0.2,0.3,0.4,0.5,0.6,0.7,0.8,0.9,1.0 --tail_support_condition near_missing_tail --tail_support_source_envs 0.1,0.2,0.5,0.9 --tail_support_tail_env 0.9 --tail_support_head_env 0.1 --erm_pretrain_iters 400 --lr_cos_sched --save_ckpts"
"126","e3b_tail_support_seed4.txt","success","0","2026-08-30T14:37:16.5154641+02:00","2026-08-30T14:38:46.2307074+02:00","89.72","C:\Users\320257223\PycharmProjects\domain_gen_IL\CMNIST\job_scripts\seed34_job_126.out.txt","C:\Users\320257223\PycharmProjects\domain_gen_IL\CMNIST\job_scripts\seed34_job_126.err.txt","python train_sandbox.py --data_dir ..\data --output_dir ..\results\E3b_tail_support --exp_name e3b_tail_support --lr 0.0001 --batch_size 25000 --dropout_p 0.2 --seed 4 --algorithm erm --steps 600 --train_envs 0.1,0.2,0.5,0.9 --train_env_sizes 6000,1500,500,0 --test_envs 0.0,0.1,0.2,0.3,0.4,0.5,0.6,0.7,0.8,0.9,1.0 --tail_support_condition missing_tail --tail_support_source_envs 0.1,0.2,0.5,0.9 --tail_support_tail_env 0.9 --tail_support_head_env 0.1 --erm_pretrain_iters 0"
"127","e3b_tail_support_seed4.txt","success","0","2026-08-30T14:38:46.2352424+02:00","2026-08-30T14:40:13.5936110+02:00","87.36","C:\Users\320257223\PycharmProjects\domain_gen_IL\CMNIST\job_scripts\seed34_job_127.out.txt","C:\Users\320257223\PycharmProjects\domain_gen_IL\CMNIST\job_scripts\seed34_job_127.err.txt","python train_sandbox.py --data_dir ..\data --output_dir ..\results\E3b_tail_support --exp_name e3b_tail_support --lr 0.0001 --batch_size 25000 --dropout_p 0.2 --seed 4 --algorithm irm --steps 600 --train_envs 0.1,0.2,0.5,0.9 --train_env_sizes 6000,1500,500,0 --test_envs 0.0,0.1,0.2,0.3,0.4,0.5,0.6,0.7,0.8,0.9,1.0 --tail_support_condition missing_tail --tail_support_source_envs 0.1,0.2,0.5,0.9 --tail_support_tail_env 0.9 --tail_support_head_env 0.1 --erm_pretrain_iters 400 --lr_cos_sched --penalty_weight 1000 --save_ckpts"
"128","e3b_tail_support_seed4.txt","success","0","2026-08-30T14:40:13.5994109+02:00","2026-08-30T14:41:40.2819089+02:00","86.68","C:\Users\320257223\PycharmProjects\domain_gen_IL\CMNIST\job_scripts\seed34_job_128.out.txt","C:\Users\320257223\PycharmProjects\domain_gen_IL\CMNIST\job_scripts\seed34_job_128.err.txt","python train_sandbox.py --data_dir ..\data --output_dir ..\results\E3b_tail_support --exp_name e3b_tail_support --lr 0.0001 --batch_size 25000 --dropout_p 0.2 --seed 4 --algorithm groupdro --steps 1000 --train_envs 0.1,0.2,0.5,0.9 --train_env_sizes 6000,1500,500,0 --test_envs 0.0,0.1,0.2,0.3,0.4,0.5,0.6,0.7,0.8,0.9,1.0 --tail_support_condition missing_tail --tail_support_source_envs 0.1,0.2,0.5,0.9 --tail_support_tail_env 0.9 --tail_support_head_env 0.1 --erm_pretrain_iters 400 --lr_cos_sched --groupdro_eta 0.1 --save_ckpts"
"129","e3b_tail_support_seed4.txt","success","0","2026-08-30T14:41:40.2868941+02:00","2026-08-30T14:44:21.6131407+02:00","161.33","C:\Users\320257223\PycharmProjects\domain_gen_IL\CMNIST\job_scripts\seed34_job_129.out.txt","C:\Users\320257223\PycharmProjects\domain_gen_IL\CMNIST\job_scripts\seed34_job_129.err.txt","python train_sandbox.py --data_dir ..\data --output_dir ..\results\E3b_tail_support --exp_name e3b_tail_support --lr 0.0001 --batch_size 25000 --dropout_p 0.2 --seed 4 --algorithm iro --steps 600 --train_envs 0.1,0.2,0.5,0.9 --train_env_sizes 6000,1500,500,0 --test_envs 0.0,0.1,0.2,0.3,0.4,0.5,0.6,0.7,0.8,0.9,1.0 --tail_support_condition missing_tail --tail_support_source_envs 0.1,0.2,0.5,0.9 --tail_support_tail_env 0.9 --tail_support_head_env 0.1 --erm_pretrain_iters 400 --lr_cos_sched --save_ckpts"
"130","e3b_tail_support_seed4.txt","success","0","2026-08-30T14:44:21.6256609+02:00","2026-08-30T14:45:54.4346473+02:00","92.81","C:\Users\320257223\PycharmProjects\domain_gen_IL\CMNIST\job_scripts\seed34_job_130.out.txt","C:\Users\320257223\PycharmProjects\domain_gen_IL\CMNIST\job_scripts\seed34_job_130.err.txt","python train_sandbox.py --data_dir ..\data --output_dir ..\results\E3b_tail_support --exp_name e3b_tail_support --lr 0.0001 --batch_size 25000 --dropout_p 0.2 --seed 4 --algorithm inftask --steps 600 --train_envs 0.1,0.2,0.5,0.9 --train_env_sizes 6000,1500,500,0 --test_envs 0.0,0.1,0.2,0.3,0.4,0.5,0.6,0.7,0.8,0.9,1.0 --tail_support_condition missing_tail --tail_support_source_envs 0.1,0.2,0.5,0.9 --tail_support_tail_env 0.9 --tail_support_head_env 0.1 --erm_pretrain_iters 400 --lr_cos_sched --save_ckpts"
