n_domains,sample_size,exponent,missing_mass_epsilon,requested_missing_tail_fraction,alpha,tradeoff,repetitions,analytical_delta_id,simulated_lower_cvar,simulated_upper_cvar,simulated_interval_width,empirical_interval_width_mean,empirical_interval_width_p05,empirical_interval_width_p95,empirical_cvar_lower_mean,empirical_cvar_upper_mean
10,32,0.0,0.0,0.0,0.5,0.5,1000,0.0,0.5388888888888888,0.5888888888888888,0.050000000000000044,0.06174236111111107,0.004861111111110983,0.14027777777777778,0.5840972222222223,0.5343020833333334
10,32,0.5,0.0,0.0,0.5,0.5,1000,0.0,0.5388888888888888,0.5888888888888888,0.050000000000000044,0.07458819444444446,0.008333333333333193,0.15833333333333338,0.52490625,0.5900277777777778
10,32,1.0,0.0,0.0,0.5,0.5,1000,0.0,0.5388888888888888,0.5888888888888888,0.050000000000000044,0.18079861111111115,0.0888888888888889,0.2659722222222223,0.4473715277777778,0.628170138888889
10,32,2.0,0.0,0.0,0.5,0.5,1000,0.0,0.5388888888888888,0.5888888888888888,0.050000000000000044,0.35091319444444447,0.29375,0.4013888888888889,0.2989270833333333,0.6498402777777779
10,32,0.0,0.1,0.1,0.5,0.5,1000,0.2,0.5333333333333331,0.6533333333333332,0.1200000000000001,0.03971180555555554,0.002083333333333437,0.09861111111111104,0.5417430555555556,0.547704861111111
10,32,0.5,0.1,0.1,0.5,0.5,1000,0.2,0.5333333333333331,0.6533333333333332,0.1200000000000001,0.10635694444444448,0.02555555555555559,0.18611111111111112,0.4913159722222222,0.5966840277777778
10,32,1.0,0.1,0.1,0.5,0.5,1000,0.2,0.5333333333333331,0.6533333333333332,0.1200000000000001,0.20791666666666675,0.1305555555555556,0.27656249999999993,0.4234340277777777,0.6313506944444445
10,32,2.0,0.1,0.1,0.5,0.5,1000,0.2,0.5333333333333331,0.6533333333333332,0.1200000000000001,0.35747916666666674,0.3041666666666667,0.4013888888888889,0.29236805555555556,0.6498472222222224
10,32,0.0,0.2,0.2,0.5,0.5,1000,0.4,0.47777777777777763,0.7566666666666665,0.27888888888888885,0.06556388888888892,0.005555555555555647,0.13402777777777786,0.5001111111111111,0.5623333333333332
10,32,0.5,0.2,0.2,0.5,0.5,1000,0.4,0.47777777777777763,0.7566666666666665,0.27888888888888885,0.14551388888888891,0.07500000000000007,0.21736111111111112,0.4588923611111111,0.60440625
10,32,1.0,0.2,0.2,0.5,0.5,1000,0.4,0.47777777777777763,0.7566666666666665,0.27888888888888885,0.23330208333333338,0.1652777777777778,0.2972222222222223,0.3999791666666666,0.63328125
10,32,2.0,0.2,0.2,0.5,0.5,1000,0.4,0.47777777777777763,0.7566666666666665,0.27888888888888885,0.36253125,0.31111111111111117,0.4048611111111111,0.28728125,0.6498125000000001
10,32,0.0,0.3,0.3,0.5,0.5,1000,0.6,0.4222222222222221,0.8488888888888887,0.4266666666666666,0.11644305555555556,0.050694444444444486,0.1791666666666667,0.4599722222222222,0.5763680555555556
10,32,0.5,0.3,0.3,0.5,0.5,1000,0.6,0.4222222222222221,0.8488888888888887,0.4266666666666666,0.19056597222222224,0.12708333333333333,0.2555555555555556,0.42180902777777785,0.612375
10,32,1.0,0.3,0.3,0.5,0.5,1000,0.6,0.4222222222222221,0.8488888888888887,0.4266666666666666,0.26152777777777775,0.20000000000000007,0.3215277777777778,0.3743263888888889,0.6358541666666667
10,32,2.0,0.3,0.3,0.5,0.5,1000,0.6,0.4222222222222221,0.8488888888888887,0.4266666666666666,0.37102083333333336,0.32500000000000007,0.40850694444444435,0.278875,0.6498958333333335
10,32,0.0,0.0,0.0,0.75,0.5,1000,0.0,0.6055555555555553,0.6555555555555552,0.04999999999999993,0.05282083333333327,0.005555555555555536,0.11250000000000004,0.6497291666666666,0.6012638888888889
10,32,0.5,0.0,0.0,0.75,0.5,1000,0.0,0.6055555555555553,0.6555555555555552,0.04999999999999993,0.037670833333333334,0.001388888888888884,0.09583333333333333,0.6139375,0.6352083333333334
10,32,1.0,0.0,0.0,0.75,0.5,1000,0.0,0.6055555555555553,0.6555555555555552,0.04999999999999993,0.10140416666666673,0.019444444444444486,0.18611111111111117,0.547625,0.6487013888888891
10,32,2.0,0.0,0.0,0.75,0.5,1000,0.0,0.6055555555555553,0.6555555555555552,0.04999999999999993,0.27738888888888896,0.18611111111111112,0.3597222222222223,0.37261111111111106,0.6500000000000002
10,32,0.0,0.1,0.1,0.75,0.5,1000,0.4,0.5999999999999996,0.7788888888888885,0.17888888888888888,0.03009027777777778,0.001388888888888773,0.07499999999999996,0.6006527777777777,0.6076875
10,32,0.5,0.1,0.1,0.75,0.5,1000,0.4,0.5999999999999996,0.7788888888888885,0.17888888888888888,0.07029166666666671,0.012500000000000067,0.13750000000000007,0.5688402777777777,0.6383125000000001
10,32,1.0,0.1,0.1,0.75,0.5,1000,0.4,0.5999999999999996,0.7788888888888885,0.17888888888888888,0.1352013888888889,0.06805555555555565,0.2138888888888889,0.5139375,0.649138888888889
10,32,2.0,0.1,0.1,0.75,0.5,1000,0.4,0.5999999999999996,0.7788888888888885,0.17888888888888888,0.28800694444444447,0.20000000000000007,0.3597222222222223,0.36199305555555555,0.6500000000000002
10,32,0.0,0.2,0.2,0.75,0.5,1000,0.8,0.5444444444444442,0.9299999999999997,0.38555555555555554,0.06156388888888893,0.012500000000000067,0.10972222222222239,0.5536736111111111,0.6143125
10,32,0.5,0.2,0.2,0.75,0.5,1000,0.8,0.5444444444444442,0.9299999999999997,0.38555555555555554,0.11470833333333337,0.061111111111111116,0.17222222222222228,0.5250902777777777,0.6397986111111112
10,32,1.0,0.2,0.2,0.75,0.5,1000,0.8,0.5444444444444442,0.9299999999999997,0.38555555555555554,0.17212500000000003,0.10972222222222228,0.2416666666666667,0.47717361111111106,0.6492986111111113
10,32,2.0,0.2,0.2,0.75,0.5,1000,0.8,0.5444444444444442,0.9299999999999997,0.38555555555555554,0.3008055555555556,0.23472222222222222,0.3666666666666667,0.3491944444444445,0.6500000000000002
10,32,0.0,0.3,0.3,0.75,0.5,1000,1.0,0.4888888888888887,0.9999999999999996,0.5111111111111108,0.11537500000000002,0.06805555555555554,0.16527777777777775,0.5057777777777778,0.6211527777777778
10,32,0.5,0.3,0.3,0.75,0.5,1000,1.0,0.4888888888888887,0.9999999999999996,0.5111111111111108,0.16131944444444446,0.1166666666666667,0.2138888888888889,0.48215972222222225,0.6434791666666667
10,32,1.0,0.3,0.3,0.75,0.5,1000,1.0,0.4888888888888887,0.9999999999999996,0.5111111111111108,0.2075625,0.1513888888888889,0.26944444444444443,0.4421805555555555,0.6497430555555557
10,32,2.0,0.3,0.3,0.75,0.5,1000,1.0,0.4888888888888887,0.9999999999999996,0.5111111111111108,0.3151319444444445,0.24861111111111112,0.3805555555555556,0.33486805555555554,0.6500000000000002
10,32,0.0,0.0,0.0,0.9,0.5,1000,0.0,0.6499999999999994,0.6999999999999991,0.04999999999999971,0.050785416666666625,0.011805555555555514,0.09166666666666656,0.68709375,0.6372847222222223
10,32,0.5,0.0,0.0,0.9,0.5,1000,0.0,0.6499999999999994,0.6999999999999991,0.04999999999999971,0.030863194444444443,0.008333333333333304,0.050000000000000044,0.669607638888889,0.6489930555555556
10,32,1.0,0.0,0.0,0.9,0.5,1000,0.0,0.6499999999999994,0.6999999999999991,0.04999999999999971,0.038352777777777805,0.005555555555555536,0.10277777777777786,0.6313194444444444,0.6499930555555556
10,32,2.0,0.0,0.0,0.9,0.5,1000,0.0,0.6499999999999994,0.6999999999999991,0.04999999999999971,0.17940069444444445,0.047222222222222276,0.3076388888888889,0.4708854166666666,0.6500000000000002
10,32,0.0,0.1,0.1,0.9,0.5,1000,1.0,0.6444444444444436,0.9999999999999989,0.3555555555555553,0.01716527777777781,0.002083333333333326,0.047222222222222276,0.6340590277777778,0.6404826388888889
10,32,0.5,0.1,0.1,0.9,0.5,1000,1.0,0.6444444444444436,0.9999999999999989,0.3555555555555553,0.030825000000000047,0.005555555555555536,0.08194444444444449,0.6189131944444445,0.6493298611111114
10,32,1.0,0.1,0.1,0.9,0.5,1000,1.0,0.6444444444444436,0.9999999999999989,0.3555555555555553,0.06390277777777782,0.009027777777777746,0.14097222222222217,0.5860972222222222,0.6500000000000002
10,32,2.0,0.1,0.1,0.9,0.5,1000,1.0,0.6444444444444436,0.9999999999999989,0.3555555555555553,0.19914236111111108,0.07499999999999996,0.3076388888888889,0.4508576388888889,0.6500000000000002
10,32,0.0,0.2,0.2,0.9,0.5,1000,1.0,0.5888888888888881,0.9999999999999989,0.41111111111111076,0.06019305555555565,0.022916666666666807,0.09583333333333333,0.5828993055555555,0.64303125
10,32,0.5,0.2,0.2,0.9,0.5,1000,1.0,0.5888888888888881,0.9999999999999989,0.41111111111111076,0.08058333333333341,0.06111111111111123,0.1201388888888889,0.5691249999999999,0.6497083333333334
10,32,1.0,0.2,0.2,0.9,0.5,1000,1.0,0.5888888888888881,0.9999999999999989,0.41111111111111076,0.10682986111111115,0.06111111111111123,0.1756944444444445,0.5431701388888889,0.6500000000000002
10,32,2.0,0.2,0.2,0.9,0.5,1000,1.0,0.5888888888888881,0.9999999999999989,0.41111111111111076,0.21947569444444442,0.10972222222222228,0.325,0.4305243055555556,0.6500000000000002
10,32,0.0,0.3,0.3,0.9,0.5,1000,1.0,0.5333333333333328,0.9999999999999989,0.4666666666666661,0.11736805555555557,0.09583333333333333,0.13749999999999996,0.5285381944444444,0.64590625
10,32,0.5,0.3,0.3,0.9,0.5,1000,1.0,0.5333333333333328,0.9999999999999989,0.4666666666666661,0.13038194444444445,0.1166666666666667,0.17222222222222228,0.5195069444444443,0.6498888888888891
10,32,1.0,0.3,0.3,0.9,0.5,1000,1.0,0.5333333333333328,0.9999999999999989,0.4666666666666661,0.15193402777777776,0.1166666666666667,0.21388888888888885,0.4980625,0.6499965277777779
10,32,2.0,0.3,0.3,0.9,0.5,1000,1.0,0.5333333333333328,0.9999999999999989,0.4666666666666661,0.24632291666666667,0.15833333333333327,0.3388888888888889,0.40367708333333335,0.6500000000000002
10,128,0.0,0.0,0.0,0.5,0.5,1000,0.0,0.5388888888888888,0.5888888888888888,0.050000000000000044,0.04889652777777772,0.0074652777777777235,0.09344618055555545,0.5862039930555555,0.5380998263888889
10,128,0.5,0.0,0.0,0.5,0.5,1000,0.0,0.5388888888888888,0.5888888888888888,0.050000000000000044,0.06444843750000004,0.015972222222222276,0.11145833333333333,0.5287725694444445,0.5927560763888889
10,128,1.0,0.0,0.0,0.5,0.5,1000,0.0,0.5388888888888888,0.5888888888888888,0.050000000000000044,0.18246440972222222,0.13923611111111123,0.22261284722222233,0.4486501736111111,0.6311145833333334
10,128,2.0,0.0,0.0,0.5,0.5,1000,0.0,0.5388888888888888,0.5888888888888888,0.050000000000000044,0.3514739583333334,0.3223958333333334,0.3770833333333333,0.2985251736111111,0.6499991319444446
10,128,0.0,0.1,0.1,0.5,0.5,1000,0.2,0.5333333333333331,0.6533333333333332,0.1200000000000001,0.020986284722222224,0.0020833333333333203,0.049826388888888906,0.5450928819444444,0.5510833333333334
10,128,0.5,0.1,0.1,0.5,0.5,1000,0.2,0.5333333333333331,0.6533333333333332,0.1200000000000001,0.10411197916666669,0.06371527777777775,0.14531249999999996,0.4954270833333333,0.5995390625
10,128,1.0,0.1,0.1,0.5,0.5,1000,0.2,0.5333333333333331,0.6533333333333332,0.1200000000000001,0.2067022569444445,0.1678819444444445,0.2443142361111111,0.42625694444444445,0.632959201388889
10,128,2.0,0.1,0.1,0.5,0.5,1000,0.2,0.5333333333333331,0.6533333333333332,0.1200000000000001,0.35710590277777776,0.3302083333333333,0.3814236111111111,0.2928932291666667,0.6499991319444446
10,128,0.0,0.2,0.2,0.5,0.5,1000,0.4,0.47777777777777763,0.7566666666666665,0.27888888888888885,0.06196458333333337,0.026388888888889017,0.09930555555555548,0.5032847222222222,0.5652378472222221
10,128,0.5,0.2,0.2,0.5,0.5,1000,0.4,0.47777777777777763,0.7566666666666665,0.27888888888888885,0.14664149305555554,0.1114149305555555,0.184375,0.4601111111111111,0.6067526041666667
10,128,1.0,0.2,0.2,0.5,0.5,1000,0.4,0.47777777777777763,0.7566666666666665,0.27888888888888885,0.23350868055555557,0.1982638888888889,0.2651041666666667,0.4014921875,0.6350008680555556
10,128,2.0,0.2,0.2,0.5,0.5,1000,0.4,0.47777777777777763,0.7566666666666665,0.27888888888888885,0.3641987847222223,0.3397569444444445,0.3857638888888889,0.2858012152777778,0.6500000000000002
10,128,0.0,0.3,0.3,0.5,0.5,1000,0.6,0.4222222222222221,0.8488888888888887,0.4266666666666666,0.11595486111111111,0.08368055555555559,0.14878472222222217,0.4619375,0.5778923611111111
10,128,0.5,0.3,0.3,0.5,0.5,1000,0.6,0.4222222222222221,0.8488888888888887,0.4266666666666666,0.18905381944444444,0.15746527777777775,0.22261284722222222,0.4248012152777778,0.6138550347222222
10,128,1.0,0.3,0.3,0.5,0.5,1000,0.6,0.4222222222222221,0.8488888888888887,0.4266666666666666,0.2609635416666667,0.23033854166666665,0.2902777777777778,0.3762326388888889,0.6371961805555555
10,128,2.0,0.3,0.3,0.5,0.5,1000,0.6,0.4222222222222221,0.8488888888888887,0.4266666666666666,0.3708637152777778,0.3484375,0.3909722222222222,0.2791345486111111,0.649998263888889
10,128,0.0,0.0,0.0,0.75,0.5,1000,0.0,0.6055555555555553,0.6555555555555552,0.04999999999999993,0.051028124999999924,0.018749999999999933,0.08298611111111098,0.6554392361111111,0.6044270833333335
10,128,0.5,0.0,0.0,0.75,0.5,1000,0.0,0.6055555555555553,0.6555555555555552,0.04999999999999993,0.023154166666666712,0.002083333333333437,0.057638888888888906,0.6189114583333333,0.6382621527777779
10,128,1.0,0.0,0.0,0.75,0.5,1000,0.0,0.6055555555555553,0.6555555555555552,0.04999999999999993,0.09542534722222229,0.05416666666666681,0.13576388888888902,0.5545364583333332,0.6499618055555556
10,128,2.0,0.0,0.0,0.75,0.5,1000,0.0,0.6055555555555553,0.6555555555555552,0.04999999999999993,0.275375,0.23125000000000007,0.3197916666666667,0.374625,0.6500000000000002
10,128,0.0,0.1,0.1,0.75,0.5,1000,0.4,0.5999999999999996,0.7788888888888885,0.17888888888888888,0.01505312500000002,0.001388888888888773,0.03512152777777787,0.6062204861111111,0.6115659722222222
10,128,0.5,0.1,0.1,0.75,0.5,1000,0.4,0.5999999999999996,0.7788888888888885,0.17888888888888888,0.06646875000000008,0.03680555555555576,0.09756944444444449,0.5748020833333333,0.6412708333333335
10,128,1.0,0.1,0.1,0.75,0.5,1000,0.4,0.5999999999999996,0.7788888888888885,0.17888888888888888,0.12985416666666671,0.09409722222222228,0.16701388888888896,0.5201354166666667,0.6499895833333335
10,128,2.0,0.1,0.1,0.75,0.5,1000,0.4,0.5999999999999996,0.7788888888888885,0.17888888888888888,0.28608333333333336,0.24513888888888902,0.3267361111111111,0.3639166666666666,0.6500000000000002
10,128,0.0,0.2,0.2,0.75,0.5,1000,0.8,0.5444444444444442,0.9299999999999997,0.38555555555555554,0.060579861111111175,0.03333333333333344,0.08715277777777786,0.5578611111111111,0.6184409722222222
10,128,0.5,0.2,0.2,0.75,0.5,1000,0.8,0.5444444444444442,0.9299999999999997,0.38555555555555554,0.11326736111111116,0.08541666666666681,0.14270833333333333,0.5305295138888889,0.643796875
10,128,1.0,0.2,0.2,0.75,0.5,1000,0.8,0.5444444444444442,0.9299999999999997,0.38555555555555554,0.1651059027777778,0.1357638888888889,0.19835069444444445,0.4848802083333333,0.6499861111111113
10,128,2.0,0.2,0.2,0.75,0.5,1000,0.8,0.5444444444444442,0.9299999999999997,0.38555555555555554,0.2975555555555556,0.25902777777777786,0.33368055555555554,0.35244444444444445,0.6500000000000002
10,128,0.0,0.3,0.3,0.75,0.5,1000,1.0,0.4888888888888887,0.9999999999999996,0.5111111111111108,0.11667361111111114,0.09756944444444438,0.13750000000000007,0.5089027777777777,0.6255763888888889
10,128,0.5,0.3,0.3,0.75,0.5,1000,1.0,0.4888888888888887,0.9999999999999996,0.5111111111111108,0.16047916666666667,0.13741319444444441,0.1826388888888889,0.4860538194444445,0.6465329861111111
10,128,1.0,0.3,0.3,0.75,0.5,1000,1.0,0.4888888888888887,0.9999999999999996,0.5111111111111108,0.2024982638888889,0.17743055555555554,0.2295138888888889,0.4474913194444445,0.6499895833333335
10,128,2.0,0.3,0.3,0.75,0.5,1000,1.0,0.4888888888888887,0.9999999999999996,0.5111111111111108,0.3104479166666667,0.27986111111111117,0.33888888888888896,0.3395520833333333,0.6500000000000002
10,128,0.0,0.0,0.0,0.9,0.5,1000,0.0,0.6499999999999994,0.6999999999999991,0.04999999999999971,0.04996440972222216,0.029166666666666674,0.0708333333333333,0.6942994791666667,0.6443350694444445
10,128,0.5,0.0,0.0,0.9,0.5,1000,0.0,0.6499999999999994,0.6999999999999991,0.04999999999999971,0.029047916666666614,0.008333333333333304,0.04999999999999993,0.6786258680555556,0.6499921875000002
10,128,1.0,0.0,0.0,0.9,0.5,1000,0.0,0.6499999999999994,0.6999999999999991,0.04999999999999971,0.01857361111111113,0.0003472222222223875,0.047222222222222276,0.6431475694444443,0.6500000000000002
10,128,2.0,0.0,0.0,0.9,0.5,1000,0.0,0.6499999999999994,0.6999999999999991,0.04999999999999971,0.16613888888888892,0.09756944444444449,0.23906249999999996,0.4838611111111111,0.6500000000000002
10,128,0.0,0.1,0.1,0.9,0.5,1000,1.0,0.6444444444444436,0.9999999999999989,0.3555555555555553,0.008896701388888893,0.002083333333333326,0.026388888888889017,0.6406380208333334,0.6464131944444446
10,128,0.5,0.1,0.1,0.9,0.5,1000,1.0,0.6444444444444436,0.9999999999999989,0.3555555555555553,0.02275885416666673,0.005555555555555536,0.04375000000000007,0.627234375,0.6499887152777779
10,128,1.0,0.1,0.1,0.9,0.5,1000,1.0,0.6444444444444436,0.9999999999999989,0.3555555555555553,0.05180642361111119,0.022048611111111227,0.0854166666666667,0.5981935763888888,0.6500000000000002
10,128,2.0,0.1,0.1,0.9,0.5,1000,1.0,0.6444444444444436,0.9999999999999989,0.3555555555555553,0.18619270833333335,0.12361111111111112,0.2477430555555556,0.4638072916666667,0.6500000000000002
10,128,0.0,0.2,0.2,0.9,0.5,1000,1.0,0.5888888888888881,0.9999999999999989,0.41111111111111076,0.06141493055555567,0.04895833333333355,0.07326388888888902,0.5871623263888887,0.6485772569444446
10,128,0.5,0.2,0.2,0.9,0.5,1000,1.0,0.5888888888888881,0.9999999999999989,0.41111111111111076,0.0732282986111112,0.06111111111111123,0.09062500000000007,0.5767717013888888,0.6500000000000002
10,128,1.0,0.2,0.2,0.9,0.5,1000,1.0,0.5888888888888881,0.9999999999999989,0.41111111111111076,0.09759548611111117,0.07326388888888902,0.12881944444444438,0.5524045138888888,0.6500000000000002
10,128,2.0,0.2,0.2,0.9,0.5,1000,1.0,0.5888888888888881,0.9999999999999989,0.41111111111111076,0.20675086805555556,0.1539930555555556,0.2607638888888889,0.44324913194444443,0.6500000000000002
10,128,0.0,0.3,0.3,0.9,0.5,1000,1.0,0.5333333333333328,0.9999999999999989,0.4666666666666661,0.11665017361111114,0.1166666666666667,0.1201388888888889,0.5328428819444443,0.6494930555555558
10,128,0.5,0.3,0.3,0.9,0.5,1000,1.0,0.5333333333333328,0.9999999999999989,0.4666666666666661,0.12400954861111115,0.1166666666666667,0.14184027777777775,0.5259904513888889,0.6500000000000002
10,128,1.0,0.3,0.3,0.9,0.5,1000,1.0,0.5333333333333328,0.9999999999999989,0.4666666666666661,0.14408333333333334,0.1244791666666667,0.1713541666666667,0.5059166666666668,0.6500000000000002
10,128,2.0,0.3,0.3,0.9,0.5,1000,1.0,0.5333333333333328,0.9999999999999989,0.4666666666666661,0.23163715277777777,0.18784722222222222,0.278125,0.4183628472222223,0.6500000000000002
10,512,0.0,0.0,0.0,0.5,0.5,1000,0.0,0.5388888888888888,0.5888888888888888,0.050000000000000044,0.049850694444444385,0.027647569444444353,0.07366536458333321,0.5878172743055555,0.5379665798611111
10,512,0.5,0.0,0.0,0.5,0.5,1000,0.0,0.5388888888888888,0.5888888888888888,0.050000000000000044,0.06314409722222226,0.03960503472222223,0.0867296006944444,0.5301601562499999,0.5933042534722222
10,512,1.0,0.0,0.0,0.5,0.5,1000,0.0,0.5388888888888888,0.5888888888888888,0.050000000000000044,0.18177799479166667,0.1600694444444445,0.20348307291666665,0.45020334201388884,0.6319813368055556
10,512,2.0,0.0,0.0,0.5,0.5,1000,0.0,0.5388888888888888,0.5888888888888888,0.050000000000000044,0.35115538194444446,0.33735894097222224,0.36514756944444443,0.29884461805555557,0.6500000000000002
10,512,0.0,0.1,0.1,0.5,0.5,1000,0.2,0.5333333333333331,0.6533333333333332,0.1200000000000001,0.011063671875000009,0.0009982638888890172,0.027050781250000072,0.5455217013888889,0.5512749565972221
10,512,0.5,0.1,0.1,0.5,0.5,1000,0.2,0.5333333333333331,0.6533333333333332,0.1200000000000001,0.10532834201388891,0.08585069444444449,0.12556423611111112,0.49546484375,0.600793185763889
10,512,1.0,0.1,0.1,0.5,0.5,1000,0.2,0.5333333333333331,0.6533333333333332,0.1200000000000001,0.20778493923611116,0.1887044270833333,0.2262586805555556,0.425806640625,0.633591579861111
10,512,2.0,0.1,0.1,0.5,0.5,1000,0.2,0.5333333333333331,0.6533333333333332,0.1200000000000001,0.3568448350694445,0.3430121527777778,0.3694878472222222,0.29315516493055555,0.6500000000000002
10,512,0.0,0.2,0.2,0.5,0.5,1000,0.4,0.47777777777777763,0.7566666666666665,0.27888888888888885,0.06129427083333337,0.043532986111111116,0.08108723958333344,0.5046254340277777,0.5659197048611111
10,512,0.5,0.2,0.2,0.5,0.5,1000,0.4,0.47777777777777763,0.7566666666666665,0.27888888888888885,0.14650716145833334,0.1288194444444445,0.16378038194444441,0.46096006944444445,0.6074672309027779
10,512,1.0,0.2,0.2,0.5,0.5,1000,0.4,0.47777777777777763,0.7566666666666665,0.27888888888888885,0.23422265625000002,0.2180121527777779,0.2516493055555556,0.40112326388888886,0.6353459201388889
10,512,2.0,0.2,0.2,0.5,0.5,1000,0.4,0.47777777777777763,0.7566666666666665,0.27888888888888885,0.3637398003472223,0.35147569444444443,0.3749131944444445,0.28626019965277777,0.6500000000000002
10,512,0.0,0.3,0.3,0.5,0.5,1000,0.6,0.4222222222222221,0.8488888888888887,0.4266666666666666,0.11657703993055556,0.10016276041666657,0.13294270833333333,0.4619963107638889,0.5785733506944446
10,512,0.5,0.3,0.3,0.5,0.5,1000,0.6,0.4222222222222221,0.8488888888888887,0.4266666666666666,0.1882751736111111,0.17241753472222218,0.20435112847222228,0.4252189670138889,0.613494140625
10,512,1.0,0.3,0.3,0.5,0.5,1000,0.6,0.4222222222222221,0.8488888888888887,0.4266666666666666,0.2604259982638889,0.24427083333333333,0.2757486979166668,0.3767560763888889,0.6371820746527779
10,512,2.0,0.3,0.3,0.5,0.5,1000,0.6,0.4222222222222221,0.8488888888888887,0.4266666666666666,0.37060069444444443,0.3592881944444445,0.38100043402777783,0.27939930555555553,0.6500000000000002
10,512,0.0,0.0,0.0,0.75,0.5,1000,0.0,0.6055555555555553,0.6555555555555552,0.04999999999999993,0.05015364583333326,0.03437499999999982,0.06649305555555551,0.6557148437499999,0.6055611979166667
10,512,0.5,0.0,0.0,0.75,0.5,1000,0.0,0.6055555555555553,0.6555555555555552,0.04999999999999993,0.018434288194444523,0.0033854166666668073,0.034635416666666696,0.6203550347222222,0.63850390625
10,512,1.0,0.0,0.0,0.75,0.5,1000,0.0,0.6055555555555553,0.6555555555555552,0.04999999999999993,0.09342404513888894,0.0732638888888889,0.11365017361111114,0.5565759548611111,0.6500000000000002
10,512,2.0,0.0,0.0,0.75,0.5,1000,0.0,0.6055555555555553,0.6555555555555552,0.04999999999999993,0.2750594618055556,0.25078125,0.2972222222222222,0.37494053819444445,0.6500000000000002
10,512,0.0,0.1,0.1,0.75,0.5,1000,0.4,0.5999999999999996,0.7788888888888885,0.17888888888888888,0.009202690972222252,0.0007812500000000611,0.022048611111111116,0.6074188368055554,0.6130963541666667
10,512,0.5,0.1,0.1,0.75,0.5,1000,0.4,0.5999999999999996,0.7788888888888885,0.17888888888888888,0.06535156250000007,0.04852430555555565,0.08281249999999996,0.5762591145833332,0.6416106770833333
10,512,1.0,0.1,0.1,0.75,0.5,1000,0.4,0.5999999999999996,0.7788888888888885,0.17888888888888888,0.12888194444444448,0.11145833333333344,0.14661458333333333,0.5211180555555555,0.6500000000000002
10,512,2.0,0.1,0.1,0.75,0.5,1000,0.4,0.5999999999999996,0.7788888888888885,0.17888888888888888,0.2863328993055556,0.2659722222222223,0.30633680555555565,0.36366710069444447,0.6500000000000002
10,512,0.0,0.2,0.2,0.75,0.5,1000,0.8,0.5444444444444442,0.9299999999999997,0.38555555555555554,0.06145138888888896,0.04809027777777786,0.07456597222222217,0.55916015625,0.6206115451388889
10,512,0.5,0.2,0.2,0.75,0.5,1000,0.8,0.5444444444444442,0.9299999999999997,0.38555555555555554,0.11296050347222227,0.09930555555555565,0.12751736111111112,0.5320989583333333,0.6450594618055556
10,512,1.0,0.2,0.2,0.75,0.5,1000,0.8,0.5444444444444442,0.9299999999999997,0.38555555555555554,0.1648428819444445,0.1483506944444445,0.18220486111111112,0.48515711805555556,0.6500000000000002
10,512,2.0,0.2,0.2,0.75,0.5,1000,0.8,0.5444444444444442,0.9299999999999997,0.38555555555555554,0.29797786458333336,0.2802734375,0.3158854166666667,0.3520221354166666,0.6500000000000002
10,512,0.0,0.3,0.3,0.75,0.5,1000,1.0,0.4888888888888887,0.9999999999999996,0.5111111111111108,0.11638932291666666,0.10711805555555565,0.12534722222222228,0.5095967881944444,0.6259861111111111
10,512,0.5,0.3,0.3,0.75,0.5,1000,1.0,0.4888888888888887,0.9999999999999996,0.5111111111111108,0.16202907986111112,0.1500868055555556,0.17309027777777775,0.48627647569444443,0.6483055555555557
10,512,1.0,0.3,0.3,0.75,0.5,1000,1.0,0.4888888888888887,0.9999999999999996,0.5111111111111108,0.2010859375,0.1869791666666667,0.2147569444444445,0.4489140625,0.6500000000000002
10,512,2.0,0.3,0.3,0.75,0.5,1000,1.0,0.4888888888888887,0.9999999999999996,0.5111111111111108,0.31109071180555553,0.29548611111111117,0.3263020833333334,0.33890928819444444,0.6500000000000002
10,512,0.0,0.0,0.0,0.9,0.5,1000,0.0,0.6499999999999994,0.6999999999999991,0.04999999999999971,0.05005425347222214,0.038064236111111094,0.06106770833333319,0.6970642361111111,0.6470099826388889
10,512,0.5,0.0,0.0,0.9,0.5,1000,0.0,0.6499999999999994,0.6999999999999991,0.04999999999999971,0.029412760416666607,0.019401041666666674,0.038932291666666674,0.6794127604166667,0.6500000000000002
10,512,1.0,0.0,0.0,0.9,0.5,1000,0.0,0.6499999999999994,0.6999999999999991,0.04999999999999971,0.008933072916666682,0.0007378472222220323,0.023350694444444486,0.6463606770833333,0.6500000000000002
10,512,2.0,0.0,0.0,0.9,0.5,1000,0.0,0.6499999999999994,0.6999999999999991,0.04999999999999971,0.16176866319444447,0.12702907986111112,0.1957031249999999,0.4882313368055555,0.6500000000000002
10,512,0.0,0.1,0.1,0.9,0.5,1000,1.0,0.6444444444444436,0.9999999999999989,0.3555555555555553,0.0059536024305555536,0.002083333333333326,0.011197916666666696,0.6435023871527779,0.6490703125000001
10,512,0.5,0.1,0.1,0.9,0.5,1000,1.0,0.6444444444444436,0.9999999999999989,0.3555555555555553,0.0218276909722223,0.011197916666666696,0.03181423611111123,0.6281723090277778,0.6500000000000002
10,512,1.0,0.1,0.1,0.9,0.5,1000,1.0,0.6444444444444436,0.9999999999999989,0.3555555555555553,0.04887109375000008,0.03289930555555576,0.06566840277777786,0.6011289062499999,0.6500000000000002
10,512,2.0,0.1,0.1,0.9,0.5,1000,1.0,0.6444444444444436,0.9999999999999989,0.3555555555555553,0.1820622829861111,0.15095486111111117,0.21089409722222222,0.4679377170138889,0.6500000000000002
10,512,0.0,0.2,0.2,0.9,0.5,1000,1.0,0.5888888888888881,0.9999999999999989,0.41111111111111076,0.06113671875000011,0.06111111111111123,0.06132812500000007,0.5887454427083332,0.6498821614583334
10,512,0.5,0.2,0.2,0.9,0.5,1000,1.0,0.5888888888888881,0.9999999999999989,0.41111111111111076,0.07189257812500008,0.06111111111111123,0.08194444444444449,0.578107421875,0.6500000000000002
10,512,1.0,0.2,0.2,0.9,0.5,1000,1.0,0.5888888888888881,0.9999999999999989,0.41111111111111076,0.09461892361111117,0.08215060763888898,0.11145833333333333,0.5553810763888889,0.6500000000000002
10,512,2.0,0.2,0.2,0.9,0.5,1000,1.0,0.5888888888888881,0.9999999999999989,0.41111111111111076,0.2040963541666667,0.17808159722222222,0.2315212673611111,0.44590364583333336,0.6500000000000002
10,512,0.0,0.3,0.3,0.9,0.5,1000,1.0,0.5333333333333328,0.9999999999999989,0.4666666666666661,0.11667339409722226,0.1166666666666667,0.1166666666666667,0.5333266059027777,0.6500000000000002
10,512,0.5,0.3,0.3,0.9,0.5,1000,1.0,0.5333333333333328,0.9999999999999989,0.4666666666666661,0.12174240451388892,0.1166666666666667,0.13207465277777775,0.5282575954861111,0.6500000000000002
10,512,1.0,0.3,0.3,0.9,0.5,1000,1.0,0.5333333333333328,0.9999999999999989,0.4666666666666661,0.14186870659722223,0.13207465277777775,0.15269097222222228,0.5081312934027779,0.6500000000000002
10,512,2.0,0.3,0.3,0.9,0.5,1000,1.0,0.5333333333333328,0.9999999999999989,0.4666666666666661,0.22910026041666662,0.2062934027777778,0.25322265624999996,0.4208997395833334,0.6500000000000002
10,2048,0.0,0.0,0.0,0.5,0.5,1000,0.0,0.5388888888888888,0.5888888888888888,0.050000000000000044,0.049424316406249946,0.038161892361111074,0.061555989583333304,0.5880494249131943,0.5386251085069444
10,2048,0.5,0.0,0.0,0.5,0.5,1000,0.0,0.5388888888888888,0.5888888888888888,0.050000000000000044,0.06385031467013891,0.05199381510416664,0.07603081597222217,0.5299885525173611,0.5938388671875
10,2048,1.0,0.0,0.0,0.5,0.5,1000,0.0,0.5388888888888888,0.5888888888888888,0.050000000000000044,0.18175786675347222,0.17091471354166662,0.19229871961805564,0.4505609809027778,0.63231884765625
10,2048,2.0,0.0,0.0,0.5,0.5,1000,0.0,0.5388888888888888,0.5888888888888888,0.050000000000000044,0.35124793836805557,0.3444688585069445,0.35831434461805556,0.29875206163194445,0.6500000000000002
10,2048,0.0,0.1,0.1,0.5,0.5,1000,0.2,0.5333333333333331,0.6533333333333332,0.1200000000000001,0.0071659830729167,0.00045572916666680177,0.016514756944444382,0.5455880533854166,0.5513623046875
10,2048,0.5,0.1,0.1,0.5,0.5,1000,0.2,0.5333333333333331,0.6533333333333332,0.1200000000000001,0.1048436957465278,0.09458550347222228,0.11504177517361118,0.49616921657986107,0.6010129123263889
10,2048,1.0,0.1,0.1,0.5,0.5,1000,0.2,0.5333333333333331,0.6533333333333332,0.1200000000000001,0.20754329427083337,0.19782986111111112,0.2170979817708334,0.42614344618055555,0.633686740451389
10,2048,2.0,0.1,0.1,0.5,0.5,1000,0.2,0.5333333333333331,0.6533333333333332,0.1200000000000001,0.35693565538194444,0.3504448784722223,0.3631456163194444,0.29306434461805553,0.6500000000000002
10,2048,0.0,0.2,0.2,0.5,0.5,1000,0.4,0.47777777777777763,0.7566666666666665,0.27888888888888885,0.060803873697916705,0.05198838975694442,0.06936035156250012,0.5052439778645833,0.5660478515625
10,2048,0.5,0.2,0.2,0.5,0.5,1000,0.4,0.47777777777777763,0.7566666666666665,0.27888888888888885,0.14669184027777776,0.1372802734374999,0.15605468749999996,0.46100260416666666,0.6076944444444445
10,2048,1.0,0.2,0.2,0.5,0.5,1000,0.4,0.47777777777777763,0.7566666666666665,0.27888888888888885,0.23399837239583335,0.2251057942708333,0.2427571614583333,0.4013054470486111,0.6353038194444445
10,2048,2.0,0.2,0.2,0.5,0.5,1000,0.4,0.47777777777777763,0.7566666666666665,0.27888888888888885,0.36357199435763893,0.35771484375000007,0.36943359375000007,0.2864280056423611,0.6500000000000002
10,2048,0.0,0.3,0.3,0.5,0.5,1000,0.6,0.4222222222222221,0.8488888888888887,0.4266666666666666,0.11672081163194445,0.10852864583333327,0.12550998263888885,0.46183127170138893,0.5785520833333333
10,2048,0.5,0.3,0.3,0.5,0.5,1000,0.6,0.4222222222222221,0.8488888888888887,0.4266666666666666,0.18842366536458333,0.18063151041666675,0.19690755208333321,0.42531868489583335,0.6137423502604167
10,2048,1.0,0.3,0.3,0.5,0.5,1000,0.6,0.4222222222222221,0.8488888888888887,0.4266666666666666,0.26118505859375,0.2534912109375,0.2690104166666667,0.37610400390625,0.6372890625
10,2048,2.0,0.3,0.3,0.5,0.5,1000,0.6,0.4222222222222221,0.8488888888888887,0.4266666666666666,0.3704655490451389,0.3654161241319444,0.37540147569444443,0.27953445095486107,0.6500000000000002
10,2048,0.0,0.0,0.0,0.75,0.5,1000,0.0,0.6055555555555553,0.6555555555555552,0.04999999999999993,0.05011284722222215,0.04185655381944435,0.05846354166666656,0.6555360243055555,0.6054231770833334
10,2048,0.5,0.0,0.0,0.75,0.5,1000,0.0,0.6055555555555553,0.6555555555555552,0.04999999999999993,0.018443858506944525,0.00989040798611121,0.026497395833333444,0.6203274739583332,0.6387689887152779
10,2048,1.0,0.0,0.0,0.75,0.5,1000,0.0,0.6055555555555553,0.6555555555555552,0.04999999999999993,0.09336794704861118,0.08292100694444449,0.10332573784722228,0.5566320529513888,0.6500000000000002
10,2048,2.0,0.0,0.0,0.75,0.5,1000,0.0,0.6055555555555553,0.6555555555555552,0.04999999999999993,0.27564952256944447,0.264453125,0.2869194878472222,0.37435047743055555,0.6500000000000002
10,2048,0.0,0.1,0.1,0.75,0.5,1000,0.4,0.5999999999999996,0.7788888888888885,0.17888888888888888,0.006223546006944501,0.0005175781249998736,0.014019097222222276,0.6075529513888888,0.6130461154513889
10,2048,0.5,0.1,0.1,0.75,0.5,1000,0.4,0.5999999999999996,0.7788888888888885,0.17888888888888888,0.06546527777777786,0.05644531250000017,0.07402343750000007,0.5762524956597221,0.6417177734375
10,2048,1.0,0.1,0.1,0.75,0.5,1000,0.4,0.5999999999999996,0.7788888888888885,0.17888888888888888,0.1278858506944445,0.11894531250000007,0.1361979166666667,0.5221141493055554,0.6500000000000002
10,2048,2.0,0.1,0.1,0.75,0.5,1000,0.4,0.5999999999999996,0.7788888888888885,0.17888888888888888,0.2864571397569445,0.275949435763889,0.29646809895833337,0.36354286024305554,0.6500000000000002
10,2048,0.0,0.2,0.2,0.75,0.5,1000,0.8,0.5444444444444442,0.9299999999999997,0.38555555555555554,0.06123394097222228,0.05425889756944446,0.06773546006944449,0.5601774088541667,0.6214113498263889
10,2048,0.5,0.2,0.2,0.75,0.5,1000,0.8,0.5444444444444442,0.9299999999999997,0.38555555555555554,0.11244954427083337,0.10516493055555565,0.11960177951388902,0.5327894965277777,0.645239040798611
10,2048,1.0,0.2,0.2,0.75,0.5,1000,0.8,0.5444444444444442,0.9299999999999997,0.38555555555555554,0.16385253906250005,0.15475260416666675,0.17255316840277787,0.4861474609375,0.6500000000000002
10,2048,2.0,0.2,0.2,0.75,0.5,1000,0.8,0.5444444444444442,0.9299999999999997,0.38555555555555554,0.2981150173611111,0.2890787760416667,0.3072048611111111,0.3518849826388889,0.6500000000000002
10,2048,0.0,0.3,0.3,0.75,0.5,1000,1.0,0.4888888888888887,0.9999999999999996,0.5111111111111108,0.11662033420138888,0.11232638888888902,0.12100694444444449,0.5095852864583333,0.6262056206597223
10,2048,0.5,0.3,0.3,0.75,0.5,1000,1.0,0.4888888888888887,0.9999999999999996,0.5111111111111108,0.16235384114583337,0.15648871527777786,0.16820746527777775,0.48668793402777777,0.6490417751736112
10,2048,1.0,0.3,0.3,0.75,0.5,1000,1.0,0.4888888888888887,0.9999999999999996,0.5111111111111108,0.20073296440972227,0.19413519965277778,0.2072699652777778,0.4492670355902778,0.6500000000000002
10,2048,2.0,0.3,0.3,0.75,0.5,1000,1.0,0.4888888888888887,0.9999999999999996,0.5111111111111108,0.31040375434027784,0.3024305555555556,0.31816406250000007,0.33959624565972224,0.6500000000000002
10,2048,0.0,0.0,0.0,0.9,0.5,1000,0.0,0.6499999999999994,0.6999999999999991,0.04999999999999971,0.050046820746527707,0.04457465277777772,0.05564236111111098,0.6985115559895833,0.6484647352430557
10,2048,0.5,0.0,0.0,0.9,0.5,1000,0.0,0.6499999999999994,0.6999999999999991,0.04999999999999971,0.029601508246527707,0.024826388888888773,0.03486328124999993,0.6796015082465279,0.6500000000000002
10,2048,1.0,0.0,0.0,0.9,0.5,1000,0.0,0.6499999999999994,0.6999999999999991,0.04999999999999971,0.00416280381944447,0.0003472222222222765,0.010112847222222276,0.6480002170138888,0.6500000000000002
10,2048,2.0,0.0,0.0,0.9,0.5,1000,0.0,0.6499999999999994,0.6999999999999991,0.04999999999999971,0.1612494032118056,0.14281684027777786,0.1794379340277778,0.48875059678819444,0.6500000000000002
10,2048,0.0,0.1,0.1,0.9,0.5,1000,1.0,0.6444444444444436,0.9999999999999989,0.3555555555555553,0.005572439236111097,0.005555555555555536,0.005772569444444597,0.6443717447916667,0.6499440104166667
10,2048,0.5,0.1,0.1,0.9,0.5,1000,1.0,0.6444444444444436,0.9999999999999989,0.3555555555555553,0.021754828559027863,0.016623263888889017,0.026931423611111227,0.6282451714409721,0.6500000000000002
10,2048,1.0,0.1,0.1,0.9,0.5,1000,1.0,0.6444444444444436,0.9999999999999989,0.3555555555555553,0.048498860677083415,0.040440538194444486,0.05644531250000007,0.6015011393229165,0.6500000000000002
10,2048,2.0,0.1,0.1,0.9,0.5,1000,1.0,0.6444444444444436,0.9999999999999989,0.3555555555555553,0.18201822916666668,0.16694607204861114,0.1967990451388889,0.4679817708333333,0.6500000000000002
10,2048,0.0,0.2,0.2,0.9,0.5,1000,1.0,0.5888888888888881,0.9999999999999989,0.41111111111111076,0.061111328125000114,0.06111111111111123,0.06111111111111123,0.5888886718749998,0.6500000000000002
10,2048,0.5,0.2,0.2,0.9,0.5,1000,1.0,0.5888888888888881,0.9999999999999989,0.41111111111111076,0.07170610894097232,0.06648220486111123,0.0770616319444446,0.5782938910590278,0.6500000000000002
10,2048,1.0,0.2,0.2,0.9,0.5,1000,1.0,0.5888888888888881,0.9999999999999989,0.41111111111111076,0.0930975477430556,0.08709852430555565,0.10087890625000007,0.5569024522569443,0.6500000000000002
10,2048,2.0,0.2,0.2,0.9,0.5,1000,1.0,0.5888888888888881,0.9999999999999989,0.41111111111111076,0.20374224175347225,0.19081759982638888,0.2163302951388889,0.44625775824652775,0.6500000000000002
10,2048,0.0,0.3,0.3,0.9,0.5,1000,1.0,0.5333333333333328,0.9999999999999989,0.4666666666666661,0.11666666666666668,0.1166666666666667,0.1166666666666667,0.5333333333333332,0.6500000000000002
10,2048,0.5,0.3,0.3,0.9,0.5,1000,1.0,0.5333333333333328,0.9999999999999989,0.4666666666666661,0.12028895399305557,0.1166666666666667,0.12610677083333333,0.5297110460069444,0.6500000000000002
10,2048,1.0,0.3,0.3,0.9,0.5,1000,1.0,0.5333333333333328,0.9999999999999989,0.4666666666666661,0.14160405815972224,0.1372287326388889,0.14618055555555554,0.5083959418402778,0.6500000000000002
10,2048,2.0,0.3,0.3,0.9,0.5,1000,1.0,0.5333333333333328,0.9999999999999989,0.4666666666666661,0.22694216579861112,0.2157877604166667,0.23933376736111106,0.4230578342013889,0.6500000000000002
10,8192,0.0,0.0,0.0,0.5,0.5,1000,0.0,0.5388888888888888,0.5888888888888888,0.050000000000000044,0.04998997667100689,0.04431559244791659,0.05580647786458328,0.5886390245225693,0.5386490478515625
10,8192,0.5,0.0,0.0,0.5,0.5,1000,0.0,0.5388888888888888,0.5888888888888888,0.050000000000000044,0.06414039442274308,0.057990858289930544,0.07006361219618074,0.5297524685329861,0.5938928629557293
10,8192,1.0,0.0,0.0,0.5,0.5,1000,0.0,0.5388888888888888,0.5888888888888888,0.050000000000000044,0.18180592176649307,0.17639634874131943,0.18733181423611112,0.45056732855902776,0.6323732503255208
10,8192,2.0,0.0,0.0,0.5,0.5,1000,0.0,0.5388888888888888,0.5888888888888888,0.050000000000000044,0.35107271321614586,0.34763658311631945,0.3544345431857639,0.2989272867838541,0.6500000000000002
10,8192,0.0,0.1,0.1,0.5,0.5,1000,0.2,0.5333333333333331,0.6533333333333332,0.1200000000000001,0.005683021375868101,0.000808376736111116,0.010617404513888965,0.5456410183376735,0.5512282443576388
10,8192,0.5,0.1,0.1,0.5,0.5,1000,0.2,0.5333333333333331,0.6533333333333332,0.1200000000000001,0.10514122178819446,0.09979383680555559,0.11041463216145837,0.4960713433159722,0.6012125651041668
10,8192,1.0,0.1,0.1,0.5,0.5,1000,0.2,0.5333333333333331,0.6533333333333332,0.1200000000000001,0.2076146240234375,0.20276624891493056,0.21246541341145825,0.4260798068576389,0.6336944308810765
10,8192,2.0,0.1,0.1,0.5,0.5,1000,0.2,0.5333333333333331,0.6533333333333332,0.1200000000000001,0.35686821831597226,0.3538350423177083,0.35991278754340283,0.29313178168402776,0.6500000000000002
10,8192,0.0,0.2,0.2,0.5,0.5,1000,0.4,0.47777777777777763,0.7566666666666665,0.27888888888888885,0.060951727973090314,0.05628187391493056,0.06564331054687492,0.505420166015625,0.5663718939887153
10,8192,0.5,0.2,0.2,0.5,0.5,1000,0.4,0.47777777777777763,0.7566666666666665,0.27888888888888885,0.14671085611979168,0.14222819010416668,0.15111897786458336,0.4609955105251736,0.6077063666449654
10,8192,1.0,0.2,0.2,0.5,0.5,1000,0.4,0.47777777777777763,0.7566666666666665,0.27888888888888885,0.23388618977864584,0.2296169704861111,0.2382900661892361,0.401400146484375,0.6352863362630209
10,8192,2.0,0.2,0.2,0.5,0.5,1000,0.4,0.47777777777777763,0.7566666666666665,0.27888888888888885,0.36332774522569444,0.3602912055121528,0.36634182400173615,0.2866722547743055,0.6500000000000002
10,8192,0.0,0.3,0.3,0.5,0.5,1000,0.6,0.4222222222222221,0.8488888888888887,0.4266666666666666,0.11673467339409722,0.1126091851128472,0.1208713107638889,0.461865736219618,0.5786004096137153
10,8192,0.5,0.3,0.3,0.5,0.5,1000,0.6,0.4222222222222221,0.8488888888888887,0.4266666666666666,0.1883405490451389,0.18425089518229174,0.19228447808159724,0.42541974555121526,0.6137602945963543
10,8192,1.0,0.3,0.3,0.5,0.5,1000,0.6,0.4222222222222221,0.8488888888888887,0.4266666666666666,0.26108246527777784,0.25711534288194443,0.26477932400173615,0.37619186740451394,0.6372743326822917
10,8192,2.0,0.3,0.3,0.5,0.5,1000,0.6,0.4222222222222221,0.8488888888888887,0.4266666666666666,0.37051833767361114,0.36783311631944443,0.3732991536458333,0.27948166232638894,0.6500000000000002
10,8192,0.0,0.0,0.0,0.75,0.5,1000,0.0,0.6055555555555553,0.6555555555555552,0.04999999999999993,0.05003615993923604,0.04579399956597217,0.05388047960069433,0.655566433376736,0.6055302734375
10,8192,0.5,0.0,0.0,0.75,0.5,1000,0.0,0.6055555555555553,0.6555555555555552,0.04999999999999993,0.01807115342881952,0.013856336805555647,0.022049967447916777,0.6205789116753472,0.6386500651041668
10,8192,1.0,0.0,0.0,0.75,0.5,1000,0.0,0.6055555555555553,0.6555555555555552,0.04999999999999993,0.09318286132812506,0.0881564670138889,0.0983303493923612,0.556817138671875,0.6500000000000002
10,8192,2.0,0.0,0.0,0.75,0.5,1000,0.0,0.6055555555555553,0.6555555555555552,0.04999999999999993,0.27544816080729173,0.27006835937500007,0.28094618055555554,0.37455183919270835,0.6500000000000002
10,8192,0.0,0.1,0.1,0.75,0.5,1000,0.4,0.5999999999999996,0.7788888888888885,0.17888888888888888,0.00558307291666674,0.0015679253472222765,0.009842936197916778,0.6074350857204861,0.6129887966579861
10,8192,0.5,0.1,0.1,0.75,0.5,1000,0.4,0.5999999999999996,0.7788888888888885,0.17888888888888888,0.06548204210069451,0.06111111111111123,0.06971028645833344,0.5761974283854167,0.6416794704861111
10,8192,1.0,0.1,0.1,0.75,0.5,1000,0.4,0.5999999999999996,0.7788888888888885,0.17888888888888888,0.12781401909722226,0.12341986762152778,0.13202039930555565,0.5221859809027777,0.6500000000000002
10,8192,2.0,0.1,0.1,0.75,0.5,1000,0.4,0.5999999999999996,0.7788888888888885,0.17888888888888888,0.2864918619791667,0.28151584201388896,0.29144829644097225,0.3635081380208333,0.6500000000000002
10,8192,0.0,0.2,0.2,0.75,0.5,1000,0.8,0.5444444444444442,0.9299999999999997,0.38555555555555554,0.06105533854166674,0.057557508680555536,0.06423068576388902,0.560708984375,0.6217643229166667
10,8192,0.5,0.2,0.2,0.75,0.5,1000,0.8,0.5444444444444442,0.9299999999999997,0.38555555555555554,0.11231510416666671,0.10912543402777786,0.11536458333333333,0.5329542371961805,0.6452693413628473
10,8192,1.0,0.2,0.2,0.75,0.5,1000,0.8,0.5444444444444442,0.9299999999999997,0.38555555555555554,0.1638292643229167,0.15914577907986113,0.16848280164930557,0.48617073567708335,0.6500000000000002
10,8192,2.0,0.2,0.2,0.75,0.5,1000,0.8,0.5444444444444442,0.9299999999999997,0.38555555555555554,0.297978271484375,0.29339599609375,0.30256754557291665,0.352021728515625,0.6500000000000002
10,8192,0.0,0.3,0.3,0.75,0.5,1000,1.0,0.4888888888888887,0.9999999999999996,0.5111111111111108,0.11663636610243056,0.11449652777777775,0.11883680555555542,0.5095473361545139,0.6261837022569444
10,8192,0.5,0.3,0.3,0.75,0.5,1000,1.0,0.4888888888888887,0.9999999999999996,0.5111111111111108,0.16279378255208335,0.15963406032986113,0.16568739149305559,0.48665806749131946,0.6494518500434028
10,8192,1.0,0.3,0.3,0.75,0.5,1000,1.0,0.4888888888888887,0.9999999999999996,0.5111111111111108,0.20082896592881946,0.19777425130208334,0.20407036675347226,0.44917103407118053,0.6500000000000002
10,8192,2.0,0.3,0.3,0.75,0.5,1000,1.0,0.4888888888888887,0.9999999999999996,0.5111111111111108,0.3108534613715278,0.3069864908854167,0.31463758680555554,0.3391465386284722,0.6500000000000002
10,8192,0.0,0.0,0.0,0.9,0.5,1000,0.0,0.6499999999999994,0.6999999999999991,0.04999999999999971,0.04998569064670131,0.04728664822048589,0.05259060329861098,0.6992768690321179,0.6492911783854167
10,8192,0.5,0.0,0.0,0.9,0.5,1000,0.0,0.6499999999999994,0.6999999999999991,0.04999999999999971,0.02941487630208326,0.027128770616319308,0.031947157118055514,0.6794148763020833,0.6500000000000002
10,8192,1.0,0.0,0.0,0.9,0.5,1000,0.0,0.6499999999999994,0.6999999999999991,0.04999999999999971,0.002589843750000043,0.00021158854166669627,0.006247287326389017,0.647940945095486,0.6500000000000002
10,8192,2.0,0.0,0.0,0.9,0.5,1000,0.0,0.6499999999999994,0.6999999999999991,0.04999999999999971,0.16101915147569446,0.15231119791666675,0.16967230902777775,0.48898084852430557,0.6500000000000002
10,8192,0.0,0.1,0.1,0.9,0.5,1000,1.0,0.6444444444444436,0.9999999999999989,0.3555555555555553,0.005554524739583314,0.005555555555555536,0.005555555555555536,0.6444444444444446,0.649998969184028
10,8192,0.5,0.1,0.1,0.9,0.5,1000,1.0,0.6444444444444436,0.9999999999999989,0.3555555555555553,0.021697116427951472,0.018861219618055647,0.024490017361111227,0.6283028835720486,0.6500000000000002
10,8192,1.0,0.1,0.1,0.9,0.5,1000,1.0,0.6444444444444436,0.9999999999999989,0.3555555555555553,0.04864122178819453,0.044170464409722276,0.053396945529513955,0.6013587782118054,0.6500000000000002
10,8192,2.0,0.1,0.1,0.9,0.5,1000,1.0,0.6444444444444436,0.9999999999999989,0.3555555555555553,0.18186448838975697,0.17420925564236114,0.18913913302951385,0.468135511610243,0.6500000000000002
10,8192,0.0,0.2,0.2,0.9,0.5,1000,1.0,0.5888888888888881,0.9999999999999989,0.41111111111111076,0.06111111111111123,0.06111111111111123,0.06111111111111123,0.5888888888888887,0.6500000000000002
10,8192,0.5,0.2,0.2,0.9,0.5,1000,1.0,0.5888888888888881,0.9999999999999989,0.41111111111111076,0.0717330593532987,0.06892361111111123,0.07455579969618059,0.5782669406467013,0.6500000000000002
10,8192,1.0,0.2,0.2,0.9,0.5,1000,1.0,0.5888888888888881,0.9999999999999989,0.41111111111111076,0.09235484483506952,0.08899739583333344,0.09674207899305565,0.5576451551649305,0.6500000000000002
10,8192,2.0,0.2,0.2,0.9,0.5,1000,1.0,0.5888888888888881,0.9999999999999989,0.41111111111111076,0.2037022976345486,0.1977450900607639,0.20954861111111117,0.4462977023654514,0.6500000000000002
10,8192,0.0,0.3,0.3,0.9,0.5,1000,1.0,0.5333333333333328,0.9999999999999989,0.4666666666666661,0.11666666666666668,0.1166666666666667,0.1166666666666667,0.5333333333333332,0.6500000000000002
10,8192,0.5,0.3,0.3,0.9,0.5,1000,1.0,0.5333333333333328,0.9999999999999989,0.4666666666666661,0.11999602593315974,0.1171549479166667,0.12285156249999996,0.5300039740668403,0.6500000000000002
10,8192,1.0,0.3,0.3,0.9,0.5,1000,1.0,0.5333333333333328,0.9999999999999989,0.4666666666666661,0.14163397894965277,0.13926323784722228,0.1440782335069445,0.5083660210503473,0.6500000000000002
10,8192,2.0,0.3,0.3,0.9,0.5,1000,1.0,0.5333333333333328,0.9999999999999989,0.4666666666666661,0.2264519992404514,0.22114189995659728,0.23234863281249996,0.42354800075954857,0.6500000000000002
