repetition,deployment_winner,empirical_winner,reversal,deployment_gap,empirical_gap,missing_domains,observed_tail,empirical_tail_weight
0,tail_favored,tail_favored,0,0.04999999999999993,0.0821637426900585,0,1,0.0625
1,tail_favored,tail_favored,0,0.04999999999999993,0.04965600275197779,0,1,0.09375
2,tail_favored,tail_favored,0,0.04999999999999993,0.09385964912280692,0,0,0.0
3,tail_favored,head_favored,1,0.04999999999999993,0.021799870045484115,0,1,0.125
4,tail_favored,head_favored,1,0.04999999999999993,0.005068226120857777,0,1,0.09375
5,tail_favored,head_favored,1,0.04999999999999993,0.0004901960784314818,0,1,0.125
6,tail_favored,tail_favored,0,0.04999999999999993,0.1568111455108358,0,1,0.21875
7,tail_favored,tail_favored,0,0.04999999999999993,0.03521630874572057,0,1,0.0625
8,tail_favored,head_favored,1,0.04999999999999993,0.03405954974582437,0,1,0.03125
9,tail_favored,tail_favored,0,0.04999999999999993,0.0006172839506173311,0,1,0.0625
10,tail_favored,head_favored,1,0.04999999999999993,0.11748366013071893,0,0,0.0
11,tail_favored,tail_favored,0,0.04999999999999993,0.00662768031189076,0,1,0.03125
12,tail_favored,tail_favored,0,0.04999999999999993,0.1401234567901234,0,1,0.0625
13,tail_favored,tail_favored,0,0.04999999999999993,0.09634502923976607,0,1,0.125
14,tail_favored,tail_favored,0,0.04999999999999993,0.07160493827160486,0,1,0.125
15,tail_favored,head_favored,1,0.04999999999999993,0.0562869592281357,0,1,0.0625
16,tail_favored,tail_favored,0,0.04999999999999993,0.037472766884531605,0,1,0.1875
17,tail_favored,head_favored,1,0.04999999999999993,0.02976827094474155,0,1,0.09375
18,tail_favored,head_favored,1,0.04999999999999993,0.03333333333333344,0,1,0.0625
19,tail_favored,head_favored,1,0.04999999999999993,0.07500000000000012,0,0,0.0
20,tail_favored,tail_favored,0,0.04999999999999993,0.03518518518518521,0,1,0.0625
21,tail_favored,tail_favored,0,0.04999999999999993,0.0888888888888888,0,1,0.09375
22,tail_favored,head_favored,1,0.04999999999999993,0.011231510147918788,0,1,0.03125
23,tail_favored,tail_favored,0,0.04999999999999993,0.15490196078431373,0,1,0.15625
24,tail_favored,head_favored,1,0.04999999999999993,0.046663226694186544,0,1,0.0625
25,tail_favored,tail_favored,0,0.04999999999999993,0.06977984176126595,0,1,0.0625
26,tail_favored,tail_favored,0,0.04999999999999993,0.07970885323826493,0,1,0.03125
27,tail_favored,tail_favored,0,0.04999999999999993,0.028921568627450878,0,1,0.125
28,tail_favored,head_favored,1,0.04999999999999993,0.039506172839506304,0,1,0.03125
29,tail_favored,tail_favored,0,0.04999999999999993,0.10392156862745094,0,1,0.25
30,tail_favored,head_favored,1,0.04999999999999993,0.024074074074074248,0,0,0.0
31,tail_favored,head_favored,1,0.04999999999999993,0.08076673164392467,0,1,0.03125
32,tail_favored,tail_favored,0,0.04999999999999993,0.13888888888888878,0,1,0.1875
33,tail_favored,head_favored,1,0.04999999999999993,0.05493827160493836,0,1,0.03125
34,tail_favored,head_favored,1,0.04999999999999993,0.09814814814814826,0,1,0.0625
35,tail_favored,tail_favored,0,0.04999999999999993,0.10194358445132429,0,1,0.125
36,tail_favored,tail_favored,0,0.04999999999999993,0.06797385620915031,0,1,0.09375
37,tail_favored,tail_favored,0,0.04999999999999993,0.08752436647173484,0,1,0.125
38,tail_favored,tail_favored,0,0.04999999999999993,0.040740740740740744,0,0,0.0
39,tail_favored,tail_favored,0,0.04999999999999993,0.08183885640025984,0,1,0.125
40,tail_favored,tail_favored,0,0.04999999999999993,0.10376868096166336,0,1,0.0625
41,tail_favored,tail_favored,0,0.04999999999999993,0.1148148148148147,0,1,0.15625
42,tail_favored,tail_favored,0,0.04999999999999993,0.036983360171765955,0,1,0.09375
43,tail_favored,head_favored,1,0.04999999999999993,0.04166666666666663,0,1,0.0625
44,tail_favored,tail_favored,0,0.04999999999999993,0.10862573099415196,0,1,0.1875
45,tail_favored,head_favored,1,0.04999999999999993,0.059114015976761136,0,0,0.0
46,tail_favored,head_favored,1,0.04999999999999993,0.05956312349501203,0,1,0.0625
47,tail_favored,tail_favored,0,0.04999999999999993,0.039680082559339414,0,1,0.09375
48,tail_favored,tail_favored,0,0.04999999999999993,0.0280319535221496,0,1,0.09375
49,tail_favored,tail_favored,0,0.04999999999999993,0.020588235294117574,0,1,0.125
50,tail_favored,head_favored,1,0.04999999999999993,0.007915758896151148,0,1,0.09375
51,tail_favored,tail_favored,0,0.04999999999999993,0.03888888888888886,0,1,0.15625
52,tail_favored,tail_favored,0,0.04999999999999993,0.08267973856209143,0,1,0.09375
53,tail_favored,tail_favored,0,0.04999999999999993,0.09320987654320972,0,1,0.09375
54,tail_favored,tail_favored,0,0.04999999999999993,0.06960784313725488,0,1,0.09375
55,tail_favored,tail_favored,0,0.04999999999999993,0.007172342621258987,0,1,0.0625
56,tail_favored,tail_favored,0,0.04999999999999993,0.026120857699804934,0,1,0.03125
57,tail_favored,tail_favored,0,0.04999999999999993,0.02839506172839501,0,1,0.125
58,tail_favored,tail_favored,0,0.04999999999999993,0.14412419938735715,0,0,0.0
59,tail_favored,tail_favored,0,0.04999999999999993,0.05944081336238194,0,1,0.09375
60,tail_favored,tail_favored,0,0.04999999999999993,0.029188166494668044,0,1,0.09375
61,tail_favored,tail_favored,0,0.04999999999999993,0.0654320987654321,0,1,0.125
62,tail_favored,tail_favored,0,0.04999999999999993,0.005182072829131745,0,1,0.15625
63,tail_favored,tail_favored,0,0.04999999999999993,0.15354317165462678,0,1,0.1875
64,tail_favored,tail_favored,0,0.04999999999999993,0.0021843825249397986,0,1,0.0625
65,tail_favored,tail_favored,0,0.04999999999999993,0.06461988304093558,0,1,0.09375
66,tail_favored,tail_favored,0,0.04999999999999993,0.026770630279402186,0,1,0.09375
67,tail_favored,tail_favored,0,0.04999999999999993,0.06820987654320976,0,1,0.15625
68,tail_favored,tail_favored,0,0.04999999999999993,0.10555555555555557,0,1,0.09375
69,tail_favored,tail_favored,0,0.04999999999999993,0.0778637770897832,0,1,0.0625
70,tail_favored,tail_favored,0,0.04999999999999993,0.0831699346405228,0,1,0.15625
71,tail_favored,tail_favored,0,0.04999999999999993,0.08415032679738554,0,1,0.125
72,tail_favored,tail_favored,0,0.04999999999999993,0.042063492063492025,0,1,0.09375
73,tail_favored,tail_favored,0,0.04999999999999993,0.11416504223521762,0,1,0.125
74,tail_favored,tail_favored,0,0.04999999999999993,0.023856209150326824,0,1,0.15625
75,tail_favored,tail_favored,0,0.04999999999999993,0.11844589687726936,0,1,0.125
76,tail_favored,tail_favored,0,0.04999999999999993,0.06699346405228751,0,1,0.15625
77,tail_favored,head_favored,1,0.04999999999999993,0.02189542483660134,0,1,0.09375
78,tail_favored,tail_favored,0,0.04999999999999993,0.012037037037037068,0,1,0.0625
79,tail_favored,head_favored,1,0.04999999999999993,0.07480547774665425,0,1,0.0625
80,tail_favored,tail_favored,0,0.04999999999999993,0.09117647058823525,0,1,0.125
81,tail_favored,head_favored,1,0.04999999999999993,0.021713870733478857,0,1,0.03125
82,tail_favored,tail_favored,0,0.04999999999999993,0.04413580246913562,0,1,0.03125
83,tail_favored,tail_favored,0,0.04999999999999993,0.08990368077055377,0,1,0.09375
84,tail_favored,tail_favored,0,0.04999999999999993,0.025308641975308466,0,1,0.03125
85,tail_favored,head_favored,1,0.04999999999999993,0.013562091503267926,0,1,0.09375
86,tail_favored,tail_favored,0,0.04999999999999993,0.14975920192638453,0,1,0.125
87,tail_favored,tail_favored,0,0.04999999999999993,0.08031953522149582,0,1,0.0625
88,tail_favored,tail_favored,0,0.04999999999999993,0.07033405954974581,0,1,0.03125
89,tail_favored,tail_favored,0,0.04999999999999993,0.06870007262164124,0,1,0.09375
90,tail_favored,tail_favored,0,0.04999999999999993,0.044964262508122244,0,1,0.09375
91,tail_favored,tail_favored,0,0.04999999999999993,0.020597790773229097,0,1,0.1875
92,tail_favored,head_favored,1,0.04999999999999993,0.012745098039215752,0,1,0.1875
93,tail_favored,tail_favored,0,0.04999999999999993,0.06575698505523064,0,1,0.125
94,tail_favored,head_favored,1,0.04999999999999993,0.05354317165462685,0,1,0.03125
95,tail_favored,tail_favored,0,0.04999999999999993,0.16781045751633983,0,1,0.15625
96,tail_favored,head_favored,1,0.04999999999999993,0.04779077322936964,0,1,0.0625
97,tail_favored,tail_favored,0,0.04999999999999993,0.04025341130604265,0,1,0.0625
98,tail_favored,head_favored,1,0.04999999999999993,0.01790123456790127,0,1,0.03125
99,tail_favored,tail_favored,0,0.04999999999999993,0.06459034792368112,0,1,0.09375
100,tail_favored,head_favored,1,0.04999999999999993,0.02253086419753092,0,1,0.09375
101,tail_favored,head_favored,1,0.04999999999999993,0.03627450980392144,0,1,0.09375
102,tail_favored,tail_favored,0,0.04999999999999993,0.1741830065359477,0,1,0.125
103,tail_favored,tail_favored,0,0.04999999999999993,0.012962962962963065,0,1,0.15625
104,tail_favored,tail_favored,0,0.04999999999999993,0.07500000000000007,0,1,0.09375
105,tail_favored,tail_favored,0,0.04999999999999993,0.09028589993502267,0,1,0.125
106,tail_favored,tail_favored,0,0.04999999999999993,0.0032085561497325887,0,1,0.03125
107,tail_favored,tail_favored,0,0.04999999999999993,0.07683178534571722,0,1,0.09375
108,tail_favored,head_favored,1,0.04999999999999993,0.005555555555555647,0,1,0.03125
109,tail_favored,tail_favored,0,0.04999999999999993,0.010268317853457054,0,1,0.0625
110,tail_favored,tail_favored,0,0.04999999999999993,0.10263157894736841,0,1,0.1875
111,tail_favored,tail_favored,0,0.04999999999999993,0.09012345679012329,0,1,0.125
112,tail_favored,tail_favored,0,0.04999999999999993,0.2536089798238135,0,1,0.1875
113,tail_favored,head_favored,1,0.04999999999999993,0.008187134502923965,0,1,0.09375
114,tail_favored,tail_favored,0,0.04999999999999993,0.10246913580246902,0,1,0.09375
115,tail_favored,tail_favored,0,0.04999999999999993,0.08783969728242169,0,1,0.1875
116,tail_favored,tail_favored,0,0.04999999999999993,0.05980392156862746,0,1,0.125
117,tail_favored,tail_favored,0,0.04999999999999993,0.014542483660130667,0,1,0.125
118,tail_favored,head_favored,1,0.04999999999999993,0.059324236517219076,0,1,0.09375
119,tail_favored,tail_favored,0,0.04999999999999993,0.004793028322440107,0,1,0.0625
120,tail_favored,tail_favored,0,0.04999999999999993,0.09012345679012335,0,1,0.09375
121,tail_favored,tail_favored,0,0.04999999999999993,0.03148148148148133,0,1,0.09375
122,tail_favored,tail_favored,0,0.04999999999999993,0.16695906432748542,0,1,0.21875
123,tail_favored,tail_favored,0,0.04999999999999993,0.09353476283300832,0,1,0.15625
124,tail_favored,tail_favored,0,0.04999999999999993,0.058771929824561475,0,1,0.0625
125,tail_favored,tail_favored,0,0.04999999999999993,0.015167548500881867,0,1,0.03125
126,tail_favored,tail_favored,0,0.04999999999999993,0.05060125060125048,0,1,0.09375
127,tail_favored,head_favored,1,0.04999999999999993,0.022984749455337794,0,1,0.15625
128,tail_favored,tail_favored,0,0.04999999999999993,0.11944444444444446,0,1,0.125
129,tail_favored,tail_favored,0,0.04999999999999993,0.007172342621258987,0,1,0.03125
130,tail_favored,head_favored,1,0.04999999999999993,0.05623781676413275,0,1,0.09375
131,tail_favored,tail_favored,0,0.04999999999999993,0.08525016244314476,0,1,0.125
132,tail_favored,tail_favored,0,0.04999999999999993,0.03302469135802466,0,1,0.0625
133,tail_favored,tail_favored,0,0.04999999999999993,0.09999999999999992,0,1,0.09375
134,tail_favored,tail_favored,0,0.04999999999999993,0.08801169590643282,0,1,0.15625
135,tail_favored,tail_favored,0,0.04999999999999993,0.07287581699346413,0,1,0.125
136,tail_favored,head_favored,1,0.04999999999999993,0.022751322751322745,0,1,0.125
137,tail_favored,tail_favored,0,0.04999999999999993,0.008242556281771951,0,1,0.125
138,tail_favored,tail_favored,0,0.04999999999999993,0.08912559175717061,0,1,0.1875
139,tail_favored,tail_favored,0,0.04999999999999993,0.07601410934744257,0,1,0.03125
140,tail_favored,tail_favored,0,0.04999999999999993,0.006790123456790198,0,1,0.0625
141,tail_favored,tail_favored,0,0.04999999999999993,0.13042328042328039,0,1,0.15625
142,tail_favored,tail_favored,0,0.04999999999999993,0.010784313725490158,0,1,0.125
143,tail_favored,head_favored,1,0.04999999999999993,0.018875893437296898,0,1,0.125
144,tail_favored,head_favored,1,0.04999999999999993,0.04689542483660136,0,1,0.09375
145,tail_favored,tail_favored,0,0.04999999999999993,0.16951447245564888,0,1,0.09375
146,tail_favored,tail_favored,0,0.04999999999999993,0.14803921568627437,0,1,0.25
147,tail_favored,tail_favored,0,0.04999999999999993,0.1926328502415457,0,1,0.21875
148,tail_favored,tail_favored,0,0.04999999999999993,0.01450617283950606,0,1,0.09375
149,tail_favored,tail_favored,0,0.04999999999999993,0.09637410519763451,0,1,0.1875
150,tail_favored,tail_favored,0,0.04999999999999993,0.15493827160493823,0,1,0.09375
151,tail_favored,tail_favored,0,0.04999999999999993,0.05220458553791896,0,1,0.0625
152,tail_favored,head_favored,1,0.04999999999999993,0.027342047930283275,0,1,0.03125
153,tail_favored,tail_favored,0,0.04999999999999993,0.03911630929174781,0,0,0.0
154,tail_favored,tail_favored,0,0.04999999999999993,0.00289148797920713,0,1,0.03125
155,tail_favored,head_favored,1,0.04999999999999993,0.0927875243664717,0,1,0.0625
156,tail_favored,head_favored,1,0.04999999999999993,0.06045751633986929,0,0,0.0
157,tail_favored,head_favored,1,0.04999999999999993,0.07058823529411762,0,1,0.09375
158,tail_favored,head_favored,1,0.04999999999999993,0.0838531513970111,0,1,0.0625
159,tail_favored,tail_favored,0,0.04999999999999993,0.1247702589807852,0,1,0.125
160,tail_favored,tail_favored,0,0.04999999999999993,0.07214960058097308,0,1,0.15625
161,tail_favored,tail_favored,0,0.04999999999999993,0.07486772486772475,0,1,0.09375
162,tail_favored,tail_favored,0,0.04999999999999993,0.06348039215686258,0,1,0.09375
163,tail_favored,tail_favored,0,0.04999999999999993,0.005815464587394348,0,1,0.03125
164,tail_favored,tail_favored,0,0.04999999999999993,0.033841684822076945,0,1,0.15625
165,tail_favored,head_favored,1,0.04999999999999993,0.009855521155830771,0,1,0.03125
166,tail_favored,head_favored,1,0.04999999999999993,0.0040404040404042885,0,1,0.1875
167,tail_favored,tail_favored,0,0.04999999999999993,0.16111111111111087,0,1,0.09375
168,tail_favored,head_favored,1,0.04999999999999993,0.03187134502924005,0,1,0.03125
169,tail_favored,tail_favored,0,0.04999999999999993,0.06450617283950599,0,1,0.15625
170,tail_favored,tail_favored,0,0.04999999999999993,0.06933073424301495,0,1,0.09375
171,tail_favored,tail_favored,0,0.04999999999999993,0.06478369125427941,0,1,0.03125
172,tail_favored,tail_favored,0,0.04999999999999993,0.14455667789001114,0,1,0.0625
173,tail_favored,tail_favored,0,0.04999999999999993,0.10847953216374268,0,1,0.09375
174,tail_favored,tail_favored,0,0.04999999999999993,0.006465237166991433,0,1,0.09375
175,tail_favored,tail_favored,0,0.04999999999999993,0.1546576879910212,0,1,0.125
176,tail_favored,tail_favored,0,0.04999999999999993,0.0303921568627451,0,1,0.09375
177,tail_favored,head_favored,1,0.04999999999999993,0.04861775651249345,0,1,0.03125
178,tail_favored,tail_favored,0,0.04999999999999993,0.0214482284141726,0,1,0.03125
179,tail_favored,tail_favored,0,0.04999999999999993,0.03692810457516349,0,1,0.09375
180,tail_favored,tail_favored,0,0.04999999999999993,0.15906432748537996,0,1,0.15625
181,tail_favored,tail_favored,0,0.04999999999999993,0.07253086419753074,0,1,0.15625
182,tail_favored,tail_favored,0,0.04999999999999993,0.10114638447971785,0,1,0.09375
183,tail_favored,tail_favored,0,0.04999999999999993,0.02113289760348591,0,1,0.09375
184,tail_favored,head_favored,1,0.04999999999999993,0.011111111111111072,0,1,0.0625
185,tail_favored,tail_favored,0,0.04999999999999993,0.016490299823633037,0,1,0.09375
186,tail_favored,tail_favored,0,0.04999999999999993,0.1440545808966861,0,1,0.15625
187,tail_favored,tail_favored,0,0.04999999999999993,0.08703703703703691,0,1,0.125
188,tail_favored,tail_favored,0,0.04999999999999993,0.015600275197798386,0,1,0.09375
189,tail_favored,tail_favored,0,0.04999999999999993,0.13135534915720676,0,1,0.03125
190,tail_favored,tail_favored,0,0.04999999999999993,0.03856990962254103,0,1,0.0625
191,tail_favored,head_favored,1,0.04999999999999993,0.029012345679012452,0,1,0.03125
192,tail_favored,tail_favored,0,0.04999999999999993,0.08955968352253169,0,1,0.125
193,tail_favored,tail_favored,0,0.04999999999999993,0.08957879448075506,0,1,0.03125
194,tail_favored,tail_favored,0,0.04999999999999993,0.08024691358024683,0,1,0.03125
195,tail_favored,tail_favored,0,0.04999999999999993,0.0699709513435004,0,1,0.0625
196,tail_favored,tail_favored,0,0.04999999999999993,0.060737628384687214,0,1,0.15625
197,tail_favored,tail_favored,0,0.04999999999999993,0.06444788441692473,0,1,0.0625
198,tail_favored,tail_favored,0,0.04999999999999993,0.15130718954248362,0,1,0.15625
199,tail_favored,tail_favored,0,0.04999999999999993,0.07940220922677055,0,1,0.125
200,tail_favored,tail_favored,0,0.04999999999999993,0.24296607531901648,0,1,0.3125
201,tail_favored,tail_favored,0,0.04999999999999993,0.09012345679012335,0,1,0.15625
202,tail_favored,tail_favored,0,0.04999999999999993,0.048366013071895364,0,1,0.15625
203,tail_favored,tail_favored,0,0.04999999999999993,0.05889615105301382,0,1,0.1875
204,tail_favored,tail_favored,0,0.04999999999999993,0.09722222222222221,0,1,0.125
205,tail_favored,tail_favored,0,0.04999999999999993,0.07030539311241057,0,1,0.15625
206,tail_favored,head_favored,1,0.04999999999999993,0.03427932576539383,0,1,0.125
207,tail_favored,tail_favored,0,0.04999999999999993,0.03291740938799759,0,1,0.15625
208,tail_favored,tail_favored,0,0.04999999999999993,0.014224286205710368,0,1,0.125
209,tail_favored,tail_favored,0,0.04999999999999993,0.05925925925925912,0,1,0.09375
210,tail_favored,tail_favored,0,0.04999999999999993,0.20417331206804873,0,1,0.1875
211,tail_favored,tail_favored,0,0.04999999999999993,0.1309409888357257,0,1,0.09375
212,tail_favored,head_favored,1,0.04999999999999993,0.06470588235294117,0,1,0.15625
213,tail_favored,tail_favored,0,0.04999999999999993,0.008333333333333304,0,1,0.09375
214,tail_favored,tail_favored,0,0.04999999999999993,0.06431683784624964,0,1,0.0625
215,tail_favored,tail_favored,0,0.04999999999999993,0.03692810457516338,0,1,0.0625
216,tail_favored,tail_favored,0,0.04999999999999993,0.12098765432098751,0,1,0.15625
217,tail_favored,tail_favored,0,0.04999999999999993,0.08267973856209154,0,1,0.09375
218,tail_favored,tail_favored,0,0.04999999999999993,0.1592955700798837,0,1,0.09375
219,tail_favored,tail_favored,0,0.04999999999999993,0.10796353629170952,0,1,0.1875
220,tail_favored,tail_favored,0,0.04999999999999993,0.09738562091503256,0,1,0.1875
221,tail_favored,tail_favored,0,0.04999999999999993,0.017320261437908546,0,1,0.0625
222,tail_favored,tail_favored,0,0.04999999999999993,0.03580246913580243,0,1,0.0625
223,tail_favored,tail_favored,0,0.04999999999999993,0.16038489469862016,0,1,0.15625
224,tail_favored,head_favored,1,0.04999999999999993,0.002287581699346508,0,1,0.09375
225,tail_favored,tail_favored,0,0.04999999999999993,0.028395061728395232,0,1,0.15625
226,tail_favored,tail_favored,0,0.04999999999999993,0.07941176470588229,0,1,0.1875
227,tail_favored,tail_favored,0,0.04999999999999993,0.13878256246677295,0,1,0.125
228,tail_favored,tail_favored,0,0.04999999999999993,0.04419026870007259,0,1,0.15625
229,tail_favored,tail_favored,0,0.04999999999999993,0.03454469507101077,0,1,0.125
230,tail_favored,tail_favored,0,0.04999999999999993,0.037004548408057225,0,1,0.15625
231,tail_favored,tail_favored,0,0.04999999999999993,0.01913580246913582,0,1,0.125
232,tail_favored,tail_favored,0,0.04999999999999993,0.07777777777777783,0,1,0.125
233,tail_favored,tail_favored,0,0.04999999999999993,0.11049382716049388,0,1,0.1875
234,tail_favored,tail_favored,0,0.04999999999999993,0.013562091503268037,0,1,0.09375
235,tail_favored,tail_favored,0,0.04999999999999993,0.046732026143790684,0,0,0.0
236,tail_favored,tail_favored,0,0.04999999999999993,0.0672780435938331,0,1,0.125
237,tail_favored,tail_favored,0,0.04999999999999993,0.07777777777777772,0,1,0.03125
238,tail_favored,tail_favored,0,0.04999999999999993,0.06601225285435808,0,1,0.09375
239,tail_favored,tail_favored,0,0.04999999999999993,0.1086601307189542,0,1,0.09375
240,tail_favored,tail_favored,0,0.04999999999999993,0.119353667392883,0,1,0.15625
241,tail_favored,tail_favored,0,0.04999999999999993,0.050171998624011005,0,1,0.0625
242,tail_favored,head_favored,1,0.04999999999999993,0.04487385936661309,0,1,0.03125
243,tail_favored,tail_favored,0,0.04999999999999993,0.051670843776107034,0,1,0.0625
244,tail_favored,tail_favored,0,0.04999999999999993,0.07069716775599133,0,1,0.09375
245,tail_favored,tail_favored,0,0.04999999999999993,0.006271397447868088,0,1,0.125
246,tail_favored,head_favored,1,0.04999999999999993,0.008823529411764564,0,1,0.125
247,tail_favored,tail_favored,0,0.04999999999999993,0.13531131750946002,0,1,0.15625
248,tail_favored,tail_favored,0,0.04999999999999993,0.06921470342522962,0,1,0.1875
249,tail_favored,tail_favored,0,0.04999999999999993,0.041228070175438614,0,1,0.09375
250,tail_favored,tail_favored,0,0.04999999999999993,0.11172839506172838,0,1,0.09375
251,tail_favored,tail_favored,0,0.04999999999999993,0.025308641975308577,0,1,0.15625
252,tail_favored,tail_favored,0,0.04999999999999993,0.055523066926575715,0,1,0.0625
253,tail_favored,tail_favored,0,0.04999999999999993,0.030367585630743488,0,1,0.0625
254,tail_favored,tail_favored,0,0.04999999999999993,0.0061403508771928905,0,0,0.0
255,tail_favored,tail_favored,0,0.04999999999999993,0.09629629629629632,0,1,0.1875
256,tail_favored,head_favored,1,0.04999999999999993,0.0845029239766083,0,1,0.03125
257,tail_favored,tail_favored,0,0.04999999999999993,0.1972663139329805,0,1,0.21875
258,tail_favored,tail_favored,0,0.04999999999999993,0.07191358024691363,0,1,0.09375
259,tail_favored,tail_favored,0,0.04999999999999993,0.03529411764705881,0,1,0.125
260,tail_favored,tail_favored,0,0.04999999999999993,0.15493827160493817,0,1,0.0625
261,tail_favored,head_favored,1,0.04999999999999993,0.011728395061728514,0,1,0.0625
262,tail_favored,head_favored,1,0.04999999999999993,0.018121693121693205,0,1,0.03125
263,tail_favored,tail_favored,0,0.04999999999999993,0.0395424836601308,0,1,0.0625
264,tail_favored,head_favored,1,0.04999999999999993,0.046349973161567415,0,1,0.03125
265,tail_favored,tail_favored,0,0.04999999999999993,0.06307189542483671,0,1,0.0625
266,tail_favored,tail_favored,0,0.04999999999999993,0.05423976608187131,0,1,0.125
267,tail_favored,head_favored,1,0.04999999999999993,0.01989832970225136,0,1,0.21875
268,tail_favored,tail_favored,0,0.04999999999999993,0.11118373275236021,0,1,0.15625
269,tail_favored,tail_favored,0,0.04999999999999993,0.03015873015873005,0,1,0.09375
270,tail_favored,head_favored,1,0.04999999999999993,0.04129304743339823,0,1,0.09375
271,tail_favored,tail_favored,0,0.04999999999999993,0.04926900584795324,0,1,0.0625
272,tail_favored,head_favored,1,0.04999999999999993,0.03892328861369121,0,1,0.0625
273,tail_favored,head_favored,1,0.04999999999999993,0.03703703703703709,0,1,0.0625
274,tail_favored,tail_favored,0,0.04999999999999993,0.008556149732620422,0,1,0.03125
275,tail_favored,tail_favored,0,0.04999999999999993,0.11029411764705876,0,1,0.1875
276,tail_favored,tail_favored,0,0.04999999999999993,0.04527959331880882,0,1,0.125
277,tail_favored,tail_favored,0,0.04999999999999993,0.02695218438252489,0,1,0.125
278,tail_favored,tail_favored,0,0.04999999999999993,0.08638726445743983,0,1,0.25
279,tail_favored,tail_favored,0,0.04999999999999993,0.03456790123456788,0,1,0.0625
280,tail_favored,head_favored,1,0.04999999999999993,0.089021164021164,0,1,0.09375
281,tail_favored,tail_favored,0,0.04999999999999993,0.05785634118967464,0,1,0.09375
282,tail_favored,tail_favored,0,0.04999999999999993,0.15883690708252107,0,1,0.21875
283,tail_favored,tail_favored,0,0.04999999999999993,0.04763979665940454,0,1,0.0625
284,tail_favored,tail_favored,0,0.04999999999999993,0.09938271604938259,0,1,0.09375
285,tail_favored,tail_favored,0,0.04999999999999993,0.12481940144478837,0,1,0.125
286,tail_favored,tail_favored,0,0.04999999999999993,0.051891984864121166,0,1,0.125
287,tail_favored,tail_favored,0,0.04999999999999993,0.03538011695906429,0,1,0.15625
288,tail_favored,tail_favored,0,0.04999999999999993,0.12881446039340777,0,1,0.0625
289,tail_favored,tail_favored,0,0.04999999999999993,0.03744410044719637,0,1,0.0625
290,tail_favored,head_favored,1,0.04999999999999993,0.050000000000000044,0,1,0.09375
291,tail_favored,tail_favored,0,0.04999999999999993,0.019212246302029445,0,1,0.125
292,tail_favored,tail_favored,0,0.04999999999999993,0.047920380273321295,0,1,0.03125
293,tail_favored,head_favored,1,0.04999999999999993,0.04510582010582015,0,1,0.125
294,tail_favored,tail_favored,0,0.04999999999999993,0.08594771241830068,0,1,0.09375
295,tail_favored,tail_favored,0,0.04999999999999993,0.057051943584451315,0,1,0.09375
296,tail_favored,tail_favored,0,0.04999999999999993,0.04753086419753083,0,1,0.09375
297,tail_favored,tail_favored,0,0.04999999999999993,0.06461988304093558,0,1,0.125
298,tail_favored,tail_favored,0,0.04999999999999993,0.12980736154110772,0,1,0.1875
299,tail_favored,tail_favored,0,0.04999999999999993,0.13859840232389248,0,1,0.15625
300,tail_favored,tail_favored,0,0.04999999999999993,0.23273420479302825,0,1,0.15625
301,tail_favored,tail_favored,0,0.04999999999999993,0.12499999999999989,0,1,0.0625
302,tail_favored,head_favored,1,0.04999999999999993,0.040123456790123524,0,1,0.03125
303,tail_favored,tail_favored,0,0.04999999999999993,0.0888525780682643,0,1,0.15625
304,tail_favored,tail_favored,0,0.04999999999999993,0.034649122807017485,0,1,0.0625
305,tail_favored,tail_favored,0,0.04999999999999993,0.09938271604938276,0,1,0.0625
306,tail_favored,tail_favored,0,0.04999999999999993,0.12189542483660132,0,1,0.21875
307,tail_favored,tail_favored,0,0.04999999999999993,0.006245461147421971,0,1,0.0625
308,tail_favored,tail_favored,0,0.04999999999999993,0.0612085769980506,0,1,0.15625
309,tail_favored,tail_favored,0,0.04999999999999993,0.08703703703703691,0,1,0.0625
310,tail_favored,tail_favored,0,0.04999999999999993,0.09982363315696641,0,1,0.0625
311,tail_favored,tail_favored,0,0.04999999999999993,0.09539125591757175,0,1,0.0625
312,tail_favored,head_favored,1,0.04999999999999993,0.029589371980676404,0,1,0.125
313,tail_favored,tail_favored,0,0.04999999999999993,0.024582425562817645,0,1,0.09375
314,tail_favored,tail_favored,0,0.04999999999999993,0.006790123456789976,0,1,0.125
315,tail_favored,tail_favored,0,0.04999999999999993,0.0008771929824562541,0,1,0.09375
316,tail_favored,tail_favored,0,0.04999999999999993,0.0061403508771928905,0,1,0.0625
317,tail_favored,head_favored,1,0.04999999999999993,0.005555555555555647,0,1,0.03125
318,tail_favored,tail_favored,0,0.04999999999999993,0.020043572984749458,0,1,0.09375
319,tail_favored,tail_favored,0,0.04999999999999993,0.06977984176126584,0,1,0.03125
320,tail_favored,head_favored,1,0.04999999999999993,0.005555555555555647,0,1,0.03125
321,tail_favored,tail_favored,0,0.04999999999999993,0.08663570691434463,0,1,0.09375
322,tail_favored,head_favored,1,0.04999999999999993,0.0036635706914346367,0,1,0.03125
323,tail_favored,head_favored,1,0.04999999999999993,0.0033195734434124935,0,1,0.09375
324,tail_favored,tail_favored,0,0.04999999999999993,0.025671750181553987,0,1,0.03125
325,tail_favored,tail_favored,0,0.04999999999999993,0.07061403508771913,0,1,0.03125
326,tail_favored,tail_favored,0,0.04999999999999993,0.09093567251461976,0,1,0.125
327,tail_favored,tail_favored,0,0.04999999999999993,0.056879944960440354,0,1,0.125
328,tail_favored,tail_favored,0,0.04999999999999993,0.09876543209876543,0,1,0.09375
329,tail_favored,tail_favored,0,0.04999999999999993,0.08594771241830068,0,1,0.09375
330,tail_favored,tail_favored,0,0.04999999999999993,0.03965141612200429,0,1,0.125
331,tail_favored,tail_favored,0,0.04999999999999993,0.1589798238135834,0,1,0.1875
332,tail_favored,head_favored,1,0.04999999999999993,0.03703130374956998,0,1,0.0625
333,tail_favored,tail_favored,0,0.04999999999999993,0.18536291709666325,0,1,0.125
334,tail_favored,tail_favored,0,0.04999999999999993,0.07650689905591868,0,1,0.09375
335,tail_favored,tail_favored,0,0.04999999999999993,0.09030501089324616,0,1,0.125
336,tail_favored,tail_favored,0,0.04999999999999993,0.06856803327391559,0,1,0.0625
337,tail_favored,tail_favored,0,0.04999999999999993,0.0725795971410007,0,1,0.15625
338,tail_favored,head_favored,1,0.04999999999999993,0.042168827866768455,0,1,0.03125
339,tail_favored,tail_favored,0,0.04999999999999993,0.09284676833696442,0,1,0.0625
340,tail_favored,tail_favored,0,0.04999999999999993,0.046732026143790906,0,1,0.15625
341,tail_favored,tail_favored,0,0.04999999999999993,0.05181554103122721,0,1,0.03125
342,tail_favored,tail_favored,0,0.04999999999999993,0.11517792302106011,0,1,0.125
343,tail_favored,tail_favored,0,0.04999999999999993,0.08151397011046135,0,1,0.09375
344,tail_favored,tail_favored,0,0.04999999999999993,0.15006497725795964,0,1,0.1875
345,tail_favored,tail_favored,0,0.04999999999999993,0.00188816267247649,0,1,0.15625
346,tail_favored,head_favored,1,0.04999999999999993,0.010493827160493963,0,1,0.125
347,tail_favored,tail_favored,0,0.04999999999999993,0.03692810457516349,0,1,0.15625
348,tail_favored,head_favored,1,0.04999999999999993,0.03771929824561404,0,1,0.125
349,tail_favored,tail_favored,0,0.04999999999999993,0.05423976608187131,0,1,0.125
350,tail_favored,tail_favored,0,0.04999999999999993,0.07469135802469129,0,1,0.15625
351,tail_favored,head_favored,1,0.04999999999999993,0.06873638344226574,0,1,0.0625
352,tail_favored,tail_favored,0,0.04999999999999993,0.0799277605779154,0,1,0.15625
353,tail_favored,head_favored,1,0.04999999999999993,0.015789473684210353,0,1,0.0625
354,tail_favored,tail_favored,0,0.04999999999999993,0.03529411764705881,0,1,0.09375
355,tail_favored,tail_favored,0,0.04999999999999993,0.00424836601307188,0,1,0.0625
356,tail_favored,tail_favored,0,0.04999999999999993,0.04879600963192299,0,1,0.15625
357,tail_favored,tail_favored,0,0.04999999999999993,0.028571428571428525,0,1,0.0625
358,tail_favored,tail_favored,0,0.04999999999999993,0.014596949891067634,0,1,0.09375
359,tail_favored,head_favored,1,0.04999999999999993,0.046604938271605056,0,1,0.0625
360,tail_favored,tail_favored,0,0.04999999999999993,0.05653594771241832,0,1,0.09375
361,tail_favored,tail_favored,0,0.04999999999999993,0.07257872846108138,0,1,0.0625
362,tail_favored,head_favored,1,0.04999999999999993,0.048856209150326735,0,1,0.125
363,tail_favored,tail_favored,0,0.04999999999999993,0.09320987654320978,0,1,0.09375
364,tail_favored,tail_favored,0,0.04999999999999993,0.11481481481481481,0,1,0.125
365,tail_favored,head_favored,1,0.04999999999999993,0.044054580896686124,0,1,0.09375
366,tail_favored,tail_favored,0,0.04999999999999993,0.05767973856209152,0,1,0.09375
367,tail_favored,tail_favored,0,0.04999999999999993,0.10936819172113282,0,1,0.0625
368,tail_favored,tail_favored,0,0.04999999999999993,0.0675438596491228,0,1,0.1875
369,tail_favored,tail_favored,0,0.04999999999999993,0.23033273915626845,0,1,0.1875
370,tail_favored,tail_favored,0,0.04999999999999993,0.07304781561747509,0,1,0.0625
371,tail_favored,head_favored,1,0.04999999999999993,0.09329805996472679,0,0,0.0
372,tail_favored,tail_favored,0,0.04999999999999993,0.1354833161334708,0,1,0.09375
373,tail_favored,tail_favored,0,0.04999999999999993,0.14054834054834053,0,1,0.125
374,tail_favored,tail_favored,0,0.04999999999999993,0.005065359477124054,0,1,0.03125
375,tail_favored,tail_favored,0,0.04999999999999993,0.004974582425562923,0,1,0.0625
376,tail_favored,tail_favored,0,0.04999999999999993,0.032207697893972376,0,1,0.0625
377,tail_favored,tail_favored,0,0.04999999999999993,0.07993827160493833,0,1,0.125
378,tail_favored,head_favored,1,0.04999999999999993,0.024183006535947515,0,1,0.125
379,tail_favored,tail_favored,0,0.04999999999999993,0.07546296296296295,0,1,0.0625
380,tail_favored,head_favored,1,0.04999999999999993,0.02351712614870516,0,1,0.0625
381,tail_favored,head_favored,1,0.04999999999999993,0.06327160493827166,0,1,0.125
382,tail_favored,tail_favored,0,0.04999999999999993,0.16885104919160637,0,1,0.21875
383,tail_favored,tail_favored,0,0.04999999999999993,0.06361655773420483,0,1,0.0625
384,tail_favored,tail_favored,0,0.04999999999999993,0.1284313725490196,0,1,0.15625
385,tail_favored,head_favored,1,0.04999999999999993,0.058024691358024794,0,1,0.09375
386,tail_favored,tail_favored,0,0.04999999999999993,0.053527336860670016,0,0,0.0
387,tail_favored,head_favored,1,0.04999999999999993,0.059710550887021485,0,1,0.09375
388,tail_favored,head_favored,1,0.04999999999999993,0.055042016806722716,0,1,0.09375
389,tail_favored,tail_favored,0,0.04999999999999993,0.031481481481481444,0,1,0.15625
390,tail_favored,tail_favored,0,0.04999999999999993,0.05895061728395046,0,1,0.09375
391,tail_favored,tail_favored,0,0.04999999999999993,0.04269005847953222,0,1,0.0625
392,tail_favored,tail_favored,0,0.04999999999999993,0.07153110047846889,0,1,0.1875
393,tail_favored,head_favored,1,0.04999999999999993,0.022222222222222254,0,1,0.15625
394,tail_favored,head_favored,1,0.04999999999999993,0.029322638146167646,0,1,0.03125
395,tail_favored,head_favored,1,0.04999999999999993,0.019883040935672502,0,1,0.125
396,tail_favored,tail_favored,0,0.04999999999999993,0.03633156966490292,0,1,0.0625
397,tail_favored,tail_favored,0,0.04999999999999993,0.041975308641975184,0,1,0.09375
398,tail_favored,head_favored,1,0.04999999999999993,0.03478576615831519,0,1,0.0625
399,tail_favored,head_favored,1,0.04999999999999993,0.07278244631185815,0,1,0.0625
400,tail_favored,tail_favored,0,0.04999999999999993,0.11411453470276994,0,1,0.21875
401,tail_favored,tail_favored,0,0.04999999999999993,0.08957879448075518,0,1,0.09375
402,tail_favored,tail_favored,0,0.04999999999999993,0.028844169246646012,0,1,0.15625
403,tail_favored,tail_favored,0,0.04999999999999993,0.08540305010893245,0,1,0.125
404,tail_favored,tail_favored,0,0.04999999999999993,0.13011272141706903,0,1,0.09375
405,tail_favored,tail_favored,0,0.04999999999999993,0.13853151397011032,0,1,0.09375
406,tail_favored,tail_favored,0,0.04999999999999993,0.02367465504720412,0,1,0.0625
407,tail_favored,tail_favored,0,0.04999999999999993,0.11172839506172849,0,1,0.1875
408,tail_favored,tail_favored,0,0.04999999999999993,0.16111111111111104,0,1,0.1875
409,tail_favored,tail_favored,0,0.04999999999999993,0.08663570691434463,0,1,0.09375
410,tail_favored,tail_favored,0,0.04999999999999993,0.13896151053013778,0,1,0.21875
411,tail_favored,tail_favored,0,0.04999999999999993,0.03474945533769058,0,1,0.125
412,tail_favored,tail_favored,0,0.04999999999999993,0.011988304093567326,0,1,0.0625
413,tail_favored,tail_favored,0,0.04999999999999993,0.04415204678362561,0,1,0.1875
414,tail_favored,tail_favored,0,0.04999999999999993,0.012638076673164411,0,1,0.125
415,tail_favored,tail_favored,0,0.04999999999999993,0.08319573443412454,0,1,0.1875
416,tail_favored,tail_favored,0,0.04999999999999993,0.1367724867724867,0,1,0.0625
417,tail_favored,tail_favored,0,0.04999999999999993,0.09852941176470587,0,1,0.09375
418,tail_favored,tail_favored,0,0.04999999999999993,0.10571799870045478,0,1,0.15625
419,tail_favored,tail_favored,0,0.04999999999999993,0.010038986354775847,0,1,0.0625
420,tail_favored,tail_favored,0,0.04999999999999993,0.10954974582425558,0,1,0.125
421,tail_favored,tail_favored,0,0.04999999999999993,0.0778637770897832,0,1,0.09375
422,tail_favored,head_favored,1,0.04999999999999993,0.05768751945222522,0,1,0.0625
423,tail_favored,tail_favored,0,0.04999999999999993,0.03366013071895413,0,1,0.09375
424,tail_favored,tail_favored,0,0.04999999999999993,0.06949317738791416,0,1,0.09375
425,tail_favored,head_favored,1,0.04999999999999993,0.012779497764017989,0,1,0.03125
426,tail_favored,tail_favored,0,0.04999999999999993,0.00987654320987652,0,1,0.0625
427,tail_favored,tail_favored,0,0.04999999999999993,0.1448667966211824,0,1,0.09375
428,tail_favored,tail_favored,0,0.04999999999999993,0.08285173718610239,0,1,0.125
429,tail_favored,tail_favored,0,0.04999999999999993,0.02712418300653585,0,1,0.125
430,tail_favored,tail_favored,0,0.04999999999999993,0.0761533463287849,0,1,0.0625
431,tail_favored,tail_favored,0,0.04999999999999993,0.07700378396972807,0,1,0.1875
432,tail_favored,tail_favored,0,0.04999999999999993,0.0719298245614034,0,1,0.1875
433,tail_favored,tail_favored,0,0.04999999999999993,0.07559912854030504,0,1,0.125
434,tail_favored,head_favored,1,0.04999999999999993,0.008804418453541296,0,1,0.03125
435,tail_favored,tail_favored,0,0.04999999999999993,0.10555555555555551,0,1,0.125
436,tail_favored,tail_favored,0,0.04999999999999993,0.020370370370370372,0,1,0.09375
437,tail_favored,head_favored,1,0.04999999999999993,0.007915758896151037,0,1,0.0625
438,tail_favored,tail_favored,0,0.04999999999999993,0.061619462599854624,0,1,0.0625
439,tail_favored,tail_favored,0,0.04999999999999993,0.04012345679012341,0,1,0.0625
440,tail_favored,tail_favored,0,0.04999999999999993,0.037472766884531494,0,1,0.15625
441,tail_favored,head_favored,1,0.04999999999999993,0.0061403508771930015,0,1,0.0625
442,tail_favored,head_favored,1,0.04999999999999993,0.0046477850399418985,0,1,0.0625
443,tail_favored,tail_favored,0,0.04999999999999993,0.06960784313725488,0,1,0.15625
444,tail_favored,tail_favored,0,0.04999999999999993,0.020760233918128645,0,1,0.0625
445,tail_favored,tail_favored,0,0.04999999999999993,0.15426392779333947,0,1,0.09375
446,tail_favored,head_favored,1,0.04999999999999993,0.02086419753086427,0,1,0.09375
447,tail_favored,tail_favored,0,0.04999999999999993,0.058771929824561364,0,1,0.09375
448,tail_favored,tail_favored,0,0.04999999999999993,0.07253086419753096,0,1,0.125
449,tail_favored,tail_favored,0,0.04999999999999993,0.11432748538011689,0,1,0.0625
450,tail_favored,tail_favored,0,0.04999999999999993,0.06023391812865497,0,1,0.09375
451,tail_favored,tail_favored,0,0.04999999999999993,0.028282828282828243,0,1,0.0625
452,tail_favored,tail_favored,0,0.04999999999999993,0.026264189886480938,0,1,0.0625
453,tail_favored,tail_favored,0,0.04999999999999993,0.0901234567901234,0,1,0.09375
454,tail_favored,tail_favored,0,0.04999999999999993,0.14103641456582638,0,1,0.125
455,tail_favored,tail_favored,0,0.04999999999999993,0.11111111111111105,0,1,0.15625
456,tail_favored,tail_favored,0,0.04999999999999993,0.09248366013071901,0,1,0.09375
457,tail_favored,tail_favored,0,0.04999999999999993,0.13914141414141412,0,1,0.03125
458,tail_favored,head_favored,1,0.04999999999999993,0.01467148262813911,0,1,0.03125
459,tail_favored,tail_favored,0,0.04999999999999993,0.06759259259259265,0,1,0.25
460,tail_favored,head_favored,1,0.04999999999999993,0.025884154831523398,0,1,0.09375
461,tail_favored,tail_favored,0,0.04999999999999993,0.03456790123456788,0,1,0.09375
462,tail_favored,tail_favored,0,0.04999999999999993,0.025000000000000022,0,1,0.125
463,tail_favored,tail_favored,0,0.04999999999999993,0.0176738141650421,0,1,0.03125
464,tail_favored,tail_favored,0,0.04999999999999993,0.06029411764705883,0,1,0.125
465,tail_favored,tail_favored,0,0.04999999999999993,0.04449604403164786,0,1,0.125
466,tail_favored,tail_favored,0,0.04999999999999993,0.013364293085655343,0,1,0.09375
467,tail_favored,tail_favored,0,0.04999999999999993,0.22857142857142843,0,1,0.1875
468,tail_favored,tail_favored,0,0.04999999999999993,0.11790123456790108,0,1,0.15625
469,tail_favored,head_favored,1,0.04999999999999993,0.07957516339869275,0,1,0.09375
470,tail_favored,tail_favored,0,0.04999999999999993,0.017320261437908546,0,1,0.09375
471,tail_favored,tail_favored,0,0.04999999999999993,0.02619047619047621,0,1,0.0625
472,tail_favored,tail_favored,0,0.04999999999999993,0.047222222222222276,0,1,0.0625
473,tail_favored,tail_favored,0,0.04999999999999993,0.07339181286549701,0,1,0.15625
474,tail_favored,head_favored,1,0.04999999999999993,0.016114359974009007,0,1,0.15625
475,tail_favored,head_favored,1,0.04999999999999993,0.1681372549019608,0,0,0.0
476,tail_favored,tail_favored,0,0.04999999999999993,0.14554933084344845,0,1,0.1875
477,tail_favored,tail_favored,0,0.04999999999999993,0.038132094943240435,0,1,0.03125
478,tail_favored,tail_favored,0,0.04999999999999993,0.012545252018936193,0,0,0.0
479,tail_favored,tail_favored,0,0.04999999999999993,0.09621848739495792,0,1,0.125
480,tail_favored,tail_favored,0,0.04999999999999993,0.1533711730306156,0,1,0.03125
481,tail_favored,tail_favored,0,0.04999999999999993,0.08585858585858591,0,1,0.0625
482,tail_favored,tail_favored,0,0.04999999999999993,0.03905228758169932,0,1,0.03125
483,tail_favored,tail_favored,0,0.04999999999999993,0.04371345029239759,0,1,0.03125
484,tail_favored,tail_favored,0,0.04999999999999993,0.029320987654321118,0,1,0.09375
485,tail_favored,head_favored,1,0.04999999999999993,0.07248213125406117,0,1,0.0625
486,tail_favored,tail_favored,0,0.04999999999999993,0.0537037037037037,0,1,0.21875
487,tail_favored,tail_favored,0,0.04999999999999993,0.002777777777777768,0,1,0.125
488,tail_favored,head_favored,1,0.04999999999999993,0.06300309597523213,0,1,0.0625
489,tail_favored,tail_favored,0,0.04999999999999993,0.1206349206349206,0,1,0.03125
490,tail_favored,tail_favored,0,0.04999999999999993,0.04166666666666674,0,1,0.0625
491,tail_favored,tail_favored,0,0.04999999999999993,0.1893188854489164,0,1,0.15625
492,tail_favored,tail_favored,0,0.04999999999999993,0.03391812865497079,0,1,0.0625
493,tail_favored,tail_favored,0,0.04999999999999993,0.020588235294117685,0,1,0.125
494,tail_favored,tail_favored,0,0.04999999999999993,0.028431372549019507,0,1,0.09375
495,tail_favored,tail_favored,0,0.04999999999999993,0.004403983815748469,0,1,0.0625
496,tail_favored,tail_favored,0,0.04999999999999993,0.05472040668119105,0,1,0.03125
497,tail_favored,tail_favored,0,0.04999999999999993,0.124074074074074,0,1,0.0625
498,tail_favored,tail_favored,0,0.04999999999999993,0.08697970416236672,0,1,0.125
499,tail_favored,tail_favored,0,0.04999999999999993,0.011988304093567215,0,1,0.0625
500,tail_favored,head_favored,1,0.04999999999999993,0.0537151702786377,0,0,0.0
501,tail_favored,tail_favored,0,0.04999999999999993,0.10589955280357749,0,1,0.125
502,tail_favored,tail_favored,0,0.04999999999999993,0.05422352176738132,0,1,0.125
503,tail_favored,tail_favored,0,0.04999999999999993,0.06094771241830066,0,1,0.0625
504,tail_favored,tail_favored,0,0.04999999999999993,0.023856209150326713,0,1,0.03125
505,tail_favored,tail_favored,0,0.04999999999999993,0.07777777777777772,0,1,0.03125
506,tail_favored,tail_favored,0,0.04999999999999993,0.0662443144899284,0,1,0.03125
507,tail_favored,head_favored,1,0.04999999999999993,0.12398070339246808,0,1,0.09375
508,tail_favored,tail_favored,0,0.04999999999999993,0.020760233918128645,0,1,0.15625
509,tail_favored,tail_favored,0,0.04999999999999993,0.14792673107890497,0,1,0.09375
510,tail_favored,tail_favored,0,0.04999999999999993,0.045776478232618434,0,1,0.09375
511,tail_favored,tail_favored,0,0.04999999999999993,0.02790773229369703,0,1,0.0625
512,tail_favored,head_favored,1,0.04999999999999993,0.025490196078431282,0,1,0.0625
513,tail_favored,tail_favored,0,0.04999999999999993,0.13764111705288185,0,1,0.09375
514,tail_favored,tail_favored,0,0.04999999999999993,0.022222222222222254,0,1,0.09375
515,tail_favored,tail_favored,0,0.04999999999999993,0.037004548408057114,0,1,0.0625
516,tail_favored,tail_favored,0,0.04999999999999993,0.07233115468409579,0,1,0.125
517,tail_favored,tail_favored,0,0.04999999999999993,0.09557963536291703,0,1,0.1875
518,tail_favored,tail_favored,0,0.04999999999999993,0.12990196078431382,0,1,0.21875
519,tail_favored,tail_favored,0,0.04999999999999993,0.12266081871345025,0,1,0.125
520,tail_favored,tail_favored,0,0.04999999999999993,0.0704678362573099,0,1,0.125
521,tail_favored,tail_favored,0,0.04999999999999993,0.06978939724037769,0,1,0.0625
522,tail_favored,tail_favored,0,0.04999999999999993,0.02660818713450286,0,1,0.03125
523,tail_favored,tail_favored,0,0.04999999999999993,0.13024691358024687,0,1,0.125
524,tail_favored,head_favored,1,0.04999999999999993,0.052923976608187207,0,1,0.03125
525,tail_favored,tail_favored,0,0.04999999999999993,0.04346405228758177,0,1,0.09375
526,tail_favored,head_favored,1,0.04999999999999993,0.0026315789473684292,0,1,0.09375
527,tail_favored,tail_favored,0,0.04999999999999993,0.01913580246913582,0,1,0.0625
528,tail_favored,tail_favored,0,0.04999999999999993,0.06882975412387188,0,1,0.03125
529,tail_favored,tail_favored,0,0.04999999999999993,0.05820105820105803,0,1,0.09375
530,tail_favored,tail_favored,0,0.04999999999999993,0.07287581699346413,0,1,0.0625
531,tail_favored,head_favored,1,0.04999999999999993,0.032934609250398705,0,1,0.125
532,tail_favored,tail_favored,0,0.04999999999999993,0.06693404634581107,0,1,0.125
533,tail_favored,head_favored,1,0.04999999999999993,0.06820987654320998,0,1,0.03125
534,tail_favored,tail_favored,0,0.04999999999999993,0.16111111111111104,0,1,0.125
535,tail_favored,tail_favored,0,0.04999999999999993,0.019444444444444375,0,1,0.09375
536,tail_favored,tail_favored,0,0.04999999999999993,0.05462962962962947,0,1,0.09375
537,tail_favored,tail_favored,0,0.04999999999999993,0.10174291938997815,0,1,0.0625
538,tail_favored,tail_favored,0,0.04999999999999993,0.03985890652557311,0,1,0.03125
539,tail_favored,head_favored,1,0.04999999999999993,0.0524509803921569,0,1,0.0625
540,tail_favored,tail_favored,0,0.04999999999999993,0.13789129686962504,0,1,0.1875
541,tail_favored,tail_favored,0,0.04999999999999993,0.043120055039559735,0,1,0.15625
542,tail_favored,head_favored,1,0.04999999999999993,0.014327485380116967,0,1,0.0625
543,tail_favored,tail_favored,0,0.04999999999999993,0.08623188405797105,0,1,0.125
544,tail_favored,head_favored,1,0.04999999999999993,0.04749455337690611,0,1,0.0625
545,tail_favored,head_favored,1,0.04999999999999993,0.014814814814814947,0,0,0.0
546,tail_favored,tail_favored,0,0.04999999999999993,0.06668386652906788,0,1,0.15625
547,tail_favored,tail_favored,0,0.04999999999999993,0.08823529411764708,0,1,0.125
548,tail_favored,tail_favored,0,0.04999999999999993,0.06998050682261198,0,1,0.0625
549,tail_favored,tail_favored,0,0.04999999999999993,0.1763616557734204,0,1,0.25
550,tail_favored,tail_favored,0,0.04999999999999993,0.017009025832555258,0,1,0.15625
551,tail_favored,tail_favored,0,0.04999999999999993,0.02695218438252489,0,1,0.0625
552,tail_favored,head_favored,1,0.04999999999999993,0.04803921568627445,0,0,0.0
553,tail_favored,tail_favored,0,0.04999999999999993,0.13651530787753696,0,1,0.125
554,tail_favored,tail_favored,0,0.04999999999999993,0.07810457516339864,0,1,0.09375
555,tail_favored,tail_favored,0,0.04999999999999993,0.037076648841354864,0,1,0.0625
556,tail_favored,tail_favored,0,0.04999999999999993,0.009331880900508405,0,1,0.0625
557,tail_favored,tail_favored,0,0.04999999999999993,0.0794117647058824,0,1,0.03125
558,tail_favored,tail_favored,0,0.04999999999999993,0.015724496426250734,0,1,0.03125
559,tail_favored,tail_favored,0,0.04999999999999993,0.0160493827160495,0,1,0.0625
560,tail_favored,tail_favored,0,0.04999999999999993,0.07559912854030493,0,1,0.125
561,tail_favored,tail_favored,0,0.04999999999999993,0.09629629629629616,0,1,0.03125
562,tail_favored,tail_favored,0,0.04999999999999993,0.021792225662194742,0,1,0.09375
563,tail_favored,tail_favored,0,0.04999999999999993,0.19758698092031418,0,1,0.09375
564,tail_favored,tail_favored,0,0.04999999999999993,0.006790123456790198,0,1,0.0625
565,tail_favored,tail_favored,0,0.04999999999999993,0.11258169934640516,0,1,0.1875
566,tail_favored,tail_favored,0,0.04999999999999993,0.16273554256010386,0,1,0.1875
567,tail_favored,tail_favored,0,0.04999999999999993,0.05308641975308637,0,1,0.09375
568,tail_favored,tail_favored,0,0.04999999999999993,0.04019607843137263,0,1,0.0625
569,tail_favored,tail_favored,0,0.04999999999999993,0.0991916064671482,0,1,0.1875
570,tail_favored,head_favored,1,0.04999999999999993,0.013492063492063444,0,1,0.09375
571,tail_favored,tail_favored,0,0.04999999999999993,0.034520123839009154,0,1,0.0625
572,tail_favored,tail_favored,0,0.04999999999999993,0.09284676833696442,0,1,0.0625
573,tail_favored,tail_favored,0,0.04999999999999993,0.12358674463937613,0,1,0.125
574,tail_favored,tail_favored,0,0.04999999999999993,0.06754385964912268,0,1,0.21875
575,tail_favored,tail_favored,0,0.04999999999999993,0.06579520697167751,0,1,0.09375
576,tail_favored,tail_favored,0,0.04999999999999993,0.03692810457516327,0,1,0.125
577,tail_favored,tail_favored,0,0.04999999999999993,0.10833333333333323,0,1,0.1875
578,tail_favored,tail_favored,0,0.04999999999999993,0.06633986928104563,0,1,0.03125
579,tail_favored,tail_favored,0,0.04999999999999993,0.11570347437220513,0,1,0.125
580,tail_favored,head_favored,1,0.04999999999999993,0.014534231200897807,0,1,0.03125
581,tail_favored,tail_favored,0,0.04999999999999993,0.03018193632228716,0,1,0.0625
582,tail_favored,head_favored,1,0.04999999999999993,0.02352941176470591,0,1,0.0625
583,tail_favored,tail_favored,0,0.04999999999999993,0.04382716049382718,0,1,0.0625
584,tail_favored,tail_favored,0,0.04999999999999993,0.0830428467683369,0,1,0.0625
585,tail_favored,head_favored,1,0.04999999999999993,0.018226120857699923,0,1,0.03125
586,tail_favored,tail_favored,0,0.04999999999999993,0.07209772798008085,0,1,0.125
587,tail_favored,head_favored,1,0.04999999999999993,0.03333333333333344,0,1,0.09375
588,tail_favored,tail_favored,0,0.04999999999999993,0.040740740740740744,0,1,0.15625
589,tail_favored,head_favored,1,0.04999999999999993,0.0186274509803922,0,1,0.09375
590,tail_favored,head_favored,1,0.04999999999999993,0.006800497976968578,0,1,0.0625
591,tail_favored,tail_favored,0,0.04999999999999993,0.07160493827160486,0,1,0.1875
592,tail_favored,tail_favored,0,0.04999999999999993,0.09643962848297205,0,1,0.09375
593,tail_favored,tail_favored,0,0.04999999999999993,0.00424836601307188,0,0,0.0
594,tail_favored,tail_favored,0,0.04999999999999993,0.012962962962962954,0,1,0.0625
595,tail_favored,head_favored,1,0.04999999999999993,0.028976034858387956,0,1,0.125
596,tail_favored,tail_favored,0,0.04999999999999993,0.09477124183006541,0,1,0.125
597,tail_favored,tail_favored,0,0.04999999999999993,0.09575163398692815,0,1,0.0625
598,tail_favored,tail_favored,0,0.04999999999999993,0.09259259259259245,0,1,0.09375
599,tail_favored,tail_favored,0,0.04999999999999993,0.10734243014944761,0,1,0.09375
600,tail_favored,tail_favored,0,0.04999999999999993,0.031209150326797386,0,1,0.0625
601,tail_favored,tail_favored,0,0.04999999999999993,0.020098039215686314,0,1,0.0625
602,tail_favored,tail_favored,0,0.04999999999999993,0.09213966288269698,0,1,0.15625
603,tail_favored,tail_favored,0,0.04999999999999993,0.00551924473493115,0,1,0.15625
604,tail_favored,head_favored,1,0.04999999999999993,0.07951496388028889,0,1,0.0625
605,tail_favored,tail_favored,0,0.04999999999999993,0.012962962962962843,0,1,0.09375
606,tail_favored,tail_favored,0,0.04999999999999993,0.03412698412698395,0,1,0.03125
607,tail_favored,tail_favored,0,0.04999999999999993,0.0910818713450291,0,1,0.09375
608,tail_favored,head_favored,1,0.04999999999999993,0.03576998050682256,0,1,0.0625
609,tail_favored,tail_favored,0,0.04999999999999993,0.1439112487100102,0,1,0.21875
610,tail_favored,tail_favored,0,0.04999999999999993,0.008576998050682128,0,1,0.125
611,tail_favored,tail_favored,0,0.04999999999999993,0.047095134350036205,0,1,0.1875
612,tail_favored,tail_favored,0,0.04999999999999993,0.15718954248366007,0,1,0.15625
613,tail_favored,head_favored,1,0.04999999999999993,0.05729847494553375,0,0,0.0
614,tail_favored,tail_favored,0,0.04999999999999993,0.09012345679012335,0,1,0.0625
615,tail_favored,head_favored,1,0.04999999999999993,0.0444444444444444,0,1,0.0625
616,tail_favored,tail_favored,0,0.04999999999999993,0.1466632266941864,0,1,0.1875
617,tail_favored,tail_favored,0,0.04999999999999993,0.15439360929557006,0,1,0.21875
618,tail_favored,tail_favored,0,0.04999999999999993,0.11899055918663742,0,1,0.03125
619,tail_favored,tail_favored,0,0.04999999999999993,0.08443794671864835,0,1,0.09375
620,tail_favored,tail_favored,0,0.04999999999999993,0.007026143790849759,0,1,0.0625
621,tail_favored,head_favored,1,0.04999999999999993,0.04270725834193323,0,1,0.0625
622,tail_favored,tail_favored,0,0.04999999999999993,0.07160493827160486,0,1,0.09375
623,tail_favored,tail_favored,0,0.04999999999999993,0.11307189542483653,0,1,0.0625
624,tail_favored,tail_favored,0,0.04999999999999993,0.021913580246913478,0,1,0.0625
625,tail_favored,head_favored,1,0.04999999999999993,0.0727305737109658,0,0,0.0
626,tail_favored,tail_favored,0,0.04999999999999993,0.1097790773229369,0,1,0.1875
627,tail_favored,tail_favored,0,0.04999999999999993,0.13674985145573387,0,1,0.21875
628,tail_favored,tail_favored,0,0.04999999999999993,0.01439628482972144,0,1,0.0625
629,tail_favored,tail_favored,0,0.04999999999999993,0.15073099415204666,0,1,0.125
630,tail_favored,tail_favored,0,0.04999999999999993,0.17247121070650479,0,1,0.125
631,tail_favored,tail_favored,0,0.04999999999999993,0.1251633986928104,0,1,0.125
632,tail_favored,tail_favored,0,0.04999999999999993,0.061111111111111116,0,1,0.09375
633,tail_favored,head_favored,1,0.04999999999999993,0.0216374269005849,0,1,0.15625
634,tail_favored,tail_favored,0,0.04999999999999993,0.004191033138401523,0,1,0.0625
635,tail_favored,head_favored,1,0.04999999999999993,0.01770081770081766,0,1,0.09375
636,tail_favored,tail_favored,0,0.04999999999999993,0.05501253132832068,0,1,0.0625
637,tail_favored,tail_favored,0,0.04999999999999993,0.11318082788671013,0,1,0.15625
638,tail_favored,tail_favored,0,0.04999999999999993,0.009967320261437762,0,1,0.03125
639,tail_favored,tail_favored,0,0.04999999999999993,0.04845679012345672,0,1,0.09375
640,tail_favored,tail_favored,0,0.04999999999999993,0.07631578947368411,0,1,0.125
641,tail_favored,tail_favored,0,0.04999999999999993,0.06452432824981846,0,1,0.0625
642,tail_favored,tail_favored,0,0.04999999999999993,0.1661946259985474,0,1,0.125
643,tail_favored,tail_favored,0,0.04999999999999993,0.15076252723311545,0,1,0.15625
644,tail_favored,tail_favored,0,0.04999999999999993,0.06250812215724477,0,1,0.1875
645,tail_favored,tail_favored,0,0.04999999999999993,0.024009096816114295,0,1,0.125
646,tail_favored,tail_favored,0,0.04999999999999993,0.03809523809523796,0,1,0.125
647,tail_favored,tail_favored,0,0.04999999999999993,0.09174788823911628,0,1,0.1875
648,tail_favored,tail_favored,0,0.04999999999999993,0.04897660818713434,0,1,0.03125
649,tail_favored,tail_favored,0,0.04999999999999993,0.09043209876543212,0,1,0.0625
650,tail_favored,tail_favored,0,0.04999999999999993,0.059930220075147644,0,1,0.09375
651,tail_favored,head_favored,1,0.04999999999999993,0.005994152046783663,0,1,0.0625
652,tail_favored,tail_favored,0,0.04999999999999993,0.04074074074074052,0,1,0.125
653,tail_favored,tail_favored,0,0.04999999999999993,0.060141093474426865,0,1,0.09375
654,tail_favored,tail_favored,0,0.04999999999999993,0.13024691358024687,0,1,0.125
655,tail_favored,head_favored,1,0.04999999999999993,0.01790123456790127,0,1,0.0625
656,tail_favored,tail_favored,0,0.04999999999999993,0.041975308641975295,0,1,0.0625
657,tail_favored,tail_favored,0,0.04999999999999993,0.12407407407407395,0,1,0.125
658,tail_favored,tail_favored,0,0.04999999999999993,0.10214424951267048,0,1,0.09375
659,tail_favored,head_favored,1,0.04999999999999993,0.05509115927072583,0,1,0.0625
660,tail_favored,tail_favored,0,0.04999999999999993,0.05942170240415845,0,1,0.125
661,tail_favored,tail_favored,0,0.04999999999999993,0.13954248366013067,0,1,0.09375
662,tail_favored,head_favored,1,0.04999999999999993,0.1365857454092747,0,1,0.0625
663,tail_favored,tail_favored,0,0.04999999999999993,0.09395424836601302,0,1,0.15625
664,tail_favored,tail_favored,0,0.04999999999999993,0.11759545923632603,0,1,0.1875
665,tail_favored,tail_favored,0,0.04999999999999993,0.14012727898176813,0,1,0.09375
666,tail_favored,tail_favored,0,0.04999999999999993,0.05653594771241832,0,1,0.0625
667,tail_favored,tail_favored,0,0.04999999999999993,0.06633986928104574,0,1,0.15625
668,tail_favored,tail_favored,0,0.04999999999999993,0.027469135802469125,0,1,0.0625
669,tail_favored,tail_favored,0,0.04999999999999993,0.03926237161531276,0,1,0.0625
670,tail_favored,tail_favored,0,0.04999999999999993,0.09629629629629632,0,1,0.15625
671,tail_favored,tail_favored,0,0.04999999999999993,0.1250077808901338,0,1,0.15625
672,tail_favored,tail_favored,0,0.04999999999999993,0.07142338416848204,0,1,0.09375
673,tail_favored,tail_favored,0,0.04999999999999993,0.11419753086419754,0,1,0.0625
674,tail_favored,tail_favored,0,0.04999999999999993,0.20050835148874357,0,1,0.1875
675,tail_favored,tail_favored,0,0.04999999999999993,0.11045751633986933,0,1,0.125
676,tail_favored,tail_favored,0,0.04999999999999993,0.15582010582010575,0,1,0.15625
677,tail_favored,head_favored,1,0.04999999999999993,0.10061728395061725,0,1,0.03125
678,tail_favored,head_favored,1,0.04999999999999993,0.061111111111111116,0,0,0.0
679,tail_favored,tail_favored,0,0.04999999999999993,0.04691358024691339,0,1,0.1875
680,tail_favored,tail_favored,0,0.04999999999999993,0.05996732026143792,0,1,0.0625
681,tail_favored,tail_favored,0,0.04999999999999993,0.06851851851851853,0,1,0.15625
682,tail_favored,head_favored,1,0.04999999999999993,0.21132521974306967,0,0,0.0
683,tail_favored,tail_favored,0,0.04999999999999993,0.09170557111733574,0,1,0.125
684,tail_favored,tail_favored,0,0.04999999999999993,0.08039215686274503,0,1,0.03125
685,tail_favored,tail_favored,0,0.04999999999999993,0.07923976608187117,0,1,0.09375
686,tail_favored,tail_favored,0,0.04999999999999993,0.04432404540763679,0,1,0.125
687,tail_favored,tail_favored,0,0.04999999999999993,0.07940220922677055,0,1,0.1875
688,tail_favored,head_favored,1,0.04999999999999993,0.018827160493827266,0,1,0.0625
689,tail_favored,tail_favored,0,0.04999999999999993,0.006871345029239695,0,1,0.0625
690,tail_favored,tail_favored,0,0.04999999999999993,0.08250773993808047,0,1,0.09375
691,tail_favored,tail_favored,0,0.04999999999999993,0.011111111111111183,0,1,0.0625
692,tail_favored,head_favored,1,0.04999999999999993,0.019370172311348743,0,1,0.09375
693,tail_favored,tail_favored,0,0.04999999999999993,0.011972667855020713,0,1,0.03125
694,tail_favored,tail_favored,0,0.04999999999999993,0.16437908496732018,0,1,0.1875
695,tail_favored,head_favored,1,0.04999999999999993,0.001943584451324365,0,1,0.09375
696,tail_favored,head_favored,1,0.04999999999999993,0.009855521155830882,0,1,0.0625
697,tail_favored,tail_favored,0,0.04999999999999993,0.10159958720330237,0,1,0.09375
698,tail_favored,tail_favored,0,0.04999999999999993,0.06978939724037758,0,1,0.1875
699,tail_favored,tail_favored,0,0.04999999999999993,0.08611111111111103,0,1,0.125
700,tail_favored,tail_favored,0,0.04999999999999993,0.0704678362573099,0,1,0.09375
701,tail_favored,tail_favored,0,0.04999999999999993,0.10555555555555562,0,1,0.15625
702,tail_favored,tail_favored,0,0.04999999999999993,0.26051198257080604,0,1,0.125
703,tail_favored,tail_favored,0,0.04999999999999993,0.04981844589687723,0,1,0.0625
704,tail_favored,head_favored,1,0.04999999999999993,0.012345679012345623,0,1,0.125
705,tail_favored,tail_favored,0,0.04999999999999993,0.018228031953522295,0,1,0.125
706,tail_favored,tail_favored,0,0.04999999999999993,0.10760233918128659,0,1,0.15625
707,tail_favored,tail_favored,0,0.04999999999999993,0.06851851851851853,0,1,0.0625
708,tail_favored,tail_favored,0,0.04999999999999993,0.08030303030303027,0,1,0.09375
709,tail_favored,tail_favored,0,0.04999999999999993,0.10555555555555557,0,1,0.0625
710,tail_favored,tail_favored,0,0.04999999999999993,0.03646125116713361,0,1,0.09375
711,tail_favored,tail_favored,0,0.04999999999999993,0.08376906318082766,0,1,0.0625
712,tail_favored,head_favored,1,0.04999999999999993,0.028976034858387956,0,1,0.1875
713,tail_favored,tail_favored,0,0.04999999999999993,0.0009803921568626306,0,1,0.09375
714,tail_favored,tail_favored,0,0.04999999999999993,0.11226350189198497,0,1,0.15625
715,tail_favored,tail_favored,0,0.04999999999999993,0.0817719680464779,0,1,0.1875
716,tail_favored,tail_favored,0,0.04999999999999993,0.16913250148544268,0,1,0.125
717,tail_favored,tail_favored,0,0.04999999999999993,0.07679738562091498,0,1,0.09375
718,tail_favored,tail_favored,0,0.04999999999999993,0.1581871345029241,0,1,0.3125
719,tail_favored,tail_favored,0,0.04999999999999993,0.040196078431372406,0,1,0.1875
720,tail_favored,tail_favored,0,0.04999999999999993,0.05326797385620918,0,1,0.125
721,tail_favored,tail_favored,0,0.04999999999999993,0.11349206349206337,0,1,0.09375
722,tail_favored,tail_favored,0,0.04999999999999993,0.0744238046095631,0,1,0.09375
723,tail_favored,tail_favored,0,0.04999999999999993,0.10555555555555546,0,1,0.125
724,tail_favored,tail_favored,0,0.04999999999999993,0.03202614379084967,0,1,0.125
725,tail_favored,tail_favored,0,0.04999999999999993,0.02512077294685988,0,1,0.0625
726,tail_favored,tail_favored,0,0.04999999999999993,0.07414669571532317,0,1,0.0625
727,tail_favored,tail_favored,0,0.04999999999999993,0.015196078431372606,0,1,0.125
728,tail_favored,tail_favored,0,0.04999999999999993,0.0728758169934639,0,1,0.1875
729,tail_favored,tail_favored,0,0.04999999999999993,0.008424110384894767,0,1,0.125
730,tail_favored,tail_favored,0,0.04999999999999993,0.11009440813362381,0,1,0.125
731,tail_favored,tail_favored,0,0.04999999999999993,0.11917211328976024,0,1,0.15625
732,tail_favored,head_favored,1,0.04999999999999993,0.03720330237358105,0,1,0.09375
733,tail_favored,tail_favored,0,0.04999999999999993,0.06218062982768863,0,1,0.125
734,tail_favored,tail_favored,0,0.04999999999999993,0.08086419753086416,0,1,0.1875
735,tail_favored,head_favored,1,0.04999999999999993,0.03599931200550388,0,1,0.125
736,tail_favored,tail_favored,0,0.04999999999999993,0.08031953522149593,0,1,0.09375
737,tail_favored,head_favored,1,0.04999999999999993,0.015432098765432167,0,1,0.0625
738,tail_favored,head_favored,1,0.04999999999999993,0.008823529411764786,0,1,0.09375
739,tail_favored,tail_favored,0,0.04999999999999993,0.06113895850737944,0,1,0.03125
740,tail_favored,tail_favored,0,0.04999999999999993,0.018868249054007635,0,1,0.09375
741,tail_favored,head_favored,1,0.04999999999999993,0.043314093314093305,0,1,0.03125
742,tail_favored,tail_favored,0,0.04999999999999993,0.03366013071895424,0,1,0.125
743,tail_favored,head_favored,1,0.04999999999999993,0.015302144249512706,0,1,0.125
744,tail_favored,tail_favored,0,0.04999999999999993,0.0037037037037036535,0,0,0.0
745,tail_favored,tail_favored,0,0.04999999999999993,0.04401280980228339,0,1,0.09375
746,tail_favored,tail_favored,0,0.04999999999999993,0.08086419753086405,0,1,0.21875
747,tail_favored,tail_favored,0,0.04999999999999993,0.0689594356261023,0,1,0.15625
748,tail_favored,tail_favored,0,0.04999999999999993,0.04232026143790846,0,1,0.15625
749,tail_favored,tail_favored,0,0.04999999999999993,0.06977984176126584,0,1,0.125
750,tail_favored,head_favored,1,0.04999999999999993,0.020424836601307228,0,1,0.03125
751,tail_favored,head_favored,1,0.04999999999999993,0.06194653299916464,0,1,0.0625
752,tail_favored,tail_favored,0,0.04999999999999993,0.07339181286549701,0,1,0.09375
753,tail_favored,tail_favored,0,0.04999999999999993,0.07139037433155088,0,1,0.0625
754,tail_favored,head_favored,1,0.04999999999999993,0.08226694186446515,0,1,0.15625
755,tail_favored,tail_favored,0,0.04999999999999993,0.09783950617283943,0,1,0.1875
756,tail_favored,head_favored,1,0.04999999999999993,0.004466230936819193,0,1,0.09375
757,tail_favored,tail_favored,0,0.04999999999999993,0.09213966288269687,0,1,0.125
758,tail_favored,tail_favored,0,0.04999999999999993,0.023856209150326824,0,1,0.15625
759,tail_favored,tail_favored,0,0.04999999999999993,0.13173210804789742,0,1,0.125
760,tail_favored,tail_favored,0,0.04999999999999993,0.056879944960440354,0,1,0.09375
761,tail_favored,head_favored,1,0.04999999999999993,0.0339181286549709,0,1,0.03125
762,tail_favored,tail_favored,0,0.04999999999999993,0.1253086419753086,0,1,0.125
763,tail_favored,tail_favored,0,0.04999999999999993,0.13135534915720676,0,1,0.09375
764,tail_favored,tail_favored,0,0.04999999999999993,0.14519168291098106,0,1,0.15625
765,tail_favored,tail_favored,0,0.04999999999999993,0.0962962962962961,0,1,0.125
766,tail_favored,tail_favored,0,0.04999999999999993,0.024582425562817867,0,1,0.0625
767,tail_favored,tail_favored,0,0.04999999999999993,0.015944272445820418,0,1,0.0625
768,tail_favored,tail_favored,0,0.04999999999999993,0.10092592592592586,0,1,0.125
769,tail_favored,tail_favored,0,0.04999999999999993,0.08443794671864846,0,1,0.15625
770,tail_favored,tail_favored,0,0.04999999999999993,0.11790123456790114,0,1,0.09375
771,tail_favored,head_favored,1,0.04999999999999993,0.09760348583877987,0,0,0.0
772,tail_favored,tail_favored,0,0.04999999999999993,0.0393048128342246,0,1,0.15625
773,tail_favored,tail_favored,0,0.04999999999999993,0.0839506172839507,0,1,0.15625
774,tail_favored,tail_favored,0,0.04999999999999993,0.003216374269005673,0,1,0.0625
775,tail_favored,head_favored,1,0.04999999999999993,0.033986928104575154,0,1,0.0625
776,tail_favored,head_favored,1,0.04999999999999993,0.01063907044299206,0,0,0.0
777,tail_favored,tail_favored,0,0.04999999999999993,0.033686067019400356,0,1,0.125
778,tail_favored,head_favored,1,0.04999999999999993,0.0782679738562091,0,1,0.125
779,tail_favored,head_favored,1,0.04999999999999993,0.02293697205977907,0,1,0.09375
780,tail_favored,tail_favored,0,0.04999999999999993,0.05137598899208795,0,1,0.1875
781,tail_favored,tail_favored,0,0.04999999999999993,0.1259414877061935,0,1,0.0625
782,tail_favored,tail_favored,0,0.04999999999999993,0.13333333333333341,0,1,0.15625
783,tail_favored,tail_favored,0,0.04999999999999993,0.053086419753086256,0,1,0.0625
784,tail_favored,tail_favored,0,0.04999999999999993,0.006484348125215034,0,1,0.0625
785,tail_favored,tail_favored,0,0.04999999999999993,0.015969215969215966,0,1,0.0625
786,tail_favored,head_favored,1,0.04999999999999993,0.06020334059549759,0,1,0.03125
787,tail_favored,head_favored,1,0.04999999999999993,0.0731319038336582,0,1,0.125
788,tail_favored,head_favored,1,0.04999999999999993,0.014814814814815058,0,1,0.03125
789,tail_favored,tail_favored,0,0.04999999999999993,0.040740740740740744,0,1,0.09375
790,tail_favored,tail_favored,0,0.04999999999999993,0.14061200237670818,0,1,0.15625
791,tail_favored,tail_favored,0,0.04999999999999993,0.04932903918411158,0,1,0.0625
792,tail_favored,tail_favored,0,0.04999999999999993,0.093515651874785,0,1,0.0625
793,tail_favored,tail_favored,0,0.04999999999999993,0.03716699155295633,0,1,0.0625
794,tail_favored,tail_favored,0,0.04999999999999993,0.05980392156862746,0,1,0.0625
795,tail_favored,tail_favored,0,0.04999999999999993,0.01783625730994154,0,1,0.09375
796,tail_favored,head_favored,1,0.04999999999999993,0.07002923976608205,0,1,0.03125
797,tail_favored,tail_favored,0,0.04999999999999993,0.037788097695218514,0,1,0.09375
798,tail_favored,tail_favored,0,0.04999999999999993,0.023684210526315752,0,1,0.0625
799,tail_favored,tail_favored,0,0.04999999999999993,0.08703703703703691,0,1,0.15625
800,tail_favored,tail_favored,0,0.04999999999999993,0.0570987654320988,0,1,0.1875
801,tail_favored,tail_favored,0,0.04999999999999993,0.13968772694262882,0,1,0.0625
802,tail_favored,tail_favored,0,0.04999999999999993,0.04558823529411771,0,1,0.09375
803,tail_favored,tail_favored,0,0.04999999999999993,0.08703703703703702,0,1,0.15625
804,tail_favored,tail_favored,0,0.04999999999999993,0.04727668845315902,0,1,0.0625
805,tail_favored,tail_favored,0,0.04999999999999993,0.012313190383365757,0,1,0.03125
806,tail_favored,tail_favored,0,0.04999999999999993,0.16147421931735645,0,1,0.21875
807,tail_favored,tail_favored,0,0.04999999999999993,0.08611111111111108,0,1,0.09375
808,tail_favored,tail_favored,0,0.04999999999999993,0.10277777777777775,0,1,0.03125
809,tail_favored,head_favored,1,0.04999999999999993,0.05706504824151876,0,1,0.0625
810,tail_favored,tail_favored,0,0.04999999999999993,0.11153641679957466,0,1,0.09375
811,tail_favored,tail_favored,0,0.04999999999999993,0.062345679012345556,0,0,0.0
812,tail_favored,tail_favored,0,0.04999999999999993,0.04206349206349197,0,1,0.03125
813,tail_favored,tail_favored,0,0.04999999999999993,0.03398774714564168,0,1,0.09375
814,tail_favored,tail_favored,0,0.04999999999999993,0.14444444444444426,0,1,0.15625
815,tail_favored,tail_favored,0,0.04999999999999993,0.01284829721362235,0,1,0.125
816,tail_favored,head_favored,1,0.04999999999999993,0.0186274509803922,0,1,0.09375
817,tail_favored,head_favored,1,0.04999999999999993,0.02688338493292064,0,1,0.09375
818,tail_favored,tail_favored,0,0.04999999999999993,0.043827160493827066,0,1,0.09375
819,tail_favored,head_favored,1,0.04999999999999993,0.025000000000000133,0,1,0.09375
820,tail_favored,tail_favored,0,0.04999999999999993,0.05653594771241832,0,1,0.15625
821,tail_favored,tail_favored,0,0.04999999999999993,0.06879084967320259,0,1,0.15625
822,tail_favored,head_favored,1,0.04999999999999993,0.03730158730158739,0,1,0.09375
823,tail_favored,tail_favored,0,0.04999999999999993,0.15767113863089094,0,1,0.15625
824,tail_favored,tail_favored,0,0.04999999999999993,0.022136222910216663,0,1,0.125
825,tail_favored,tail_favored,0,0.04999999999999993,0.06601307189542471,0,1,0.03125
826,tail_favored,tail_favored,0,0.04999999999999993,0.06771585827313398,0,1,0.0625
827,tail_favored,tail_favored,0,0.04999999999999993,0.04738562091503262,0,1,0.09375
828,tail_favored,head_favored,1,0.04999999999999993,0.031699346405228646,0,1,0.125
829,tail_favored,tail_favored,0,0.04999999999999993,0.10311890838206628,0,1,0.09375
830,tail_favored,head_favored,1,0.04999999999999993,0.09143064633260722,0,1,0.03125
831,tail_favored,tail_favored,0,0.04999999999999993,0.14502923976608184,0,1,0.15625
832,tail_favored,tail_favored,0,0.04999999999999993,0.14223817118553955,0,1,0.0625
833,tail_favored,tail_favored,0,0.04999999999999993,0.10847953216374279,0,1,0.09375
834,tail_favored,tail_favored,0,0.04999999999999993,0.08174603174603168,0,1,0.125
835,tail_favored,head_favored,1,0.04999999999999993,0.02172342621259027,0,1,0.09375
836,tail_favored,tail_favored,0,0.04999999999999993,0.007516339869281019,0,1,0.0625
837,tail_favored,tail_favored,0,0.04999999999999993,0.015504720406681272,0,1,0.0625
838,tail_favored,head_favored,1,0.04999999999999993,0.0024691358024693244,0,1,0.03125
839,tail_favored,tail_favored,0,0.04999999999999993,0.08395061728395048,0,1,0.1875
840,tail_favored,tail_favored,0,0.04999999999999993,0.01781305114638454,0,1,0.09375
841,tail_favored,tail_favored,0,0.04999999999999993,0.040740740740740744,0,1,0.125
842,tail_favored,head_favored,1,0.04999999999999993,0.02021604938271604,0,1,0.0625
843,tail_favored,tail_favored,0,0.04999999999999993,0.0006172839506171091,0,1,0.125
844,tail_favored,tail_favored,0,0.04999999999999993,0.015297230003112339,0,1,0.03125
845,tail_favored,head_favored,1,0.04999999999999993,0.005555555555555647,0,1,0.125
846,tail_favored,head_favored,1,0.04999999999999993,0.002287581699346619,0,1,0.03125
847,tail_favored,tail_favored,0,0.04999999999999993,0.10000000000000003,0,1,0.125
848,tail_favored,tail_favored,0,0.04999999999999993,0.1474945533769063,0,1,0.15625
849,tail_favored,tail_favored,0,0.04999999999999993,0.10228758169934632,0,1,0.09375
850,tail_favored,head_favored,1,0.04999999999999993,0.04670231729055263,0,1,0.03125
851,tail_favored,head_favored,1,0.04999999999999993,0.010457516339869244,0,1,0.09375
852,tail_favored,tail_favored,0,0.04999999999999993,0.0981481481481481,0,1,0.125
853,tail_favored,tail_favored,0,0.04999999999999993,0.07069716775599133,0,1,0.125
854,tail_favored,tail_favored,0,0.04999999999999993,0.04897660818713445,0,1,0.125
855,tail_favored,head_favored,1,0.04999999999999993,0.04832451499118162,0,1,0.0625
856,tail_favored,tail_favored,0,0.04999999999999993,0.09907195525044488,0,1,0.0625
857,tail_favored,tail_favored,0,0.04999999999999993,0.17489557226399327,0,1,0.09375
858,tail_favored,tail_favored,0,0.04999999999999993,0.09269005847953221,0,1,0.0625
859,tail_favored,tail_favored,0,0.04999999999999993,0.02839506172839501,0,1,0.09375
860,tail_favored,tail_favored,0,0.04999999999999993,0.07777777777777783,0,1,0.15625
861,tail_favored,tail_favored,0,0.04999999999999993,0.12929136566907468,0,1,0.125
862,tail_favored,tail_favored,0,0.04999999999999993,0.0694358445132438,0,1,0.0625
863,tail_favored,tail_favored,0,0.04999999999999993,0.04465240641711227,0,0,0.0
864,tail_favored,tail_favored,0,0.04999999999999993,0.03725490196078429,0,1,0.0625
865,tail_favored,tail_favored,0,0.04999999999999993,0.0469135802469135,0,1,0.09375
866,tail_favored,tail_favored,0,0.04999999999999993,0.030718954248366015,0,1,0.125
867,tail_favored,tail_favored,0,0.04999999999999993,0.15955493308434493,0,1,0.125
868,tail_favored,tail_favored,0,0.04999999999999993,0.047222222222222276,0,1,0.0625
869,tail_favored,head_favored,1,0.04999999999999993,0.07127814088598394,0,0,0.0
870,tail_favored,head_favored,1,0.04999999999999993,0.08007054673721337,0,1,0.0625
871,tail_favored,tail_favored,0,0.04999999999999993,0.02777777777777768,0,1,0.09375
872,tail_favored,tail_favored,0,0.04999999999999993,0.051997095134350024,0,0,0.0
873,tail_favored,tail_favored,0,0.04999999999999993,0.06823185414516675,0,1,0.125
874,tail_favored,tail_favored,0,0.04999999999999993,0.0017066085693535626,0,1,0.09375
875,tail_favored,tail_favored,0,0.04999999999999993,0.06994949494949487,0,1,0.15625
876,tail_favored,head_favored,1,0.04999999999999993,0.042731829573934954,0,1,0.09375
877,tail_favored,tail_favored,0,0.04999999999999993,0.07459580323357395,0,1,0.03125
878,tail_favored,tail_favored,0,0.04999999999999993,0.07160493827160486,0,1,0.09375
879,tail_favored,tail_favored,0,0.04999999999999993,0.012962962962962954,0,1,0.09375
880,tail_favored,head_favored,1,0.04999999999999993,0.0024691358024693244,0,1,0.03125
881,tail_favored,tail_favored,0,0.04999999999999993,0.022222222222222254,0,1,0.0625
882,tail_favored,tail_favored,0,0.04999999999999993,0.09144620811287457,0,1,0.125
883,tail_favored,head_favored,1,0.04999999999999993,0.02189542483660134,0,1,0.0625
884,tail_favored,tail_favored,0,0.04999999999999993,0.009226770630279435,0,1,0.03125
885,tail_favored,tail_favored,0,0.04999999999999993,0.05701754385964908,0,1,0.125
886,tail_favored,tail_favored,0,0.04999999999999993,0.015256277949776464,0,1,0.0625
887,tail_favored,tail_favored,0,0.04999999999999993,0.03420479302832247,0,1,0.125
888,tail_favored,tail_favored,0,0.04999999999999993,0.037788097695218514,0,1,0.09375
889,tail_favored,head_favored,1,0.04999999999999993,0.006172839506172978,0,1,0.03125
890,tail_favored,tail_favored,0,0.04999999999999993,0.03211214310285515,0,1,0.1875
891,tail_favored,tail_favored,0,0.04999999999999993,0.11608569353667386,0,1,0.125
892,tail_favored,tail_favored,0,0.04999999999999993,0.00987654320987641,0,1,0.09375
893,tail_favored,tail_favored,0,0.04999999999999993,0.07532679738562087,0,1,0.0625
894,tail_favored,tail_favored,0,0.04999999999999993,0.12894736842105253,0,1,0.21875
895,tail_favored,tail_favored,0,0.04999999999999993,0.00424836601307188,0,1,0.09375
896,tail_favored,tail_favored,0,0.04999999999999993,0.1169729880256195,0,1,0.125
897,tail_favored,tail_favored,0,0.04999999999999993,0.16093911248710008,0,1,0.125
898,tail_favored,tail_favored,0,0.04999999999999993,0.0037037037037037646,0,0,0.0
899,tail_favored,tail_favored,0,0.04999999999999993,0.057163742690058306,0,1,0.125
900,tail_favored,tail_favored,0,0.04999999999999993,0.12570806100217863,0,1,0.15625
901,tail_favored,tail_favored,0,0.04999999999999993,0.13888888888888873,0,1,0.125
902,tail_favored,head_favored,1,0.04999999999999993,0.0024691358024692134,0,1,0.0625
903,tail_favored,tail_favored,0,0.04999999999999993,0.1696441539578794,0,1,0.1875
904,tail_favored,head_favored,1,0.04999999999999993,0.011052631578947314,0,1,0.15625
905,tail_favored,head_favored,1,0.04999999999999993,0.03447712418300641,0,1,0.0625
906,tail_favored,head_favored,1,0.04999999999999993,0.0014944769330734742,0,1,0.03125
907,tail_favored,tail_favored,0,0.04999999999999993,0.06512345679012344,0,1,0.15625
908,tail_favored,tail_favored,0,0.04999999999999993,0.0037037037037036535,0,1,0.0625
909,tail_favored,tail_favored,0,0.04999999999999993,0.09101307189542474,0,1,0.1875
910,tail_favored,tail_favored,0,0.04999999999999993,0.04298245614035079,0,1,0.0625
911,tail_favored,head_favored,1,0.04999999999999993,0.045098039215686225,0,1,0.0625
912,tail_favored,tail_favored,0,0.04999999999999993,0.0746913580246914,0,1,0.0625
913,tail_favored,head_favored,1,0.04999999999999993,0.006759545923632593,0,1,0.15625
914,tail_favored,tail_favored,0,0.04999999999999993,0.03641975308641965,0,1,0.09375
915,tail_favored,tail_favored,0,0.04999999999999993,0.08086419753086405,0,1,0.15625
916,tail_favored,tail_favored,0,0.04999999999999993,0.041228070175438725,0,1,0.0625
917,tail_favored,head_favored,1,0.04999999999999993,0.038407292741658106,0,1,0.0625
918,tail_favored,head_favored,1,0.04999999999999993,0.04025832555244324,0,1,0.125
919,tail_favored,head_favored,1,0.04999999999999993,0.044054580896686235,0,1,0.09375
920,tail_favored,tail_favored,0,0.04999999999999993,0.03166303558460415,0,1,0.0625
921,tail_favored,head_favored,1,0.04999999999999993,0.025941487706193644,0,1,0.09375
922,tail_favored,tail_favored,0,0.04999999999999993,0.04035087719298236,0,1,0.09375
923,tail_favored,tail_favored,0,0.04999999999999993,0.05881834215167553,0,1,0.0625
924,tail_favored,tail_favored,0,0.04999999999999993,0.11717501815541026,0,1,0.09375
925,tail_favored,head_favored,1,0.04999999999999993,0.07872185911401597,0,1,0.03125
926,tail_favored,tail_favored,0,0.04999999999999993,0.043909685086155614,0,1,0.03125
927,tail_favored,tail_favored,0,0.04999999999999993,0.07459580323357412,0,1,0.03125
928,tail_favored,head_favored,1,0.04999999999999993,0.010543515651874724,0,1,0.09375
929,tail_favored,tail_favored,0,0.04999999999999993,0.24047619047619034,0,1,0.1875
930,tail_favored,tail_favored,0,0.04999999999999993,0.12980599647266294,0,1,0.125
931,tail_favored,tail_favored,0,0.04999999999999993,0.05153160679476454,0,1,0.0625
932,tail_favored,tail_favored,0,0.04999999999999993,0.04999999999999993,0,1,0.15625
933,tail_favored,tail_favored,0,0.04999999999999993,0.15890652557319218,0,1,0.1875
934,tail_favored,head_favored,1,0.04999999999999993,0.08580246913580242,0,1,0.03125
935,tail_favored,tail_favored,0,0.04999999999999993,0.04787581699346399,0,1,0.03125
936,tail_favored,head_favored,1,0.04999999999999993,0.045029239766081974,0,1,0.0625
937,tail_favored,tail_favored,0,0.04999999999999993,0.06771585827313376,0,1,0.09375
938,tail_favored,tail_favored,0,0.04999999999999993,0.08267973856209154,0,1,0.125
939,tail_favored,tail_favored,0,0.04999999999999993,0.1583591331269349,0,1,0.15625
940,tail_favored,tail_favored,0,0.04999999999999993,0.08405572755417956,0,1,0.0625
941,tail_favored,tail_favored,0,0.04999999999999993,0.11501547987616095,0,1,0.125
942,tail_favored,tail_favored,0,0.04999999999999993,0.07390780873753011,0,1,0.0625
943,tail_favored,tail_favored,0,0.04999999999999993,0.10864197530864189,0,1,0.09375
944,tail_favored,tail_favored,0,0.04999999999999993,0.08938768489852078,0,1,0.15625
945,tail_favored,tail_favored,0,0.04999999999999993,0.06429499675113715,0,1,0.09375
946,tail_favored,head_favored,1,0.04999999999999993,0.06850705194358442,0,1,0.03125
947,tail_favored,tail_favored,0,0.04999999999999993,0.0642156862745098,0,1,0.0625
948,tail_favored,tail_favored,0,0.04999999999999993,0.15550887021475251,0,1,0.15625
949,tail_favored,tail_favored,0,0.04999999999999993,0.14270725834193315,0,1,0.0625
950,tail_favored,tail_favored,0,0.04999999999999993,0.07632534495279586,0,1,0.09375
951,tail_favored,tail_favored,0,0.04999999999999993,0.0045923632610939125,0,1,0.03125
952,tail_favored,tail_favored,0,0.04999999999999993,0.059595959595959536,0,1,0.09375
953,tail_favored,tail_favored,0,0.04999999999999993,0.11734006734006719,0,1,0.09375
954,tail_favored,tail_favored,0,0.04999999999999993,0.014224286205710368,0,1,0.125
955,tail_favored,tail_favored,0,0.04999999999999993,0.08543171654626747,0,1,0.1875
956,tail_favored,head_favored,1,0.04999999999999993,0.04477124183006531,0,1,0.0625
957,tail_favored,head_favored,1,0.04999999999999993,0.012962962962963065,0,1,0.03125
958,tail_favored,tail_favored,0,0.04999999999999993,0.05996732026143792,0,1,0.1875
959,tail_favored,head_favored,1,0.04999999999999993,0.056060606060606144,0,1,0.03125
960,tail_favored,tail_favored,0,0.04999999999999993,0.02140522875816986,0,1,0.125
961,tail_favored,tail_favored,0,0.04999999999999993,0.0009421702404158738,0,1,0.0625
962,tail_favored,tail_favored,0,0.04999999999999993,0.06289989680082553,0,0,0.0
963,tail_favored,tail_favored,0,0.04999999999999993,0.022144413320884015,0,1,0.125
964,tail_favored,tail_favored,0,0.04999999999999993,0.055291005291005224,0,1,0.09375
965,tail_favored,head_favored,1,0.04999999999999993,0.07779497764017895,0,1,0.09375
966,tail_favored,tail_favored,0,0.04999999999999993,0.10326797385620923,0,1,0.125
967,tail_favored,tail_favored,0,0.04999999999999993,0.07469135802469123,0,1,0.03125
968,tail_favored,head_favored,1,0.04999999999999993,0.0031953522149601454,0,1,0.03125
969,tail_favored,tail_favored,0,0.04999999999999993,0.07287581699346402,0,1,0.15625
970,tail_favored,tail_favored,0,0.04999999999999993,0.10370370370370363,0,1,0.03125
971,tail_favored,tail_favored,0,0.04999999999999993,0.04128540305010886,0,1,0.09375
972,tail_favored,tail_favored,0,0.04999999999999993,0.11862745098039207,0,1,0.15625
973,tail_favored,tail_favored,0,0.04999999999999993,0.06234567901234567,0,1,0.09375
974,tail_favored,tail_favored,0,0.04999999999999993,0.24401444788441684,0,1,0.21875
975,tail_favored,tail_favored,0,0.04999999999999993,0.00029239766081867735,0,1,0.03125
976,tail_favored,tail_favored,0,0.04999999999999993,0.1358024691358024,0,1,0.21875
977,tail_favored,tail_favored,0,0.04999999999999993,0.057456140350877205,0,1,0.125
978,tail_favored,tail_favored,0,0.04999999999999993,0.14103641456582627,0,1,0.1875
979,tail_favored,head_favored,1,0.04999999999999993,0.005555555555555758,0,1,0.03125
980,tail_favored,tail_favored,0,0.04999999999999993,0.06615831517792292,0,1,0.09375
981,tail_favored,tail_favored,0,0.04999999999999993,0.025308641975308688,0,1,0.15625
982,tail_favored,tail_favored,0,0.04999999999999993,0.009752321981424061,0,1,0.0625
983,tail_favored,head_favored,1,0.04999999999999993,0.05185185185185193,0,1,0.03125
984,tail_favored,head_favored,1,0.04999999999999993,0.036257309941520544,0,1,0.125
985,tail_favored,tail_favored,0,0.04999999999999993,0.041534391534391424,0,1,0.03125
986,tail_favored,tail_favored,0,0.04999999999999993,0.11866804692891642,0,1,0.09375
987,tail_favored,head_favored,1,0.04999999999999993,0.09814814814814832,0,1,0.03125
988,tail_favored,head_favored,1,0.04999999999999993,0.011728395061728403,0,1,0.09375
989,tail_favored,tail_favored,0,0.04999999999999993,0.16401597676107477,0,1,0.21875
990,tail_favored,head_favored,1,0.04999999999999993,0.011241065627030533,0,1,0.0625
991,tail_favored,tail_favored,0,0.04999999999999993,0.025308641975308466,0,1,0.09375
992,tail_favored,tail_favored,0,0.04999999999999993,0.0957516339869281,0,1,0.09375
993,tail_favored,tail_favored,0,0.04999999999999993,0.07904865649963688,0,1,0.0625
994,tail_favored,tail_favored,0,0.04999999999999993,0.023202614379084996,0,1,0.0625
995,tail_favored,tail_favored,0,0.04999999999999993,0.13986928104575175,0,1,0.09375
996,tail_favored,head_favored,1,0.04999999999999993,0.033688547882921305,0,1,0.03125
997,tail_favored,tail_favored,0,0.04999999999999993,0.02839506172839501,0,1,0.09375
998,tail_favored,head_favored,1,0.04999999999999993,0.03578431372549018,0,1,0.125
999,tail_favored,tail_favored,0,0.04999999999999993,0.03638344226579515,0,1,0.0625
