checkpoint_path,algorithm,seed,test_env,lambda_used,oracle_lambda,metric,oracle_value,used_value,used_deployment_mean_accuracy,oracle_deployment_mean_accuracy,deployment_wide_pseudo_regret,pseudo_regret,regret_type,true_regret
C:\Users\320257223\PycharmProjects\domain_gen_IL\results\cmnist_exp\ckpts\0268e00ec2b36c8905d74119a90e1e81_best.pkl,iro,0,0.0,0.0,0.2,accuracy,0.69154,0.6746,0.6910000000000001,0.69154,0.0005399999999999849,0.0005399999999999849,same_checkpoint_deployment_wide_lambda_oracle,
C:\Users\320257223\PycharmProjects\domain_gen_IL\results\cmnist_exp\ckpts\0268e00ec2b36c8905d74119a90e1e81_best.pkl,iro,0,0.0,0.1,0.2,accuracy,0.69154,0.6753,0.6913199999999999,0.69154,0.000220000000000109,0.000220000000000109,same_checkpoint_deployment_wide_lambda_oracle,
C:\Users\320257223\PycharmProjects\domain_gen_IL\results\cmnist_exp\ckpts\0268e00ec2b36c8905d74119a90e1e81_best.pkl,iro,0,0.0,0.2,0.2,accuracy,0.69154,0.6748,0.69154,0.69154,0.0,0.0,same_checkpoint_deployment_wide_lambda_oracle,
C:\Users\320257223\PycharmProjects\domain_gen_IL\results\cmnist_exp\ckpts\0268e00ec2b36c8905d74119a90e1e81_best.pkl,iro,0,0.0,0.3,0.2,accuracy,0.69154,0.6724,0.69024,0.69154,0.0013000000000000789,0.0013000000000000789,same_checkpoint_deployment_wide_lambda_oracle,
C:\Users\320257223\PycharmProjects\domain_gen_IL\results\cmnist_exp\ckpts\0268e00ec2b36c8905d74119a90e1e81_best.pkl,iro,0,0.0,0.4,0.2,accuracy,0.69154,0.6723,0.68902,0.69154,0.0025200000000000777,0.0025200000000000777,same_checkpoint_deployment_wide_lambda_oracle,
C:\Users\320257223\PycharmProjects\domain_gen_IL\results\cmnist_exp\ckpts\0268e00ec2b36c8905d74119a90e1e81_best.pkl,iro,0,0.0,0.5,0.2,accuracy,0.69154,0.6722,0.68982,0.69154,0.0017200000000000548,0.0017200000000000548,same_checkpoint_deployment_wide_lambda_oracle,
C:\Users\320257223\PycharmProjects\domain_gen_IL\results\cmnist_exp\ckpts\0268e00ec2b36c8905d74119a90e1e81_best.pkl,iro,0,0.0,0.6,0.2,accuracy,0.69154,0.6718,0.68952,0.69154,0.0020200000000000218,0.0020200000000000218,same_checkpoint_deployment_wide_lambda_oracle,
C:\Users\320257223\PycharmProjects\domain_gen_IL\results\cmnist_exp\ckpts\0268e00ec2b36c8905d74119a90e1e81_best.pkl,iro,0,0.0,0.7,0.2,accuracy,0.69154,0.6735,0.69036,0.69154,0.0011800000000000699,0.0011800000000000699,same_checkpoint_deployment_wide_lambda_oracle,
C:\Users\320257223\PycharmProjects\domain_gen_IL\results\cmnist_exp\ckpts\0268e00ec2b36c8905d74119a90e1e81_best.pkl,iro,0,0.0,0.8,0.2,accuracy,0.69154,0.6734,0.69036,0.69154,0.0011800000000000699,0.0011800000000000699,same_checkpoint_deployment_wide_lambda_oracle,
C:\Users\320257223\PycharmProjects\domain_gen_IL\results\cmnist_exp\ckpts\0268e00ec2b36c8905d74119a90e1e81_best.pkl,iro,0,0.0,0.9,0.2,accuracy,0.69154,0.672,0.69016,0.69154,0.0013800000000000479,0.0013800000000000479,same_checkpoint_deployment_wide_lambda_oracle,
C:\Users\320257223\PycharmProjects\domain_gen_IL\results\cmnist_exp\ckpts\0268e00ec2b36c8905d74119a90e1e81_best.pkl,iro,0,0.0,1.0,0.2,accuracy,0.69154,0.6702,0.6897599999999999,0.69154,0.0017800000000001148,0.0017800000000001148,same_checkpoint_deployment_wide_lambda_oracle,
C:\Users\320257223\PycharmProjects\domain_gen_IL\results\cmnist_exp\ckpts\0268e00ec2b36c8905d74119a90e1e81_best.pkl,iro,0,0.1,0.0,0.2,accuracy,0.69154,0.6765,0.6910000000000001,0.69154,0.0005399999999999849,0.0005399999999999849,same_checkpoint_deployment_wide_lambda_oracle,
C:\Users\320257223\PycharmProjects\domain_gen_IL\results\cmnist_exp\ckpts\0268e00ec2b36c8905d74119a90e1e81_best.pkl,iro,0,0.1,0.1,0.2,accuracy,0.69154,0.6774,0.6913199999999999,0.69154,0.000220000000000109,0.000220000000000109,same_checkpoint_deployment_wide_lambda_oracle,
C:\Users\320257223\PycharmProjects\domain_gen_IL\results\cmnist_exp\ckpts\0268e00ec2b36c8905d74119a90e1e81_best.pkl,iro,0,0.1,0.2,0.2,accuracy,0.69154,0.6769,0.69154,0.69154,0.0,0.0,same_checkpoint_deployment_wide_lambda_oracle,
C:\Users\320257223\PycharmProjects\domain_gen_IL\results\cmnist_exp\ckpts\0268e00ec2b36c8905d74119a90e1e81_best.pkl,iro,0,0.1,0.3,0.2,accuracy,0.69154,0.6739,0.69024,0.69154,0.0013000000000000789,0.0013000000000000789,same_checkpoint_deployment_wide_lambda_oracle,
C:\Users\320257223\PycharmProjects\domain_gen_IL\results\cmnist_exp\ckpts\0268e00ec2b36c8905d74119a90e1e81_best.pkl,iro,0,0.1,0.4,0.2,accuracy,0.69154,0.6733,0.68902,0.69154,0.0025200000000000777,0.0025200000000000777,same_checkpoint_deployment_wide_lambda_oracle,
C:\Users\320257223\PycharmProjects\domain_gen_IL\results\cmnist_exp\ckpts\0268e00ec2b36c8905d74119a90e1e81_best.pkl,iro,0,0.1,0.5,0.2,accuracy,0.69154,0.673,0.68982,0.69154,0.0017200000000000548,0.0017200000000000548,same_checkpoint_deployment_wide_lambda_oracle,
C:\Users\320257223\PycharmProjects\domain_gen_IL\results\cmnist_exp\ckpts\0268e00ec2b36c8905d74119a90e1e81_best.pkl,iro,0,0.1,0.6,0.2,accuracy,0.69154,0.6731,0.68952,0.69154,0.0020200000000000218,0.0020200000000000218,same_checkpoint_deployment_wide_lambda_oracle,
C:\Users\320257223\PycharmProjects\domain_gen_IL\results\cmnist_exp\ckpts\0268e00ec2b36c8905d74119a90e1e81_best.pkl,iro,0,0.1,0.7,0.2,accuracy,0.69154,0.674,0.69036,0.69154,0.0011800000000000699,0.0011800000000000699,same_checkpoint_deployment_wide_lambda_oracle,
C:\Users\320257223\PycharmProjects\domain_gen_IL\results\cmnist_exp\ckpts\0268e00ec2b36c8905d74119a90e1e81_best.pkl,iro,0,0.1,0.8,0.2,accuracy,0.69154,0.6745,0.69036,0.69154,0.0011800000000000699,0.0011800000000000699,same_checkpoint_deployment_wide_lambda_oracle,
C:\Users\320257223\PycharmProjects\domain_gen_IL\results\cmnist_exp\ckpts\0268e00ec2b36c8905d74119a90e1e81_best.pkl,iro,0,0.1,0.9,0.2,accuracy,0.69154,0.6738,0.69016,0.69154,0.0013800000000000479,0.0013800000000000479,same_checkpoint_deployment_wide_lambda_oracle,
C:\Users\320257223\PycharmProjects\domain_gen_IL\results\cmnist_exp\ckpts\0268e00ec2b36c8905d74119a90e1e81_best.pkl,iro,0,0.1,1.0,0.2,accuracy,0.69154,0.6722,0.6897599999999999,0.69154,0.0017800000000001148,0.0017800000000001148,same_checkpoint_deployment_wide_lambda_oracle,
C:\Users\320257223\PycharmProjects\domain_gen_IL\results\cmnist_exp\ckpts\0268e00ec2b36c8905d74119a90e1e81_best.pkl,iro,0,0.5,0.0,0.2,accuracy,0.69154,0.6939,0.6910000000000001,0.69154,0.0005399999999999849,0.0005399999999999849,same_checkpoint_deployment_wide_lambda_oracle,
C:\Users\320257223\PycharmProjects\domain_gen_IL\results\cmnist_exp\ckpts\0268e00ec2b36c8905d74119a90e1e81_best.pkl,iro,0,0.5,0.1,0.2,accuracy,0.69154,0.6939,0.6913199999999999,0.69154,0.000220000000000109,0.000220000000000109,same_checkpoint_deployment_wide_lambda_oracle,
C:\Users\320257223\PycharmProjects\domain_gen_IL\results\cmnist_exp\ckpts\0268e00ec2b36c8905d74119a90e1e81_best.pkl,iro,0,0.5,0.2,0.2,accuracy,0.69154,0.6948,0.69154,0.69154,0.0,0.0,same_checkpoint_deployment_wide_lambda_oracle,
C:\Users\320257223\PycharmProjects\domain_gen_IL\results\cmnist_exp\ckpts\0268e00ec2b36c8905d74119a90e1e81_best.pkl,iro,0,0.5,0.3,0.2,accuracy,0.69154,0.6931,0.69024,0.69154,0.0013000000000000789,0.0013000000000000789,same_checkpoint_deployment_wide_lambda_oracle,
C:\Users\320257223\PycharmProjects\domain_gen_IL\results\cmnist_exp\ckpts\0268e00ec2b36c8905d74119a90e1e81_best.pkl,iro,0,0.5,0.4,0.2,accuracy,0.69154,0.6918,0.68902,0.69154,0.0025200000000000777,0.0025200000000000777,same_checkpoint_deployment_wide_lambda_oracle,
C:\Users\320257223\PycharmProjects\domain_gen_IL\results\cmnist_exp\ckpts\0268e00ec2b36c8905d74119a90e1e81_best.pkl,iro,0,0.5,0.5,0.2,accuracy,0.69154,0.6929,0.68982,0.69154,0.0017200000000000548,0.0017200000000000548,same_checkpoint_deployment_wide_lambda_oracle,
C:\Users\320257223\PycharmProjects\domain_gen_IL\results\cmnist_exp\ckpts\0268e00ec2b36c8905d74119a90e1e81_best.pkl,iro,0,0.5,0.6,0.2,accuracy,0.69154,0.6921,0.68952,0.69154,0.0020200000000000218,0.0020200000000000218,same_checkpoint_deployment_wide_lambda_oracle,
C:\Users\320257223\PycharmProjects\domain_gen_IL\results\cmnist_exp\ckpts\0268e00ec2b36c8905d74119a90e1e81_best.pkl,iro,0,0.5,0.7,0.2,accuracy,0.69154,0.6941,0.69036,0.69154,0.0011800000000000699,0.0011800000000000699,same_checkpoint_deployment_wide_lambda_oracle,
C:\Users\320257223\PycharmProjects\domain_gen_IL\results\cmnist_exp\ckpts\0268e00ec2b36c8905d74119a90e1e81_best.pkl,iro,0,0.5,0.8,0.2,accuracy,0.69154,0.6935,0.69036,0.69154,0.0011800000000000699,0.0011800000000000699,same_checkpoint_deployment_wide_lambda_oracle,
C:\Users\320257223\PycharmProjects\domain_gen_IL\results\cmnist_exp\ckpts\0268e00ec2b36c8905d74119a90e1e81_best.pkl,iro,0,0.5,0.9,0.2,accuracy,0.69154,0.6925,0.69016,0.69154,0.0013800000000000479,0.0013800000000000479,same_checkpoint_deployment_wide_lambda_oracle,
C:\Users\320257223\PycharmProjects\domain_gen_IL\results\cmnist_exp\ckpts\0268e00ec2b36c8905d74119a90e1e81_best.pkl,iro,0,0.5,1.0,0.2,accuracy,0.69154,0.6927,0.6897599999999999,0.69154,0.0017800000000001148,0.0017800000000001148,same_checkpoint_deployment_wide_lambda_oracle,
C:\Users\320257223\PycharmProjects\domain_gen_IL\results\cmnist_exp\ckpts\0268e00ec2b36c8905d74119a90e1e81_best.pkl,iro,0,0.9,0.0,0.2,accuracy,0.69154,0.7042,0.6910000000000001,0.69154,0.0005399999999999849,0.0005399999999999849,same_checkpoint_deployment_wide_lambda_oracle,
C:\Users\320257223\PycharmProjects\domain_gen_IL\results\cmnist_exp\ckpts\0268e00ec2b36c8905d74119a90e1e81_best.pkl,iro,0,0.9,0.1,0.2,accuracy,0.69154,0.7039,0.6913199999999999,0.69154,0.000220000000000109,0.000220000000000109,same_checkpoint_deployment_wide_lambda_oracle,
C:\Users\320257223\PycharmProjects\domain_gen_IL\results\cmnist_exp\ckpts\0268e00ec2b36c8905d74119a90e1e81_best.pkl,iro,0,0.9,0.2,0.2,accuracy,0.69154,0.7046,0.69154,0.69154,0.0,0.0,same_checkpoint_deployment_wide_lambda_oracle,
C:\Users\320257223\PycharmProjects\domain_gen_IL\results\cmnist_exp\ckpts\0268e00ec2b36c8905d74119a90e1e81_best.pkl,iro,0,0.9,0.3,0.2,accuracy,0.69154,0.7045,0.69024,0.69154,0.0013000000000000789,0.0013000000000000789,same_checkpoint_deployment_wide_lambda_oracle,
C:\Users\320257223\PycharmProjects\domain_gen_IL\results\cmnist_exp\ckpts\0268e00ec2b36c8905d74119a90e1e81_best.pkl,iro,0,0.9,0.4,0.2,accuracy,0.69154,0.7028,0.68902,0.69154,0.0025200000000000777,0.0025200000000000777,same_checkpoint_deployment_wide_lambda_oracle,
C:\Users\320257223\PycharmProjects\domain_gen_IL\results\cmnist_exp\ckpts\0268e00ec2b36c8905d74119a90e1e81_best.pkl,iro,0,0.9,0.5,0.2,accuracy,0.69154,0.7043,0.68982,0.69154,0.0017200000000000548,0.0017200000000000548,same_checkpoint_deployment_wide_lambda_oracle,
C:\Users\320257223\PycharmProjects\domain_gen_IL\results\cmnist_exp\ckpts\0268e00ec2b36c8905d74119a90e1e81_best.pkl,iro,0,0.9,0.6,0.2,accuracy,0.69154,0.7036,0.68952,0.69154,0.0020200000000000218,0.0020200000000000218,same_checkpoint_deployment_wide_lambda_oracle,
C:\Users\320257223\PycharmProjects\domain_gen_IL\results\cmnist_exp\ckpts\0268e00ec2b36c8905d74119a90e1e81_best.pkl,iro,0,0.9,0.7,0.2,accuracy,0.69154,0.7034,0.69036,0.69154,0.0011800000000000699,0.0011800000000000699,same_checkpoint_deployment_wide_lambda_oracle,
C:\Users\320257223\PycharmProjects\domain_gen_IL\results\cmnist_exp\ckpts\0268e00ec2b36c8905d74119a90e1e81_best.pkl,iro,0,0.9,0.8,0.2,accuracy,0.69154,0.7032,0.69036,0.69154,0.0011800000000000699,0.0011800000000000699,same_checkpoint_deployment_wide_lambda_oracle,
C:\Users\320257223\PycharmProjects\domain_gen_IL\results\cmnist_exp\ckpts\0268e00ec2b36c8905d74119a90e1e81_best.pkl,iro,0,0.9,0.9,0.2,accuracy,0.69154,0.7038,0.69016,0.69154,0.0013800000000000479,0.0013800000000000479,same_checkpoint_deployment_wide_lambda_oracle,
C:\Users\320257223\PycharmProjects\domain_gen_IL\results\cmnist_exp\ckpts\0268e00ec2b36c8905d74119a90e1e81_best.pkl,iro,0,0.9,1.0,0.2,accuracy,0.69154,0.7039,0.6897599999999999,0.69154,0.0017800000000001148,0.0017800000000001148,same_checkpoint_deployment_wide_lambda_oracle,
C:\Users\320257223\PycharmProjects\domain_gen_IL\results\cmnist_exp\ckpts\0268e00ec2b36c8905d74119a90e1e81_best.pkl,iro,0,1.0,0.0,0.2,accuracy,0.69154,0.7058,0.6910000000000001,0.69154,0.0005399999999999849,0.0005399999999999849,same_checkpoint_deployment_wide_lambda_oracle,
C:\Users\320257223\PycharmProjects\domain_gen_IL\results\cmnist_exp\ckpts\0268e00ec2b36c8905d74119a90e1e81_best.pkl,iro,0,1.0,0.1,0.2,accuracy,0.69154,0.7061,0.6913199999999999,0.69154,0.000220000000000109,0.000220000000000109,same_checkpoint_deployment_wide_lambda_oracle,
C:\Users\320257223\PycharmProjects\domain_gen_IL\results\cmnist_exp\ckpts\0268e00ec2b36c8905d74119a90e1e81_best.pkl,iro,0,1.0,0.2,0.2,accuracy,0.69154,0.7066,0.69154,0.69154,0.0,0.0,same_checkpoint_deployment_wide_lambda_oracle,
C:\Users\320257223\PycharmProjects\domain_gen_IL\results\cmnist_exp\ckpts\0268e00ec2b36c8905d74119a90e1e81_best.pkl,iro,0,1.0,0.3,0.2,accuracy,0.69154,0.7073,0.69024,0.69154,0.0013000000000000789,0.0013000000000000789,same_checkpoint_deployment_wide_lambda_oracle,
C:\Users\320257223\PycharmProjects\domain_gen_IL\results\cmnist_exp\ckpts\0268e00ec2b36c8905d74119a90e1e81_best.pkl,iro,0,1.0,0.4,0.2,accuracy,0.69154,0.7049,0.68902,0.69154,0.0025200000000000777,0.0025200000000000777,same_checkpoint_deployment_wide_lambda_oracle,
C:\Users\320257223\PycharmProjects\domain_gen_IL\results\cmnist_exp\ckpts\0268e00ec2b36c8905d74119a90e1e81_best.pkl,iro,0,1.0,0.5,0.2,accuracy,0.69154,0.7067,0.68982,0.69154,0.0017200000000000548,0.0017200000000000548,same_checkpoint_deployment_wide_lambda_oracle,
C:\Users\320257223\PycharmProjects\domain_gen_IL\results\cmnist_exp\ckpts\0268e00ec2b36c8905d74119a90e1e81_best.pkl,iro,0,1.0,0.6,0.2,accuracy,0.69154,0.707,0.68952,0.69154,0.0020200000000000218,0.0020200000000000218,same_checkpoint_deployment_wide_lambda_oracle,
C:\Users\320257223\PycharmProjects\domain_gen_IL\results\cmnist_exp\ckpts\0268e00ec2b36c8905d74119a90e1e81_best.pkl,iro,0,1.0,0.7,0.2,accuracy,0.69154,0.7068,0.69036,0.69154,0.0011800000000000699,0.0011800000000000699,same_checkpoint_deployment_wide_lambda_oracle,
C:\Users\320257223\PycharmProjects\domain_gen_IL\results\cmnist_exp\ckpts\0268e00ec2b36c8905d74119a90e1e81_best.pkl,iro,0,1.0,0.8,0.2,accuracy,0.69154,0.7072,0.69036,0.69154,0.0011800000000000699,0.0011800000000000699,same_checkpoint_deployment_wide_lambda_oracle,
C:\Users\320257223\PycharmProjects\domain_gen_IL\results\cmnist_exp\ckpts\0268e00ec2b36c8905d74119a90e1e81_best.pkl,iro,0,1.0,0.9,0.2,accuracy,0.69154,0.7087,0.69016,0.69154,0.0013800000000000479,0.0013800000000000479,same_checkpoint_deployment_wide_lambda_oracle,
C:\Users\320257223\PycharmProjects\domain_gen_IL\results\cmnist_exp\ckpts\0268e00ec2b36c8905d74119a90e1e81_best.pkl,iro,0,1.0,1.0,0.2,accuracy,0.69154,0.7098,0.6897599999999999,0.69154,0.0017800000000001148,0.0017800000000001148,same_checkpoint_deployment_wide_lambda_oracle,
C:\Users\320257223\PycharmProjects\domain_gen_IL\results\cmnist_exp\ckpts\09c6e2f547919223592ba676adeec8ab_best.pkl,inftask,0,0.0,0.0,0.8,accuracy,0.6863400000000001,0.8024,0.6544000000000001,0.6863400000000001,0.03193999999999997,0.03193999999999997,same_checkpoint_deployment_wide_lambda_oracle,
C:\Users\320257223\PycharmProjects\domain_gen_IL\results\cmnist_exp\ckpts\09c6e2f547919223592ba676adeec8ab_best.pkl,inftask,0,0.0,0.1,0.8,accuracy,0.6863400000000001,0.8093,0.6555,0.6863400000000001,0.03084000000000009,0.03084000000000009,same_checkpoint_deployment_wide_lambda_oracle,
C:\Users\320257223\PycharmProjects\domain_gen_IL\results\cmnist_exp\ckpts\09c6e2f547919223592ba676adeec8ab_best.pkl,inftask,0,0.0,0.2,0.8,accuracy,0.6863400000000001,0.7866,0.6571999999999999,0.6863400000000001,0.029140000000000166,0.029140000000000166,same_checkpoint_deployment_wide_lambda_oracle,
C:\Users\320257223\PycharmProjects\domain_gen_IL\results\cmnist_exp\ckpts\09c6e2f547919223592ba676adeec8ab_best.pkl,inftask,0,0.0,0.3,0.8,accuracy,0.6863400000000001,0.7607,0.66576,0.6863400000000001,0.020580000000000043,0.020580000000000043,same_checkpoint_deployment_wide_lambda_oracle,
C:\Users\320257223\PycharmProjects\domain_gen_IL\results\cmnist_exp\ckpts\09c6e2f547919223592ba676adeec8ab_best.pkl,inftask,0,0.0,0.4,0.8,accuracy,0.6863400000000001,0.7411,0.67278,0.6863400000000001,0.013560000000000016,0.013560000000000016,same_checkpoint_deployment_wide_lambda_oracle,
C:\Users\320257223\PycharmProjects\domain_gen_IL\results\cmnist_exp\ckpts\09c6e2f547919223592ba676adeec8ab_best.pkl,inftask,0,0.0,0.5,0.8,accuracy,0.6863400000000001,0.7181,0.6782600000000001,0.6863400000000001,0.008079999999999976,0.008079999999999976,same_checkpoint_deployment_wide_lambda_oracle,
C:\Users\320257223\PycharmProjects\domain_gen_IL\results\cmnist_exp\ckpts\09c6e2f547919223592ba676adeec8ab_best.pkl,inftask,0,0.0,0.6,0.8,accuracy,0.6863400000000001,0.7032,0.68232,0.6863400000000001,0.0040200000000000236,0.0040200000000000236,same_checkpoint_deployment_wide_lambda_oracle,
C:\Users\320257223\PycharmProjects\domain_gen_IL\results\cmnist_exp\ckpts\09c6e2f547919223592ba676adeec8ab_best.pkl,inftask,0,0.0,0.7,0.8,accuracy,0.6863400000000001,0.6938,0.68462,0.6863400000000001,0.0017200000000000548,0.0017200000000000548,same_checkpoint_deployment_wide_lambda_oracle,
C:\Users\320257223\PycharmProjects\domain_gen_IL\results\cmnist_exp\ckpts\09c6e2f547919223592ba676adeec8ab_best.pkl,inftask,0,0.0,0.8,0.8,accuracy,0.6863400000000001,0.6897,0.6863400000000001,0.6863400000000001,0.0,0.0,same_checkpoint_deployment_wide_lambda_oracle,
C:\Users\320257223\PycharmProjects\domain_gen_IL\results\cmnist_exp\ckpts\09c6e2f547919223592ba676adeec8ab_best.pkl,inftask,0,0.0,0.9,0.8,accuracy,0.6863400000000001,0.6872,0.6863,0.6863400000000001,4.0000000000040004e-05,4.0000000000040004e-05,same_checkpoint_deployment_wide_lambda_oracle,
C:\Users\320257223\PycharmProjects\domain_gen_IL\results\cmnist_exp\ckpts\09c6e2f547919223592ba676adeec8ab_best.pkl,inftask,0,0.0,1.0,0.8,accuracy,0.6863400000000001,0.6842,0.6859999999999999,0.6863400000000001,0.000340000000000118,0.000340000000000118,same_checkpoint_deployment_wide_lambda_oracle,
C:\Users\320257223\PycharmProjects\domain_gen_IL\results\cmnist_exp\ckpts\09c6e2f547919223592ba676adeec8ab_best.pkl,inftask,0,0.1,0.0,0.8,accuracy,0.6863400000000001,0.7728,0.6544000000000001,0.6863400000000001,0.03193999999999997,0.03193999999999997,same_checkpoint_deployment_wide_lambda_oracle,
C:\Users\320257223\PycharmProjects\domain_gen_IL\results\cmnist_exp\ckpts\09c6e2f547919223592ba676adeec8ab_best.pkl,inftask,0,0.1,0.1,0.8,accuracy,0.6863400000000001,0.7806,0.6555,0.6863400000000001,0.03084000000000009,0.03084000000000009,same_checkpoint_deployment_wide_lambda_oracle,
C:\Users\320257223\PycharmProjects\domain_gen_IL\results\cmnist_exp\ckpts\09c6e2f547919223592ba676adeec8ab_best.pkl,inftask,0,0.1,0.2,0.8,accuracy,0.6863400000000001,0.7614,0.6571999999999999,0.6863400000000001,0.029140000000000166,0.029140000000000166,same_checkpoint_deployment_wide_lambda_oracle,
C:\Users\320257223\PycharmProjects\domain_gen_IL\results\cmnist_exp\ckpts\09c6e2f547919223592ba676adeec8ab_best.pkl,inftask,0,0.1,0.3,0.8,accuracy,0.6863400000000001,0.7409,0.66576,0.6863400000000001,0.020580000000000043,0.020580000000000043,same_checkpoint_deployment_wide_lambda_oracle,
C:\Users\320257223\PycharmProjects\domain_gen_IL\results\cmnist_exp\ckpts\09c6e2f547919223592ba676adeec8ab_best.pkl,inftask,0,0.1,0.4,0.8,accuracy,0.6863400000000001,0.7248,0.67278,0.6863400000000001,0.013560000000000016,0.013560000000000016,same_checkpoint_deployment_wide_lambda_oracle,
C:\Users\320257223\PycharmProjects\domain_gen_IL\results\cmnist_exp\ckpts\09c6e2f547919223592ba676adeec8ab_best.pkl,inftask,0,0.1,0.5,0.8,accuracy,0.6863400000000001,0.7073,0.6782600000000001,0.6863400000000001,0.008079999999999976,0.008079999999999976,same_checkpoint_deployment_wide_lambda_oracle,
C:\Users\320257223\PycharmProjects\domain_gen_IL\results\cmnist_exp\ckpts\09c6e2f547919223592ba676adeec8ab_best.pkl,inftask,0,0.1,0.6,0.8,accuracy,0.6863400000000001,0.6965,0.68232,0.6863400000000001,0.0040200000000000236,0.0040200000000000236,same_checkpoint_deployment_wide_lambda_oracle,
C:\Users\320257223\PycharmProjects\domain_gen_IL\results\cmnist_exp\ckpts\09c6e2f547919223592ba676adeec8ab_best.pkl,inftask,0,0.1,0.7,0.8,accuracy,0.6863400000000001,0.6893,0.68462,0.6863400000000001,0.0017200000000000548,0.0017200000000000548,same_checkpoint_deployment_wide_lambda_oracle,
C:\Users\320257223\PycharmProjects\domain_gen_IL\results\cmnist_exp\ckpts\09c6e2f547919223592ba676adeec8ab_best.pkl,inftask,0,0.1,0.8,0.8,accuracy,0.6863400000000001,0.6864,0.6863400000000001,0.6863400000000001,0.0,0.0,same_checkpoint_deployment_wide_lambda_oracle,
C:\Users\320257223\PycharmProjects\domain_gen_IL\results\cmnist_exp\ckpts\09c6e2f547919223592ba676adeec8ab_best.pkl,inftask,0,0.1,0.9,0.8,accuracy,0.6863400000000001,0.6844,0.6863,0.6863400000000001,4.0000000000040004e-05,4.0000000000040004e-05,same_checkpoint_deployment_wide_lambda_oracle,
C:\Users\320257223\PycharmProjects\domain_gen_IL\results\cmnist_exp\ckpts\09c6e2f547919223592ba676adeec8ab_best.pkl,inftask,0,0.1,1.0,0.8,accuracy,0.6863400000000001,0.6821,0.6859999999999999,0.6863400000000001,0.000340000000000118,0.000340000000000118,same_checkpoint_deployment_wide_lambda_oracle,
C:\Users\320257223\PycharmProjects\domain_gen_IL\results\cmnist_exp\ckpts\09c6e2f547919223592ba676adeec8ab_best.pkl,inftask,0,0.5,0.0,0.8,accuracy,0.6863400000000001,0.6569,0.6544000000000001,0.6863400000000001,0.03193999999999997,0.03193999999999997,same_checkpoint_deployment_wide_lambda_oracle,
C:\Users\320257223\PycharmProjects\domain_gen_IL\results\cmnist_exp\ckpts\09c6e2f547919223592ba676adeec8ab_best.pkl,inftask,0,0.5,0.1,0.8,accuracy,0.6863400000000001,0.659,0.6555,0.6863400000000001,0.03084000000000009,0.03084000000000009,same_checkpoint_deployment_wide_lambda_oracle,
C:\Users\320257223\PycharmProjects\domain_gen_IL\results\cmnist_exp\ckpts\09c6e2f547919223592ba676adeec8ab_best.pkl,inftask,0,0.5,0.2,0.8,accuracy,0.6863400000000001,0.6636,0.6571999999999999,0.6863400000000001,0.029140000000000166,0.029140000000000166,same_checkpoint_deployment_wide_lambda_oracle,
C:\Users\320257223\PycharmProjects\domain_gen_IL\results\cmnist_exp\ckpts\09c6e2f547919223592ba676adeec8ab_best.pkl,inftask,0,0.5,0.3,0.8,accuracy,0.6863400000000001,0.6706,0.66576,0.6863400000000001,0.020580000000000043,0.020580000000000043,same_checkpoint_deployment_wide_lambda_oracle,
C:\Users\320257223\PycharmProjects\domain_gen_IL\results\cmnist_exp\ckpts\09c6e2f547919223592ba676adeec8ab_best.pkl,inftask,0,0.5,0.4,0.8,accuracy,0.6863400000000001,0.6758,0.67278,0.6863400000000001,0.013560000000000016,0.013560000000000016,same_checkpoint_deployment_wide_lambda_oracle,
C:\Users\320257223\PycharmProjects\domain_gen_IL\results\cmnist_exp\ckpts\09c6e2f547919223592ba676adeec8ab_best.pkl,inftask,0,0.5,0.5,0.8,accuracy,0.6863400000000001,0.6805,0.6782600000000001,0.6863400000000001,0.008079999999999976,0.008079999999999976,same_checkpoint_deployment_wide_lambda_oracle,
C:\Users\320257223\PycharmProjects\domain_gen_IL\results\cmnist_exp\ckpts\09c6e2f547919223592ba676adeec8ab_best.pkl,inftask,0,0.5,0.6,0.8,accuracy,0.6863400000000001,0.6845,0.68232,0.6863400000000001,0.0040200000000000236,0.0040200000000000236,same_checkpoint_deployment_wide_lambda_oracle,
C:\Users\320257223\PycharmProjects\domain_gen_IL\results\cmnist_exp\ckpts\09c6e2f547919223592ba676adeec8ab_best.pkl,inftask,0,0.5,0.7,0.8,accuracy,0.6863400000000001,0.6869,0.68462,0.6863400000000001,0.0017200000000000548,0.0017200000000000548,same_checkpoint_deployment_wide_lambda_oracle,
C:\Users\320257223\PycharmProjects\domain_gen_IL\results\cmnist_exp\ckpts\09c6e2f547919223592ba676adeec8ab_best.pkl,inftask,0,0.5,0.8,0.8,accuracy,0.6863400000000001,0.6884,0.6863400000000001,0.6863400000000001,0.0,0.0,same_checkpoint_deployment_wide_lambda_oracle,
C:\Users\320257223\PycharmProjects\domain_gen_IL\results\cmnist_exp\ckpts\09c6e2f547919223592ba676adeec8ab_best.pkl,inftask,0,0.5,0.9,0.8,accuracy,0.6863400000000001,0.6881,0.6863,0.6863400000000001,4.0000000000040004e-05,4.0000000000040004e-05,same_checkpoint_deployment_wide_lambda_oracle,
C:\Users\320257223\PycharmProjects\domain_gen_IL\results\cmnist_exp\ckpts\09c6e2f547919223592ba676adeec8ab_best.pkl,inftask,0,0.5,1.0,0.8,accuracy,0.6863400000000001,0.6869,0.6859999999999999,0.6863400000000001,0.000340000000000118,0.000340000000000118,same_checkpoint_deployment_wide_lambda_oracle,
C:\Users\320257223\PycharmProjects\domain_gen_IL\results\cmnist_exp\ckpts\09c6e2f547919223592ba676adeec8ab_best.pkl,inftask,0,0.9,0.0,0.8,accuracy,0.6863400000000001,0.5365,0.6544000000000001,0.6863400000000001,0.03193999999999997,0.03193999999999997,same_checkpoint_deployment_wide_lambda_oracle,
C:\Users\320257223\PycharmProjects\domain_gen_IL\results\cmnist_exp\ckpts\09c6e2f547919223592ba676adeec8ab_best.pkl,inftask,0,0.9,0.1,0.8,accuracy,0.6863400000000001,0.5302,0.6555,0.6863400000000001,0.03084000000000009,0.03084000000000009,same_checkpoint_deployment_wide_lambda_oracle,
C:\Users\320257223\PycharmProjects\domain_gen_IL\results\cmnist_exp\ckpts\09c6e2f547919223592ba676adeec8ab_best.pkl,inftask,0,0.9,0.2,0.8,accuracy,0.6863400000000001,0.5498,0.6571999999999999,0.6863400000000001,0.029140000000000166,0.029140000000000166,same_checkpoint_deployment_wide_lambda_oracle,
C:\Users\320257223\PycharmProjects\domain_gen_IL\results\cmnist_exp\ckpts\09c6e2f547919223592ba676adeec8ab_best.pkl,inftask,0,0.9,0.3,0.8,accuracy,0.6863400000000001,0.5882,0.66576,0.6863400000000001,0.020580000000000043,0.020580000000000043,same_checkpoint_deployment_wide_lambda_oracle,
C:\Users\320257223\PycharmProjects\domain_gen_IL\results\cmnist_exp\ckpts\09c6e2f547919223592ba676adeec8ab_best.pkl,inftask,0,0.9,0.4,0.8,accuracy,0.6863400000000001,0.6176,0.67278,0.6863400000000001,0.013560000000000016,0.013560000000000016,same_checkpoint_deployment_wide_lambda_oracle,
C:\Users\320257223\PycharmProjects\domain_gen_IL\results\cmnist_exp\ckpts\09c6e2f547919223592ba676adeec8ab_best.pkl,inftask,0,0.9,0.5,0.8,accuracy,0.6863400000000001,0.6468,0.6782600000000001,0.6863400000000001,0.008079999999999976,0.008079999999999976,same_checkpoint_deployment_wide_lambda_oracle,
C:\Users\320257223\PycharmProjects\domain_gen_IL\results\cmnist_exp\ckpts\09c6e2f547919223592ba676adeec8ab_best.pkl,inftask,0,0.9,0.6,0.8,accuracy,0.6863400000000001,0.666,0.68232,0.6863400000000001,0.0040200000000000236,0.0040200000000000236,same_checkpoint_deployment_wide_lambda_oracle,
C:\Users\320257223\PycharmProjects\domain_gen_IL\results\cmnist_exp\ckpts\09c6e2f547919223592ba676adeec8ab_best.pkl,inftask,0,0.9,0.7,0.8,accuracy,0.6863400000000001,0.6779,0.68462,0.6863400000000001,0.0017200000000000548,0.0017200000000000548,same_checkpoint_deployment_wide_lambda_oracle,
C:\Users\320257223\PycharmProjects\domain_gen_IL\results\cmnist_exp\ckpts\09c6e2f547919223592ba676adeec8ab_best.pkl,inftask,0,0.9,0.8,0.8,accuracy,0.6863400000000001,0.6845,0.6863400000000001,0.6863400000000001,0.0,0.0,same_checkpoint_deployment_wide_lambda_oracle,
C:\Users\320257223\PycharmProjects\domain_gen_IL\results\cmnist_exp\ckpts\09c6e2f547919223592ba676adeec8ab_best.pkl,inftask,0,0.9,0.9,0.8,accuracy,0.6863400000000001,0.6866,0.6863,0.6863400000000001,4.0000000000040004e-05,4.0000000000040004e-05,same_checkpoint_deployment_wide_lambda_oracle,
C:\Users\320257223\PycharmProjects\domain_gen_IL\results\cmnist_exp\ckpts\09c6e2f547919223592ba676adeec8ab_best.pkl,inftask,0,0.9,1.0,0.8,accuracy,0.6863400000000001,0.689,0.6859999999999999,0.6863400000000001,0.000340000000000118,0.000340000000000118,same_checkpoint_deployment_wide_lambda_oracle,
C:\Users\320257223\PycharmProjects\domain_gen_IL\results\cmnist_exp\ckpts\09c6e2f547919223592ba676adeec8ab_best.pkl,inftask,0,1.0,0.0,0.8,accuracy,0.6863400000000001,0.5034,0.6544000000000001,0.6863400000000001,0.03193999999999997,0.03193999999999997,same_checkpoint_deployment_wide_lambda_oracle,
C:\Users\320257223\PycharmProjects\domain_gen_IL\results\cmnist_exp\ckpts\09c6e2f547919223592ba676adeec8ab_best.pkl,inftask,0,1.0,0.1,0.8,accuracy,0.6863400000000001,0.4984,0.6555,0.6863400000000001,0.03084000000000009,0.03084000000000009,same_checkpoint_deployment_wide_lambda_oracle,
C:\Users\320257223\PycharmProjects\domain_gen_IL\results\cmnist_exp\ckpts\09c6e2f547919223592ba676adeec8ab_best.pkl,inftask,0,1.0,0.2,0.8,accuracy,0.6863400000000001,0.5246,0.6571999999999999,0.6863400000000001,0.029140000000000166,0.029140000000000166,same_checkpoint_deployment_wide_lambda_oracle,
C:\Users\320257223\PycharmProjects\domain_gen_IL\results\cmnist_exp\ckpts\09c6e2f547919223592ba676adeec8ab_best.pkl,inftask,0,1.0,0.3,0.8,accuracy,0.6863400000000001,0.5684,0.66576,0.6863400000000001,0.020580000000000043,0.020580000000000043,same_checkpoint_deployment_wide_lambda_oracle,
C:\Users\320257223\PycharmProjects\domain_gen_IL\results\cmnist_exp\ckpts\09c6e2f547919223592ba676adeec8ab_best.pkl,inftask,0,1.0,0.4,0.8,accuracy,0.6863400000000001,0.6046,0.67278,0.6863400000000001,0.013560000000000016,0.013560000000000016,same_checkpoint_deployment_wide_lambda_oracle,
C:\Users\320257223\PycharmProjects\domain_gen_IL\results\cmnist_exp\ckpts\09c6e2f547919223592ba676adeec8ab_best.pkl,inftask,0,1.0,0.5,0.8,accuracy,0.6863400000000001,0.6386,0.6782600000000001,0.6863400000000001,0.008079999999999976,0.008079999999999976,same_checkpoint_deployment_wide_lambda_oracle,
C:\Users\320257223\PycharmProjects\domain_gen_IL\results\cmnist_exp\ckpts\09c6e2f547919223592ba676adeec8ab_best.pkl,inftask,0,1.0,0.6,0.8,accuracy,0.6863400000000001,0.6614,0.68232,0.6863400000000001,0.0040200000000000236,0.0040200000000000236,same_checkpoint_deployment_wide_lambda_oracle,
C:\Users\320257223\PycharmProjects\domain_gen_IL\results\cmnist_exp\ckpts\09c6e2f547919223592ba676adeec8ab_best.pkl,inftask,0,1.0,0.7,0.8,accuracy,0.6863400000000001,0.6752,0.68462,0.6863400000000001,0.0017200000000000548,0.0017200000000000548,same_checkpoint_deployment_wide_lambda_oracle,
C:\Users\320257223\PycharmProjects\domain_gen_IL\results\cmnist_exp\ckpts\09c6e2f547919223592ba676adeec8ab_best.pkl,inftask,0,1.0,0.8,0.8,accuracy,0.6863400000000001,0.6827,0.6863400000000001,0.6863400000000001,0.0,0.0,same_checkpoint_deployment_wide_lambda_oracle,
C:\Users\320257223\PycharmProjects\domain_gen_IL\results\cmnist_exp\ckpts\09c6e2f547919223592ba676adeec8ab_best.pkl,inftask,0,1.0,0.9,0.8,accuracy,0.6863400000000001,0.6852,0.6863,0.6863400000000001,4.0000000000040004e-05,4.0000000000040004e-05,same_checkpoint_deployment_wide_lambda_oracle,
C:\Users\320257223\PycharmProjects\domain_gen_IL\results\cmnist_exp\ckpts\09c6e2f547919223592ba676adeec8ab_best.pkl,inftask,0,1.0,1.0,0.8,accuracy,0.6863400000000001,0.6878,0.6859999999999999,0.6863400000000001,0.000340000000000118,0.000340000000000118,same_checkpoint_deployment_wide_lambda_oracle,
