algorithm,condition,group_by,metric,records,mean_ok,std_ok,actual_mean,summary_mean,actual_std,summary_std
erm,2,n_train_domains,worst_domain_acc_final,5,True,True,0.68836,0.6883600000000001,0.005472476587432802,0.0054724765874328
erm,2,n_train_domains,avg_domain_acc_final,5,True,True,0.697530909090909,0.6975309090909091,0.004351363422694491,0.004351363422694493
erm,2,n_train_domains,best_domain_acc_final,5,True,True,0.7060000000000001,0.7060000000000001,0.0056519907997094245,0.005651990799709425
groupdro,2,n_train_domains,worst_domain_acc_final,5,True,True,0.6866,0.6866,0.005443803817185188,0.005443803817185199
groupdro,2,n_train_domains,avg_domain_acc_final,5,True,True,0.6955654545454546,0.6955654545454546,0.004425949027427726,0.004425949027427702
groupdro,2,n_train_domains,best_domain_acc_final,5,True,True,0.70344,0.70344,0.006393981545172007,0.006393981545172028
inftask,2,n_train_domains,worst_domain_acc_final,5,True,True,0.67422,0.67422,0.00963779020315342,0.00963779020315342
inftask,2,n_train_domains,avg_domain_acc_final,5,True,True,0.6859672727272728,0.6859672727272728,0.011055464226173359,0.01105546422617336
inftask,2,n_train_domains,best_domain_acc_final,5,True,True,0.69532,0.6953199999999999,0.012436116757251835,0.012436116757251842
irm,2,n_train_domains,worst_domain_acc_final,5,True,True,0.71106,0.71106,0.0027382476148076758,0.0027382476148077053
irm,2,n_train_domains,avg_domain_acc_final,5,True,True,0.7182963636363636,0.7182963636363636,0.0025436080965354014,0.0025436080965353866
irm,2,n_train_domains,best_domain_acc_final,5,True,True,0.72546,0.72546,0.0047066973558961755,0.004706697355896174
iro,2,n_train_domains,worst_domain_acc_final,5,True,True,0.67508,0.67508,0.010628828721924171,0.010628828721924138
iro,2,n_train_domains,avg_domain_acc_final,5,True,True,0.6863109090909092,0.6863109090909092,0.01043385977249392,0.010433859772493958
iro,2,n_train_domains,best_domain_acc_final,5,True,True,0.6981200000000001,0.6981200000000001,0.01021944225483954,0.010219442254839497
erm,4,n_train_domains,worst_domain_acc_final,5,True,True,0.6266,0.6266,0.008549268974596588,0.008549268974596593
erm,4,n_train_domains,avg_domain_acc_final,5,True,True,0.6898545454545454,0.6898545454545454,0.0013164565512160554,0.0013164565512160742
erm,4,n_train_domains,best_domain_acc_final,5,True,True,0.7541,0.7541,0.004406245567373642,0.00440624556737367
groupdro,4,n_train_domains,worst_domain_acc_final,5,True,True,0.66552,0.66552,0.006899782605270954,0.0068997826052708995
groupdro,4,n_train_domains,avg_domain_acc_final,5,True,True,0.6930290909090909,0.6930290909090908,0.0011073458701024333,0.001107345870102426
groupdro,4,n_train_domains,best_domain_acc_final,5,True,True,0.7205999999999999,0.7205999999999999,0.0035163901945034636,0.0035163901945034657
inftask,4,n_train_domains,worst_domain_acc_final,5,True,True,0.6772799999999999,0.67728,0.011422215196712077,0.011422215196712073
inftask,4,n_train_domains,avg_domain_acc_final,5,True,True,0.688189090909091,0.688189090909091,0.007317951436238171,0.007317951436238178
inftask,4,n_train_domains,best_domain_acc_final,5,True,True,0.69836,0.69836,0.006958304391157354,0.006958304391157355
irm,4,n_train_domains,worst_domain_acc_final,5,True,True,0.71036,0.71036,0.004064849320700548,0.0040648493207005535
irm,4,n_train_domains,avg_domain_acc_final,5,True,True,0.7182763636363636,0.7182763636363636,0.0013343150655729123,0.0013343150655729186
irm,4,n_train_domains,best_domain_acc_final,5,True,True,0.72486,0.72486,0.00273733446988122,0.0027373344698812065
iro,4,n_train_domains,worst_domain_acc_final,5,True,True,0.67904,0.67904,0.009137176806869828,0.009137176806869821
iro,4,n_train_domains,avg_domain_acc_final,5,True,True,0.6897581818181819,0.6897581818181818,0.00817300687154454,0.008173006871544538
iro,4,n_train_domains,best_domain_acc_final,5,True,True,0.70112,0.7011200000000001,0.01007457195120466,0.010074571951204626
erm,6,n_train_domains,worst_domain_acc_final,5,True,True,0.6499599999999999,0.64996,0.006792127796206455,0.006792127796206461
erm,6,n_train_domains,avg_domain_acc_final,5,True,True,0.6935890909090909,0.6935890909090909,0.00120706255016047,0.0012070625501604518
erm,6,n_train_domains,best_domain_acc_final,5,True,True,0.7362,0.7362,0.005817645571878735,0.005817645571878718
groupdro,6,n_train_domains,worst_domain_acc_final,5,True,True,0.67102,0.6710200000000001,0.008384628793214405,0.008384628793214418
groupdro,6,n_train_domains,avg_domain_acc_final,5,True,True,0.6938781818181818,0.6938781818181818,0.0026106868732985616,0.0026106868732985685
groupdro,6,n_train_domains,best_domain_acc_final,5,True,True,0.7158,0.7158,0.005943483826847664,0.005943483826847656
inftask,6,n_train_domains,worst_domain_acc_final,5,True,True,0.67496,0.67496,0.007188393422733625,0.007188393422733644
inftask,6,n_train_domains,avg_domain_acc_final,5,True,True,0.6860127272727272,0.6860127272727273,0.005504906151383349,0.005504906151383322
inftask,6,n_train_domains,best_domain_acc_final,5,True,True,0.69648,0.69648,0.003694861296449396,0.0036948612964494013
irm,6,n_train_domains,worst_domain_acc_final,5,True,True,0.70682,0.70682,0.0065434700274395845,0.006543470027439593
irm,6,n_train_domains,avg_domain_acc_final,5,True,True,0.7177600000000002,0.7177600000000001,0.0017321533915623285,0.001732153391562336
irm,6,n_train_domains,best_domain_acc_final,5,True,True,0.7275799999999999,0.72758,0.0029844597501055264,0.0029844597501055767
iro,6,n_train_domains,worst_domain_acc_final,5,True,True,0.67914,0.6791400000000001,0.006278773765632901,0.006278773765632898
iro,6,n_train_domains,avg_domain_acc_final,5,True,True,0.6889054545454545,0.6889054545454545,0.006742616408565604,0.006742616408565618
iro,6,n_train_domains,best_domain_acc_final,5,True,True,0.69924,0.69924,0.006462816723380003,0.00646281672338006
erm,8,n_train_domains,worst_domain_acc_final,5,True,True,0.68842,0.68842,0.004297906467106962,0.004297906467106965
erm,8,n_train_domains,avg_domain_acc_final,5,True,True,0.69662,0.69662,0.0012868598464723948,0.0012868598464723857
erm,8,n_train_domains,best_domain_acc_final,5,True,True,0.70534,0.70534,0.0026538651058409263,0.0026538651058409064
groupdro,8,n_train_domains,worst_domain_acc_final,5,True,True,0.68774,0.68774,0.0030972568508278535,0.003097256850827864
groupdro,8,n_train_domains,avg_domain_acc_final,5,True,True,0.6958327272727273,0.6958327272727273,0.0012364070847980203,0.0012364070847980207
groupdro,8,n_train_domains,best_domain_acc_final,5,True,True,0.7037199999999999,0.70372,0.0021487205495363823,0.0021487205495363607
inftask,8,n_train_domains,worst_domain_acc_final,5,True,True,0.6795199999999999,0.6795199999999999,0.009655412989613643,0.009655412989613638
inftask,8,n_train_domains,avg_domain_acc_final,5,True,True,0.68846,0.68846,0.009869626584912895,0.009869626584912866
inftask,8,n_train_domains,best_domain_acc_final,5,True,True,0.6974,0.6974,0.009477077608630197,0.009477077608630199
irm,8,n_train_domains,worst_domain_acc_final,5,True,True,0.70726,0.70726,0.00251753848034145,0.0025175384803414382
irm,8,n_train_domains,avg_domain_acc_final,5,True,True,0.7157363636363636,0.7157363636363636,0.0009519662123318394,0.0009519662123318378
irm,8,n_train_domains,best_domain_acc_final,5,True,True,0.72388,0.7238800000000001,0.002384743172754656,0.0023847431727546907
iro,8,n_train_domains,worst_domain_acc_final,5,True,True,0.6856,0.6856,0.008114185110040317,0.00811418511004032
iro,8,n_train_domains,avg_domain_acc_final,5,True,True,0.6918018181818181,0.6918018181818182,0.008852457752763583,0.008852457752763563
iro,8,n_train_domains,best_domain_acc_final,5,True,True,0.69954,0.69954,0.010451698426571617,0.010451698426571641
